<?xml version="1.0" encoding="utf-8"?>
<gpx version="1.1" creator="ThinkGeo HowDoI sample - trails from the City of Frisco hike and bike shapefile" xmlns="http://www.topografix.com/GPX/1/1">
  <trk>
    <name>Trail 1</name>
    <trkseg>
      <trkpt lat="33.189768" lon="-96.846331" />
      <trkpt lat="33.189669" lon="-96.846332" />
      <trkpt lat="33.183024" lon="-96.846438" />
      <trkpt lat="33.182440" lon="-96.846447" />
      <trkpt lat="33.181878" lon="-96.846481" />
      <trkpt lat="33.178496" lon="-96.846539" />
      <trkpt lat="33.178395" lon="-96.846541" />
      <trkpt lat="33.177247" lon="-96.846559" />
      <trkpt lat="33.176705" lon="-96.846545" />
      <trkpt lat="33.175234" lon="-96.846568" />
      <trkpt lat="33.175228" lon="-96.846568" />
      <trkpt lat="33.174618" lon="-96.846582" />
      <trkpt lat="33.174118" lon="-96.846620" />
      <trkpt lat="33.173666" lon="-96.846707" />
      <trkpt lat="33.173409" lon="-96.846782" />
      <trkpt lat="33.173366" lon="-96.846795" />
      <trkpt lat="33.173274" lon="-96.846832" />
      <trkpt lat="33.173227" lon="-96.846850" />
      <trkpt lat="33.172763" lon="-96.847034" />
      <trkpt lat="33.172521" lon="-96.847155" />
      <trkpt lat="33.172118" lon="-96.847393" />
      <trkpt lat="33.171825" lon="-96.847592" />
      <trkpt lat="33.171238" lon="-96.848038" />
      <trkpt lat="33.171143" lon="-96.848107" />
      <trkpt lat="33.171138" lon="-96.848111" />
      <trkpt lat="33.171045" lon="-96.848176" />
      <trkpt lat="33.170608" lon="-96.848464" />
      <trkpt lat="33.170040" lon="-96.848763" />
      <trkpt lat="33.169487" lon="-96.848967" />
      <trkpt lat="33.169239" lon="-96.849034" />
      <trkpt lat="33.169036" lon="-96.849074" />
      <trkpt lat="33.168843" lon="-96.849105" />
      <trkpt lat="33.168380" lon="-96.849129" />
      <trkpt lat="33.165654" lon="-96.849108" />
      <trkpt lat="33.165583" lon="-96.849106" />
      <trkpt lat="33.165581" lon="-96.849107" />
      <trkpt lat="33.165503" lon="-96.849108" />
      <trkpt lat="33.162475" lon="-96.849089" />
      <trkpt lat="33.162474" lon="-96.849089" />
      <trkpt lat="33.162325" lon="-96.849088" />
      <trkpt lat="33.162322" lon="-96.849087" />
      <trkpt lat="33.160438" lon="-96.849075" />
      <trkpt lat="33.160168" lon="-96.849053" />
      <trkpt lat="33.159960" lon="-96.849020" />
      <trkpt lat="33.159542" lon="-96.848912" />
      <trkpt lat="33.159335" lon="-96.848835" />
      <trkpt lat="33.158381" lon="-96.848373" />
      <trkpt lat="33.158299" lon="-96.848333" />
      <trkpt lat="33.157948" lon="-96.848164" />
      <trkpt lat="33.157775" lon="-96.848095" />
      <trkpt lat="33.157583" lon="-96.848029" />
      <trkpt lat="33.157245" lon="-96.847947" />
      <trkpt lat="33.156818" lon="-96.847893" />
      <trkpt lat="33.155862" lon="-96.847891" />
      <trkpt lat="33.153274" lon="-96.847903" />
      <trkpt lat="33.153248" lon="-96.847903" />
      <trkpt lat="33.153019" lon="-96.847913" />
      <trkpt lat="33.152790" lon="-96.847922" />
      <trkpt lat="33.152765" lon="-96.847923" />
      <trkpt lat="33.151762" lon="-96.847938" />
      <trkpt lat="33.150890" lon="-96.847947" />
      <trkpt lat="33.145893" lon="-96.847996" />
      <trkpt lat="33.145891" lon="-96.847995" />
      <trkpt lat="33.145829" lon="-96.847996" />
      <trkpt lat="33.145765" lon="-96.847996" />
      <trkpt lat="33.143930" lon="-96.848013" />
      <trkpt lat="33.142344" lon="-96.848029" />
      <trkpt lat="33.142097" lon="-96.848041" />
      <trkpt lat="33.141884" lon="-96.848071" />
      <trkpt lat="33.141683" lon="-96.848119" />
      <trkpt lat="33.141206" lon="-96.848297" />
      <trkpt lat="33.140932" lon="-96.848383" />
      <trkpt lat="33.140688" lon="-96.848430" />
      <trkpt lat="33.140331" lon="-96.848452" />
      <trkpt lat="33.138543" lon="-96.848468" />
      <trkpt lat="33.136703" lon="-96.848486" />
      <trkpt lat="33.136700" lon="-96.848485" />
      <trkpt lat="33.134707" lon="-96.848500" />
      <trkpt lat="33.134064" lon="-96.848539" />
      <trkpt lat="33.132842" lon="-96.848550" />
      <trkpt lat="33.132829" lon="-96.848550" />
      <trkpt lat="33.132738" lon="-96.848548" />
      <trkpt lat="33.132642" lon="-96.848545" />
      <trkpt lat="33.132220" lon="-96.848543" />
      <trkpt lat="33.132012" lon="-96.848524" />
      <trkpt lat="33.131727" lon="-96.848474" />
      <trkpt lat="33.131448" lon="-96.848407" />
      <trkpt lat="33.130988" lon="-96.848237" />
      <trkpt lat="33.130454" lon="-96.847967" />
      <trkpt lat="33.130215" lon="-96.847862" />
      <trkpt lat="33.129984" lon="-96.847781" />
      <trkpt lat="33.129706" lon="-96.847715" />
      <trkpt lat="33.129381" lon="-96.847668" />
      <trkpt lat="33.128807" lon="-96.847647" />
      <trkpt lat="33.128422" lon="-96.847700" />
      <trkpt lat="33.128074" lon="-96.847787" />
      <trkpt lat="33.128034" lon="-96.847798" />
      <trkpt lat="33.127378" lon="-96.847969" />
      <trkpt lat="33.127103" lon="-96.848022" />
      <trkpt lat="33.126916" lon="-96.848040" />
      <trkpt lat="33.125877" lon="-96.848043" />
      <trkpt lat="33.125632" lon="-96.848035" />
      <trkpt lat="33.125309" lon="-96.848001" />
      <trkpt lat="33.125051" lon="-96.847948" />
      <trkpt lat="33.124859" lon="-96.847895" />
      <trkpt lat="33.124417" lon="-96.847724" />
      <trkpt lat="33.123754" lon="-96.847391" />
      <trkpt lat="33.123524" lon="-96.847247" />
      <trkpt lat="33.123369" lon="-96.847124" />
      <trkpt lat="33.123356" lon="-96.847113" />
      <trkpt lat="33.122972" lon="-96.846792" />
      <trkpt lat="33.122885" lon="-96.846707" />
      <trkpt lat="33.122858" lon="-96.846680" />
      <trkpt lat="33.122624" lon="-96.846435" />
      <trkpt lat="33.122490" lon="-96.846268" />
      <trkpt lat="33.122340" lon="-96.846052" />
      <trkpt lat="33.122042" lon="-96.845562" />
      <trkpt lat="33.121787" lon="-96.845059" />
      <trkpt lat="33.121513" lon="-96.844431" />
      <trkpt lat="33.121278" lon="-96.844007" />
      <trkpt lat="33.121078" lon="-96.843720" />
      <trkpt lat="33.120892" lon="-96.843522" />
      <trkpt lat="33.120670" lon="-96.843321" />
      <trkpt lat="33.120227" lon="-96.842982" />
      <trkpt lat="33.119881" lon="-96.842636" />
      <trkpt lat="33.119632" lon="-96.842296" />
      <trkpt lat="33.119481" lon="-96.842037" />
      <trkpt lat="33.119241" lon="-96.841516" />
      <trkpt lat="33.119111" lon="-96.841266" />
      <trkpt lat="33.119039" lon="-96.841134" />
      <trkpt lat="33.118868" lon="-96.840850" />
      <trkpt lat="33.118643" lon="-96.840562" />
      <trkpt lat="33.118337" lon="-96.840301" />
      <trkpt lat="33.118252" lon="-96.840234" />
      <trkpt lat="33.118208" lon="-96.840203" />
      <trkpt lat="33.118125" lon="-96.840152" />
      <trkpt lat="33.117628" lon="-96.839906" />
      <trkpt lat="33.117349" lon="-96.839805" />
      <trkpt lat="33.117199" lon="-96.839764" />
      <trkpt lat="33.116989" lon="-96.839730" />
      <trkpt lat="33.116651" lon="-96.839709" />
      <trkpt lat="33.116641" lon="-96.839709" />
      <trkpt lat="33.116552" lon="-96.839711" />
      <trkpt lat="33.116464" lon="-96.839713" />
      <trkpt lat="33.116454" lon="-96.839713" />
      <trkpt lat="33.115261" lon="-96.839728" />
      <trkpt lat="33.114735" lon="-96.839695" />
      <trkpt lat="33.114295" lon="-96.839620" />
      <trkpt lat="33.113759" lon="-96.839508" />
      <trkpt lat="33.113360" lon="-96.839448" />
      <trkpt lat="33.112762" lon="-96.839442" />
      <trkpt lat="33.112403" lon="-96.839485" />
      <trkpt lat="33.112376" lon="-96.839491" />
      <trkpt lat="33.112283" lon="-96.839508" />
      <trkpt lat="33.112264" lon="-96.839512" />
      <trkpt lat="33.111903" lon="-96.839588" />
      <trkpt lat="33.111585" lon="-96.839674" />
      <trkpt lat="33.111105" lon="-96.839857" />
      <trkpt lat="33.110860" lon="-96.839978" />
      <trkpt lat="33.110568" lon="-96.840143" />
      <trkpt lat="33.109862" lon="-96.840605" />
      <trkpt lat="33.109765" lon="-96.840666" />
      <trkpt lat="33.109764" lon="-96.840667" />
      <trkpt lat="33.109667" lon="-96.840722" />
      <trkpt lat="33.109164" lon="-96.840989" />
      <trkpt lat="33.108760" lon="-96.841140" />
      <trkpt lat="33.108277" lon="-96.841298" />
      <trkpt lat="33.107956" lon="-96.841376" />
      <trkpt lat="33.107493" lon="-96.841467" />
      <trkpt lat="33.107224" lon="-96.841496" />
      <trkpt lat="33.106938" lon="-96.841496" />
      <trkpt lat="33.106835" lon="-96.841497" />
    </trkseg>
  </trk>
  <trk>
    <name>Trail 2</name>
    <trkseg>
      <trkpt lat="33.116552" lon="-96.839711" />
      <trkpt lat="33.116549" lon="-96.839826" />
      <trkpt lat="33.116549" lon="-96.839831" />
      <trkpt lat="33.116530" lon="-96.840116" />
      <trkpt lat="33.116483" lon="-96.840417" />
      <trkpt lat="33.116423" lon="-96.840684" />
      <trkpt lat="33.116304" lon="-96.841043" />
      <trkpt lat="33.115368" lon="-96.843122" />
      <trkpt lat="33.115320" lon="-96.843227" />
      <trkpt lat="33.115298" lon="-96.843277" />
      <trkpt lat="33.115254" lon="-96.843379" />
      <trkpt lat="33.115146" lon="-96.843660" />
      <trkpt lat="33.115070" lon="-96.843916" />
      <trkpt lat="33.115011" lon="-96.844193" />
      <trkpt lat="33.114964" lon="-96.844519" />
      <trkpt lat="33.114944" lon="-96.844929" />
      <trkpt lat="33.114954" lon="-96.846606" />
      <trkpt lat="33.114954" lon="-96.846609" />
      <trkpt lat="33.114955" lon="-96.846703" />
      <trkpt lat="33.114956" lon="-96.846785" />
      <trkpt lat="33.114958" lon="-96.846785" />
      <trkpt lat="33.115015" lon="-96.851489" />
      <trkpt lat="33.115015" lon="-96.851491" />
      <trkpt lat="33.115015" lon="-96.851560" />
      <trkpt lat="33.115015" lon="-96.851652" />
      <trkpt lat="33.115015" lon="-96.851652" />
      <trkpt lat="33.115007" lon="-96.852565" />
      <trkpt lat="33.115024" lon="-96.854594" />
      <trkpt lat="33.115024" lon="-96.854596" />
      <trkpt lat="33.115026" lon="-96.854752" />
      <trkpt lat="33.115025" lon="-96.854755" />
      <trkpt lat="33.115041" lon="-96.855961" />
      <trkpt lat="33.115049" lon="-96.856607" />
      <trkpt lat="33.115055" lon="-96.856772" />
      <trkpt lat="33.115066" lon="-96.856936" />
      <trkpt lat="33.115082" lon="-96.857100" />
      <trkpt lat="33.115104" lon="-96.857263" />
      <trkpt lat="33.115131" lon="-96.857425" />
      <trkpt lat="33.115181" lon="-96.857696" />
      <trkpt lat="33.115243" lon="-96.857969" />
      <trkpt lat="33.115292" lon="-96.858145" />
      <trkpt lat="33.115357" lon="-96.858343" />
      <trkpt lat="33.115430" lon="-96.858538" />
      <trkpt lat="33.115492" lon="-96.858687" />
      <trkpt lat="33.115531" lon="-96.858775" />
      <trkpt lat="33.115584" lon="-96.858891" />
      <trkpt lat="33.115648" lon="-96.859020" />
      <trkpt lat="33.115702" lon="-96.859121" />
      <trkpt lat="33.115766" lon="-96.859234" />
      <trkpt lat="33.115847" lon="-96.859367" />
      <trkpt lat="33.115930" lon="-96.859497" />
      <trkpt lat="33.116021" lon="-96.859630" />
      <trkpt lat="33.116158" lon="-96.859813" />
      <trkpt lat="33.116269" lon="-96.859946" />
      <trkpt lat="33.116387" lon="-96.860084" />
      <trkpt lat="33.116454" lon="-96.860154" />
      <trkpt lat="33.116507" lon="-96.860203" />
      <trkpt lat="33.116571" lon="-96.860268" />
      <trkpt lat="33.116640" lon="-96.860335" />
      <trkpt lat="33.116687" lon="-96.860378" />
      <trkpt lat="33.117165" lon="-96.860779" />
      <trkpt lat="33.118783" lon="-96.862137" />
      <trkpt lat="33.119375" lon="-96.862642" />
      <trkpt lat="33.119580" lon="-96.862867" />
      <trkpt lat="33.119874" lon="-96.863217" />
      <trkpt lat="33.120185" lon="-96.863629" />
      <trkpt lat="33.120447" lon="-96.864092" />
      <trkpt lat="33.120764" lon="-96.864944" />
      <trkpt lat="33.120910" lon="-96.865566" />
      <trkpt lat="33.120983" lon="-96.866234" />
      <trkpt lat="33.121000" lon="-96.867482" />
      <trkpt lat="33.121003" lon="-96.869755" />
      <trkpt lat="33.121003" lon="-96.871009" />
      <trkpt lat="33.120984" lon="-96.872108" />
      <trkpt lat="33.120986" lon="-96.872341" />
      <trkpt lat="33.120994" lon="-96.872930" />
      <trkpt lat="33.121001" lon="-96.874105" />
      <trkpt lat="33.121010" lon="-96.874838" />
      <trkpt lat="33.121006" lon="-96.876120" />
      <trkpt lat="33.121010" lon="-96.879148" />
      <trkpt lat="33.121009" lon="-96.879273" />
      <trkpt lat="33.121010" lon="-96.879327" />
      <trkpt lat="33.121011" lon="-96.880441" />
      <trkpt lat="33.121013" lon="-96.880712" />
      <trkpt lat="33.121027" lon="-96.880947" />
      <trkpt lat="33.121046" lon="-96.881152" />
      <trkpt lat="33.121076" lon="-96.881388" />
      <trkpt lat="33.121097" lon="-96.881524" />
      <trkpt lat="33.121126" lon="-96.881676" />
      <trkpt lat="33.121184" lon="-96.881925" />
      <trkpt lat="33.121248" lon="-96.882164" />
      <trkpt lat="33.121291" lon="-96.882293" />
      <trkpt lat="33.121351" lon="-96.882466" />
      <trkpt lat="33.121421" lon="-96.882644" />
      <trkpt lat="33.121463" lon="-96.882747" />
      <trkpt lat="33.121503" lon="-96.882838" />
      <trkpt lat="33.121580" lon="-96.882997" />
      <trkpt lat="33.121695" lon="-96.883219" />
      <trkpt lat="33.121775" lon="-96.883355" />
      <trkpt lat="33.121863" lon="-96.883490" />
      <trkpt lat="33.121976" lon="-96.883664" />
      <trkpt lat="33.122203" lon="-96.883973" />
      <trkpt lat="33.122492" lon="-96.884265" />
      <trkpt lat="33.122805" lon="-96.884555" />
      <trkpt lat="33.123170" lon="-96.884835" />
      <trkpt lat="33.123768" lon="-96.885217" />
      <trkpt lat="33.124296" lon="-96.885578" />
      <trkpt lat="33.124806" lon="-96.885930" />
      <trkpt lat="33.125223" lon="-96.886233" />
      <trkpt lat="33.125595" lon="-96.886504" />
      <trkpt lat="33.125859" lon="-96.886742" />
      <trkpt lat="33.126095" lon="-96.887033" />
      <trkpt lat="33.126349" lon="-96.887356" />
      <trkpt lat="33.126636" lon="-96.887782" />
      <trkpt lat="33.126882" lon="-96.888298" />
      <trkpt lat="33.127036" lon="-96.888717" />
      <trkpt lat="33.127127" lon="-96.889045" />
      <trkpt lat="33.127172" lon="-96.889218" />
      <trkpt lat="33.127211" lon="-96.889393" />
      <trkpt lat="33.127244" lon="-96.889571" />
      <trkpt lat="33.127270" lon="-96.889749" />
      <trkpt lat="33.127290" lon="-96.889929" />
      <trkpt lat="33.127304" lon="-96.890110" />
      <trkpt lat="33.127311" lon="-96.890291" />
      <trkpt lat="33.127311" lon="-96.890313" />
      <trkpt lat="33.127311" lon="-96.890313" />
      <trkpt lat="33.127326" lon="-96.891041" />
      <trkpt lat="33.127328" lon="-96.891045" />
      <trkpt lat="33.127374" lon="-96.892738" />
      <trkpt lat="33.127350" lon="-96.893128" />
      <trkpt lat="33.127274" lon="-96.893568" />
      <trkpt lat="33.127153" lon="-96.893988" />
      <trkpt lat="33.127079" lon="-96.894181" />
      <trkpt lat="33.126963" lon="-96.894433" />
      <trkpt lat="33.126911" lon="-96.894531" />
      <trkpt lat="33.126889" lon="-96.894569" />
      <trkpt lat="33.126833" lon="-96.894666" />
      <trkpt lat="33.126606" lon="-96.895009" />
      <trkpt lat="33.126270" lon="-96.895367" />
      <trkpt lat="33.126063" lon="-96.895542" />
      <trkpt lat="33.125890" lon="-96.895663" />
      <trkpt lat="33.125557" lon="-96.895854" />
      <trkpt lat="33.124907" lon="-96.896116" />
      <trkpt lat="33.124613" lon="-96.896261" />
      <trkpt lat="33.124452" lon="-96.896361" />
      <trkpt lat="33.124270" lon="-96.896499" />
      <trkpt lat="33.124058" lon="-96.896683" />
      <trkpt lat="33.123899" lon="-96.896855" />
      <trkpt lat="33.123831" lon="-96.896936" />
      <trkpt lat="33.123758" lon="-96.897024" />
      <trkpt lat="33.123689" lon="-96.897108" />
      <trkpt lat="33.121595" lon="-96.899724" />
      <trkpt lat="33.121525" lon="-96.899812" />
      <trkpt lat="33.121452" lon="-96.899902" />
      <trkpt lat="33.121383" lon="-96.899989" />
      <trkpt lat="33.121031" lon="-96.900435" />
      <trkpt lat="33.120825" lon="-96.900749" />
      <trkpt lat="33.120628" lon="-96.901144" />
      <trkpt lat="33.120478" lon="-96.901558" />
      <trkpt lat="33.120465" lon="-96.901603" />
      <trkpt lat="33.120395" lon="-96.901896" />
      <trkpt lat="33.120353" lon="-96.902137" />
      <trkpt lat="33.120316" lon="-96.902527" />
      <trkpt lat="33.120316" lon="-96.905220" />
    </trkseg>
  </trk>
  <trk>
    <name>Trail 3</name>
    <trkseg>
      <trkpt lat="33.092345" lon="-96.814096" />
      <trkpt lat="33.092773" lon="-96.814301" />
      <trkpt lat="33.092844" lon="-96.814336" />
      <trkpt lat="33.093838" lon="-96.814840" />
      <trkpt lat="33.093903" lon="-96.814872" />
      <trkpt lat="33.094721" lon="-96.815299" />
      <trkpt lat="33.094987" lon="-96.815479" />
      <trkpt lat="33.095235" lon="-96.815682" />
      <trkpt lat="33.095826" lon="-96.816293" />
      <trkpt lat="33.096141" lon="-96.816558" />
      <trkpt lat="33.096499" lon="-96.816780" />
      <trkpt lat="33.096769" lon="-96.816903" />
      <trkpt lat="33.096858" lon="-96.816937" />
      <trkpt lat="33.096937" lon="-96.816964" />
      <trkpt lat="33.097126" lon="-96.817018" />
      <trkpt lat="33.097400" lon="-96.817068" />
      <trkpt lat="33.097659" lon="-96.817089" />
      <trkpt lat="33.097905" lon="-96.817085" />
      <trkpt lat="33.098123" lon="-96.817059" />
      <trkpt lat="33.098419" lon="-96.816996" />
      <trkpt lat="33.098700" lon="-96.816899" />
      <trkpt lat="33.098907" lon="-96.816808" />
      <trkpt lat="33.098962" lon="-96.816778" />
      <trkpt lat="33.099022" lon="-96.816745" />
      <trkpt lat="33.099063" lon="-96.816722" />
      <trkpt lat="33.099772" lon="-96.816286" />
      <trkpt lat="33.100029" lon="-96.816173" />
      <trkpt lat="33.100195" lon="-96.816114" />
      <trkpt lat="33.100480" lon="-96.816046" />
      <trkpt lat="33.100846" lon="-96.816005" />
      <trkpt lat="33.101114" lon="-96.816012" />
      <trkpt lat="33.101353" lon="-96.816048" />
      <trkpt lat="33.101388" lon="-96.816053" />
      <trkpt lat="33.101465" lon="-96.816063" />
      <trkpt lat="33.101541" lon="-96.816074" />
      <trkpt lat="33.101579" lon="-96.816078" />
      <trkpt lat="33.101941" lon="-96.816112" />
      <trkpt lat="33.102331" lon="-96.816093" />
      <trkpt lat="33.103015" lon="-96.815956" />
      <trkpt lat="33.103038" lon="-96.815951" />
      <trkpt lat="33.103129" lon="-96.815934" />
      <trkpt lat="33.103467" lon="-96.815910" />
      <trkpt lat="33.103789" lon="-96.815942" />
      <trkpt lat="33.104186" lon="-96.816029" />
      <trkpt lat="33.104397" lon="-96.816103" />
      <trkpt lat="33.104663" lon="-96.816223" />
      <trkpt lat="33.105015" lon="-96.816445" />
      <trkpt lat="33.105280" lon="-96.816650" />
      <trkpt lat="33.105376" lon="-96.816712" />
      <trkpt lat="33.105489" lon="-96.816787" />
      <trkpt lat="33.105765" lon="-96.816932" />
      <trkpt lat="33.105970" lon="-96.817030" />
      <trkpt lat="33.106185" lon="-96.817111" />
      <trkpt lat="33.106381" lon="-96.817162" />
      <trkpt lat="33.106566" lon="-96.817188" />
      <trkpt lat="33.106982" lon="-96.817207" />
      <trkpt lat="33.106988" lon="-96.817207" />
      <trkpt lat="33.107086" lon="-96.817207" />
      <trkpt lat="33.107187" lon="-96.817207" />
      <trkpt lat="33.107190" lon="-96.817207" />
      <trkpt lat="33.107736" lon="-96.817210" />
      <trkpt lat="33.108013" lon="-96.817194" />
      <trkpt lat="33.108246" lon="-96.817159" />
      <trkpt lat="33.108550" lon="-96.817078" />
      <trkpt lat="33.108768" lon="-96.816993" />
      <trkpt lat="33.109068" lon="-96.816837" />
      <trkpt lat="33.109806" lon="-96.816321" />
      <trkpt lat="33.110004" lon="-96.816203" />
      <trkpt lat="33.110318" lon="-96.816062" />
      <trkpt lat="33.110620" lon="-96.815967" />
      <trkpt lat="33.110914" lon="-96.815916" />
      <trkpt lat="33.111169" lon="-96.815900" />
      <trkpt lat="33.112957" lon="-96.815879" />
      <trkpt lat="33.113577" lon="-96.815841" />
      <trkpt lat="33.114028" lon="-96.815779" />
      <trkpt lat="33.114313" lon="-96.815722" />
      <trkpt lat="33.115231" lon="-96.815485" />
      <trkpt lat="33.115335" lon="-96.815458" />
      <trkpt lat="33.115385" lon="-96.815444" />
      <trkpt lat="33.115483" lon="-96.815418" />
      <trkpt lat="33.116132" lon="-96.815270" />
      <trkpt lat="33.116721" lon="-96.815192" />
      <trkpt lat="33.116729" lon="-96.815191" />
      <trkpt lat="33.116872" lon="-96.815181" />
      <trkpt lat="33.116883" lon="-96.815180" />
      <trkpt lat="33.117145" lon="-96.815170" />
      <trkpt lat="33.117621" lon="-96.815178" />
      <trkpt lat="33.118104" lon="-96.815222" />
      <trkpt lat="33.118583" lon="-96.815302" />
      <trkpt lat="33.119077" lon="-96.815423" />
      <trkpt lat="33.119437" lon="-96.815539" />
      <trkpt lat="33.120369" lon="-96.815899" />
      <trkpt lat="33.120784" lon="-96.816039" />
      <trkpt lat="33.121205" lon="-96.816147" />
      <trkpt lat="33.121621" lon="-96.816226" />
      <trkpt lat="33.121905" lon="-96.816266" />
      <trkpt lat="33.122330" lon="-96.816298" />
      <trkpt lat="33.123516" lon="-96.816308" />
      <trkpt lat="33.123522" lon="-96.816309" />
      <trkpt lat="33.123610" lon="-96.816311" />
      <trkpt lat="33.123696" lon="-96.816313" />
      <trkpt lat="33.123706" lon="-96.816313" />
      <trkpt lat="33.124348" lon="-96.816315" />
      <trkpt lat="33.124502" lon="-96.816329" />
      <trkpt lat="33.124936" lon="-96.816404" />
      <trkpt lat="33.125268" lon="-96.816495" />
      <trkpt lat="33.125644" lon="-96.816644" />
      <trkpt lat="33.125817" lon="-96.816729" />
      <trkpt lat="33.126085" lon="-96.816885" />
      <trkpt lat="33.126336" lon="-96.817060" />
      <trkpt lat="33.126564" lon="-96.817238" />
      <trkpt lat="33.126836" lon="-96.817488" />
      <trkpt lat="33.126928" lon="-96.817585" />
      <trkpt lat="33.127160" lon="-96.817852" />
      <trkpt lat="33.127306" lon="-96.818047" />
      <trkpt lat="33.127563" lon="-96.818450" />
      <trkpt lat="33.127823" lon="-96.818816" />
      <trkpt lat="33.128318" lon="-96.819420" />
      <trkpt lat="33.128723" lon="-96.819769" />
      <trkpt lat="33.129094" lon="-96.820010" />
      <trkpt lat="33.129301" lon="-96.820119" />
      <trkpt lat="33.129367" lon="-96.820152" />
      <trkpt lat="33.129419" lon="-96.820176" />
      <trkpt lat="33.129484" lon="-96.820206" />
      <trkpt lat="33.129845" lon="-96.820351" />
      <trkpt lat="33.130382" lon="-96.820485" />
      <trkpt lat="33.130716" lon="-96.820521" />
      <trkpt lat="33.131952" lon="-96.820542" />
      <trkpt lat="33.132291" lon="-96.820584" />
      <trkpt lat="33.132532" lon="-96.820647" />
      <trkpt lat="33.132908" lon="-96.820792" />
      <trkpt lat="33.133264" lon="-96.820995" />
      <trkpt lat="33.133503" lon="-96.821192" />
      <trkpt lat="33.133866" lon="-96.821543" />
      <trkpt lat="33.133975" lon="-96.821646" />
      <trkpt lat="33.133983" lon="-96.821654" />
      <trkpt lat="33.133995" lon="-96.821667" />
      <trkpt lat="33.134092" lon="-96.821772" />
      <trkpt lat="33.135058" lon="-96.822770" />
      <trkpt lat="33.135245" lon="-96.822955" />
      <trkpt lat="33.135357" lon="-96.823037" />
      <trkpt lat="33.135531" lon="-96.823168" />
      <trkpt lat="33.135672" lon="-96.823259" />
      <trkpt lat="33.135881" lon="-96.823370" />
      <trkpt lat="33.136097" lon="-96.823459" />
      <trkpt lat="33.136433" lon="-96.823552" />
      <trkpt lat="33.136708" lon="-96.823594" />
      <trkpt lat="33.136929" lon="-96.823607" />
      <trkpt lat="33.137261" lon="-96.823592" />
      <trkpt lat="33.137588" lon="-96.823534" />
      <trkpt lat="33.137911" lon="-96.823426" />
      <trkpt lat="33.138154" lon="-96.823309" />
      <trkpt lat="33.138397" lon="-96.823214" />
      <trkpt lat="33.138645" lon="-96.823141" />
      <trkpt lat="33.138885" lon="-96.823090" />
      <trkpt lat="33.139104" lon="-96.823070" />
      <trkpt lat="33.139381" lon="-96.823070" />
      <trkpt lat="33.140192" lon="-96.823164" />
      <trkpt lat="33.140472" lon="-96.823232" />
      <trkpt lat="33.140708" lon="-96.823320" />
      <trkpt lat="33.141026" lon="-96.823484" />
      <trkpt lat="33.141241" lon="-96.823629" />
      <trkpt lat="33.141458" lon="-96.823808" />
      <trkpt lat="33.141738" lon="-96.824097" />
      <trkpt lat="33.141836" lon="-96.824212" />
      <trkpt lat="33.142193" lon="-96.824697" />
      <trkpt lat="33.142405" lon="-96.824924" />
      <trkpt lat="33.142540" lon="-96.825049" />
      <trkpt lat="33.142704" lon="-96.825179" />
      <trkpt lat="33.142917" lon="-96.825308" />
      <trkpt lat="33.143141" lon="-96.825404" />
      <trkpt lat="33.143368" lon="-96.825454" />
      <trkpt lat="33.143730" lon="-96.825487" />
      <trkpt lat="33.144075" lon="-96.825480" />
      <trkpt lat="33.144273" lon="-96.825460" />
      <trkpt lat="33.144601" lon="-96.825399" />
      <trkpt lat="33.145695" lon="-96.825138" />
      <trkpt lat="33.146186" lon="-96.825011" />
      <trkpt lat="33.146605" lon="-96.824920" />
      <trkpt lat="33.147571" lon="-96.824679" />
      <trkpt lat="33.148002" lon="-96.824562" />
      <trkpt lat="33.148524" lon="-96.824438" />
      <trkpt lat="33.149501" lon="-96.824204" />
      <trkpt lat="33.149968" lon="-96.824088" />
      <trkpt lat="33.150463" lon="-96.823957" />
      <trkpt lat="33.150498" lon="-96.823948" />
    </trkseg>
  </trk>
  <trk>
    <name>Trail 4</name>
    <trkseg>
      <trkpt lat="33.130444" lon="-96.767925" />
      <trkpt lat="33.130446" lon="-96.768040" />
      <trkpt lat="33.130446" lon="-96.768050" />
      <trkpt lat="33.130479" lon="-96.770440" />
      <trkpt lat="33.130479" lon="-96.770442" />
      <trkpt lat="33.130488" lon="-96.771089" />
      <trkpt lat="33.130524" lon="-96.773283" />
      <trkpt lat="33.130525" lon="-96.773284" />
      <trkpt lat="33.130546" lon="-96.774300" />
      <trkpt lat="33.130546" lon="-96.774303" />
      <trkpt lat="33.130586" lon="-96.776315" />
      <trkpt lat="33.130588" lon="-96.776400" />
      <trkpt lat="33.130588" lon="-96.776445" />
      <trkpt lat="33.130634" lon="-96.778972" />
      <trkpt lat="33.130641" lon="-96.779346" />
      <trkpt lat="33.130670" lon="-96.781264" />
      <trkpt lat="33.130670" lon="-96.781267" />
      <trkpt lat="33.130696" lon="-96.782547" />
      <trkpt lat="33.130696" lon="-96.782549" />
      <trkpt lat="33.130717" lon="-96.784494" />
      <trkpt lat="33.130717" lon="-96.784499" />
      <trkpt lat="33.130743" lon="-96.786959" />
      <trkpt lat="33.130744" lon="-96.786964" />
      <trkpt lat="33.130747" lon="-96.787044" />
      <trkpt lat="33.130749" lon="-96.787124" />
      <trkpt lat="33.130749" lon="-96.787129" />
      <trkpt lat="33.130768" lon="-96.788134" />
      <trkpt lat="33.130745" lon="-96.788514" />
      <trkpt lat="33.130745" lon="-96.788518" />
      <trkpt lat="33.130725" lon="-96.788709" />
      <trkpt lat="33.130665" lon="-96.788944" />
      <trkpt lat="33.130529" lon="-96.789252" />
      <trkpt lat="33.130368" lon="-96.789506" />
      <trkpt lat="33.129781" lon="-96.790115" />
      <trkpt lat="33.129675" lon="-96.790226" />
      <trkpt lat="33.129239" lon="-96.790696" />
      <trkpt lat="33.128736" lon="-96.791213" />
      <trkpt lat="33.128663" lon="-96.791288" />
      <trkpt lat="33.127781" lon="-96.792187" />
      <trkpt lat="33.127601" lon="-96.792400" />
      <trkpt lat="33.127440" lon="-96.792606" />
      <trkpt lat="33.127326" lon="-96.792758" />
      <trkpt lat="33.126862" lon="-96.793418" />
      <trkpt lat="33.126767" lon="-96.793532" />
      <trkpt lat="33.126695" lon="-96.793617" />
      <trkpt lat="33.126263" lon="-96.794063" />
      <trkpt lat="33.125975" lon="-96.794320" />
      <trkpt lat="33.125731" lon="-96.794509" />
      <trkpt lat="33.125509" lon="-96.794657" />
      <trkpt lat="33.123967" lon="-96.795575" />
      <trkpt lat="33.123902" lon="-96.795615" />
      <trkpt lat="33.123673" lon="-96.795758" />
      <trkpt lat="33.123412" lon="-96.795943" />
      <trkpt lat="33.123035" lon="-96.796258" />
      <trkpt lat="33.122436" lon="-96.796866" />
      <trkpt lat="33.121539" lon="-96.797829" />
      <trkpt lat="33.121417" lon="-96.797960" />
      <trkpt lat="33.119193" lon="-96.800337" />
      <trkpt lat="33.118862" lon="-96.800668" />
      <trkpt lat="33.118804" lon="-96.800724" />
      <trkpt lat="33.118761" lon="-96.800760" />
      <trkpt lat="33.118715" lon="-96.800799" />
      <trkpt lat="33.118661" lon="-96.800840" />
      <trkpt lat="33.118074" lon="-96.801223" />
      <trkpt lat="33.117040" lon="-96.801796" />
      <trkpt lat="33.116816" lon="-96.801894" />
      <trkpt lat="33.116662" lon="-96.801945" />
      <trkpt lat="33.116361" lon="-96.802021" />
      <trkpt lat="33.116176" lon="-96.802052" />
      <trkpt lat="33.115848" lon="-96.802070" />
      <trkpt lat="33.115546" lon="-96.802053" />
      <trkpt lat="33.115531" lon="-96.802052" />
      <trkpt lat="33.115187" lon="-96.801999" />
      <trkpt lat="33.114856" lon="-96.801903" />
      <trkpt lat="33.114554" lon="-96.801771" />
      <trkpt lat="33.113830" lon="-96.801378" />
      <trkpt lat="33.113548" lon="-96.801268" />
      <trkpt lat="33.113258" lon="-96.801186" />
      <trkpt lat="33.113042" lon="-96.801153" />
      <trkpt lat="33.112795" lon="-96.801139" />
      <trkpt lat="33.111361" lon="-96.801156" />
      <trkpt lat="33.111357" lon="-96.801156" />
      <trkpt lat="33.111262" lon="-96.801158" />
      <trkpt lat="33.109982" lon="-96.801183" />
      <trkpt lat="33.109979" lon="-96.801183" />
      <trkpt lat="33.109147" lon="-96.801199" />
      <trkpt lat="33.109146" lon="-96.801199" />
      <trkpt lat="33.109003" lon="-96.801212" />
      <trkpt lat="33.109002" lon="-96.801212" />
      <trkpt lat="33.107106" lon="-96.801250" />
      <trkpt lat="33.106857" lon="-96.801245" />
      <trkpt lat="33.106545" lon="-96.801184" />
      <trkpt lat="33.106175" lon="-96.801046" />
      <trkpt lat="33.105992" lon="-96.800952" />
      <trkpt lat="33.105438" lon="-96.800625" />
      <trkpt lat="33.105435" lon="-96.800623" />
      <trkpt lat="33.105352" lon="-96.800577" />
      <trkpt lat="33.105266" lon="-96.800530" />
      <trkpt lat="33.102434" lon="-96.798877" />
      <trkpt lat="33.102354" lon="-96.798830" />
      <trkpt lat="33.099636" lon="-96.797243" />
    </trkseg>
  </trk>
  <trk>
    <name>Trail 5</name>
    <trkseg>
      <trkpt lat="33.104157" lon="-96.788261" />
      <trkpt lat="33.104225" lon="-96.788262" />
      <trkpt lat="33.104525" lon="-96.788254" />
      <trkpt lat="33.104606" lon="-96.788251" />
      <trkpt lat="33.105064" lon="-96.788242" />
      <trkpt lat="33.105122" lon="-96.788242" />
      <trkpt lat="33.105130" lon="-96.788242" />
      <trkpt lat="33.105220" lon="-96.788242" />
      <trkpt lat="33.105309" lon="-96.788243" />
      <trkpt lat="33.105398" lon="-96.788245" />
      <trkpt lat="33.105461" lon="-96.788248" />
      <trkpt lat="33.105618" lon="-96.788254" />
      <trkpt lat="33.105777" lon="-96.788260" />
      <trkpt lat="33.106055" lon="-96.788250" />
      <trkpt lat="33.106480" lon="-96.788246" />
      <trkpt lat="33.106845" lon="-96.788237" />
      <trkpt lat="33.107151" lon="-96.788235" />
      <trkpt lat="33.108176" lon="-96.788212" />
      <trkpt lat="33.108448" lon="-96.788204" />
      <trkpt lat="33.110140" lon="-96.788181" />
      <trkpt lat="33.110420" lon="-96.788175" />
      <trkpt lat="33.112230" lon="-96.788147" />
      <trkpt lat="33.112497" lon="-96.788142" />
      <trkpt lat="33.114024" lon="-96.788120" />
      <trkpt lat="33.114254" lon="-96.788111" />
      <trkpt lat="33.115301" lon="-96.788102" />
      <trkpt lat="33.115308" lon="-96.788102" />
      <trkpt lat="33.116307" lon="-96.788102" />
      <trkpt lat="33.118127" lon="-96.788066" />
      <trkpt lat="33.118340" lon="-96.788064" />
      <trkpt lat="33.121259" lon="-96.788007" />
      <trkpt lat="33.121459" lon="-96.788000" />
      <trkpt lat="33.124052" lon="-96.787952" />
      <trkpt lat="33.124312" lon="-96.787954" />
      <trkpt lat="33.127707" lon="-96.787900" />
      <trkpt lat="33.127784" lon="-96.787897" />
      <trkpt lat="33.127861" lon="-96.787892" />
      <trkpt lat="33.127938" lon="-96.787884" />
      <trkpt lat="33.128016" lon="-96.787874" />
      <trkpt lat="33.128092" lon="-96.787861" />
      <trkpt lat="33.128169" lon="-96.787845" />
      <trkpt lat="33.128245" lon="-96.787826" />
      <trkpt lat="33.128321" lon="-96.787805" />
      <trkpt lat="33.128396" lon="-96.787782" />
      <trkpt lat="33.128469" lon="-96.787756" />
      <trkpt lat="33.128480" lon="-96.787752" />
      <trkpt lat="33.128553" lon="-96.787724" />
      <trkpt lat="33.128626" lon="-96.787692" />
      <trkpt lat="33.128698" lon="-96.787659" />
      <trkpt lat="33.128770" lon="-96.787623" />
      <trkpt lat="33.128801" lon="-96.787606" />
      <trkpt lat="33.129016" lon="-96.787478" />
      <trkpt lat="33.129084" lon="-96.787433" />
      <trkpt lat="33.129148" lon="-96.787392" />
      <trkpt lat="33.129214" lon="-96.787353" />
      <trkpt lat="33.129280" lon="-96.787317" />
      <trkpt lat="33.129347" lon="-96.787283" />
      <trkpt lat="33.129415" lon="-96.787252" />
      <trkpt lat="33.129484" lon="-96.787222" />
      <trkpt lat="33.129554" lon="-96.787195" />
      <trkpt lat="33.129624" lon="-96.787171" />
      <trkpt lat="33.129680" lon="-96.787153" />
      <trkpt lat="33.129760" lon="-96.787131" />
      <trkpt lat="33.129841" lon="-96.787112" />
      <trkpt lat="33.129923" lon="-96.787095" />
      <trkpt lat="33.130005" lon="-96.787080" />
      <trkpt lat="33.130087" lon="-96.787068" />
      <trkpt lat="33.130170" lon="-96.787058" />
      <trkpt lat="33.130252" lon="-96.787050" />
      <trkpt lat="33.130325" lon="-96.787046" />
      <trkpt lat="33.130587" lon="-96.787039" />
      <trkpt lat="33.130949" lon="-96.787034" />
      <trkpt lat="33.131079" lon="-96.787029" />
      <trkpt lat="33.131146" lon="-96.787026" />
      <trkpt lat="33.131214" lon="-96.787020" />
      <trkpt lat="33.131283" lon="-96.787011" />
      <trkpt lat="33.131350" lon="-96.787000" />
      <trkpt lat="33.131392" lon="-96.786992" />
      <trkpt lat="33.131589" lon="-96.786940" />
      <trkpt lat="33.131822" lon="-96.786875" />
      <trkpt lat="33.131864" lon="-96.786864" />
      <trkpt lat="33.132325" lon="-96.786736" />
      <trkpt lat="33.132497" lon="-96.786688" />
      <trkpt lat="33.132705" lon="-96.786624" />
      <trkpt lat="33.132768" lon="-96.786603" />
      <trkpt lat="33.133117" lon="-96.786504" />
      <trkpt lat="33.133642" lon="-96.786315" />
      <trkpt lat="33.134202" lon="-96.786108" />
      <trkpt lat="33.134703" lon="-96.785921" />
      <trkpt lat="33.134913" lon="-96.785849" />
      <trkpt lat="33.135102" lon="-96.785778" />
      <trkpt lat="33.135410" lon="-96.785665" />
      <trkpt lat="33.135692" lon="-96.785560" />
      <trkpt lat="33.135970" lon="-96.785457" />
      <trkpt lat="33.136248" lon="-96.785356" />
      <trkpt lat="33.136453" lon="-96.785279" />
      <trkpt lat="33.136670" lon="-96.785203" />
      <trkpt lat="33.136839" lon="-96.785140" />
      <trkpt lat="33.137025" lon="-96.785074" />
      <trkpt lat="33.137303" lon="-96.784969" />
      <trkpt lat="33.137550" lon="-96.784878" />
      <trkpt lat="33.137770" lon="-96.784795" />
      <trkpt lat="33.137967" lon="-96.784724" />
      <trkpt lat="33.138141" lon="-96.784659" />
      <trkpt lat="33.138376" lon="-96.784576" />
      <trkpt lat="33.138533" lon="-96.784515" />
      <trkpt lat="33.138639" lon="-96.784479" />
      <trkpt lat="33.138990" lon="-96.784389" />
      <trkpt lat="33.139417" lon="-96.784336" />
      <trkpt lat="33.139914" lon="-96.784281" />
      <trkpt lat="33.140244" lon="-96.784237" />
      <trkpt lat="33.140561" lon="-96.784176" />
      <trkpt lat="33.140980" lon="-96.784111" />
      <trkpt lat="33.141325" lon="-96.784049" />
      <trkpt lat="33.141331" lon="-96.784048" />
      <trkpt lat="33.141570" lon="-96.783999" />
      <trkpt lat="33.141757" lon="-96.783964" />
      <trkpt lat="33.142146" lon="-96.783888" />
      <trkpt lat="33.142390" lon="-96.783839" />
      <trkpt lat="33.142391" lon="-96.783839" />
      <trkpt lat="33.142637" lon="-96.783786" />
      <trkpt lat="33.142751" lon="-96.783769" />
      <trkpt lat="33.142989" lon="-96.783722" />
      <trkpt lat="33.143121" lon="-96.783696" />
      <trkpt lat="33.143396" lon="-96.783641" />
      <trkpt lat="33.143693" lon="-96.783586" />
      <trkpt lat="33.143748" lon="-96.783576" />
      <trkpt lat="33.144033" lon="-96.783519" />
      <trkpt lat="33.144235" lon="-96.783483" />
      <trkpt lat="33.144662" lon="-96.783400" />
      <trkpt lat="33.144914" lon="-96.783327" />
      <trkpt lat="33.145167" lon="-96.783226" />
      <trkpt lat="33.145210" lon="-96.783205" />
      <trkpt lat="33.146039" lon="-96.782898" />
      <trkpt lat="33.146106" lon="-96.782886" />
      <trkpt lat="33.146110" lon="-96.782885" />
      <trkpt lat="33.146132" lon="-96.782882" />
      <trkpt lat="33.146154" lon="-96.782878" />
      <trkpt lat="33.146176" lon="-96.782875" />
      <trkpt lat="33.146198" lon="-96.782873" />
      <trkpt lat="33.146221" lon="-96.782870" />
      <trkpt lat="33.146243" lon="-96.782868" />
      <trkpt lat="33.146265" lon="-96.782866" />
      <trkpt lat="33.146287" lon="-96.782864" />
      <trkpt lat="33.146309" lon="-96.782863" />
      <trkpt lat="33.146331" lon="-96.782861" />
      <trkpt lat="33.146353" lon="-96.782860" />
      <trkpt lat="33.146375" lon="-96.782859" />
      <trkpt lat="33.146397" lon="-96.782859" />
      <trkpt lat="33.146420" lon="-96.782859" />
      <trkpt lat="33.146442" lon="-96.782859" />
      <trkpt lat="33.146464" lon="-96.782859" />
      <trkpt lat="33.146486" lon="-96.782859" />
      <trkpt lat="33.146511" lon="-96.782860" />
      <trkpt lat="33.147141" lon="-96.782852" />
      <trkpt lat="33.147408" lon="-96.782849" />
      <trkpt lat="33.147737" lon="-96.782847" />
      <trkpt lat="33.147907" lon="-96.782844" />
      <trkpt lat="33.148156" lon="-96.782835" />
      <trkpt lat="33.148366" lon="-96.782833" />
      <trkpt lat="33.148643" lon="-96.782837" />
      <trkpt lat="33.148684" lon="-96.782840" />
      <trkpt lat="33.148736" lon="-96.782844" />
      <trkpt lat="33.148788" lon="-96.782849" />
      <trkpt lat="33.148836" lon="-96.782853" />
      <trkpt lat="33.148847" lon="-96.782855" />
      <trkpt lat="33.148876" lon="-96.782860" />
      <trkpt lat="33.148906" lon="-96.782866" />
      <trkpt lat="33.148935" lon="-96.782871" />
      <trkpt lat="33.148965" lon="-96.782877" />
      <trkpt lat="33.148994" lon="-96.782883" />
      <trkpt lat="33.149024" lon="-96.782889" />
      <trkpt lat="33.149053" lon="-96.782896" />
      <trkpt lat="33.149082" lon="-96.782903" />
      <trkpt lat="33.149112" lon="-96.782910" />
      <trkpt lat="33.149141" lon="-96.782917" />
      <trkpt lat="33.149170" lon="-96.782925" />
      <trkpt lat="33.149197" lon="-96.782932" />
      <trkpt lat="33.149202" lon="-96.782934" />
      <trkpt lat="33.149228" lon="-96.782942" />
      <trkpt lat="33.149253" lon="-96.782951" />
      <trkpt lat="33.149279" lon="-96.782960" />
      <trkpt lat="33.149304" lon="-96.782969" />
      <trkpt lat="33.149330" lon="-96.782978" />
      <trkpt lat="33.149355" lon="-96.782988" />
      <trkpt lat="33.149380" lon="-96.782997" />
      <trkpt lat="33.149405" lon="-96.783008" />
      <trkpt lat="33.149430" lon="-96.783018" />
      <trkpt lat="33.149456" lon="-96.783028" />
      <trkpt lat="33.149481" lon="-96.783039" />
      <trkpt lat="33.149505" lon="-96.783050" />
      <trkpt lat="33.149530" lon="-96.783061" />
      <trkpt lat="33.149543" lon="-96.783067" />
      <trkpt lat="33.149563" lon="-96.783077" />
      <trkpt lat="33.149584" lon="-96.783087" />
      <trkpt lat="33.149604" lon="-96.783097" />
      <trkpt lat="33.149624" lon="-96.783107" />
      <trkpt lat="33.149645" lon="-96.783118" />
      <trkpt lat="33.149665" lon="-96.783129" />
      <trkpt lat="33.149685" lon="-96.783140" />
      <trkpt lat="33.149705" lon="-96.783151" />
      <trkpt lat="33.149724" lon="-96.783162" />
      <trkpt lat="33.149744" lon="-96.783174" />
      <trkpt lat="33.149762" lon="-96.783185" />
      <trkpt lat="33.149893" lon="-96.783273" />
      <trkpt lat="33.150046" lon="-96.783384" />
      <trkpt lat="33.150128" lon="-96.783449" />
      <trkpt lat="33.150123" lon="-96.783443" />
      <trkpt lat="33.150130" lon="-96.783450" />
      <trkpt lat="33.150136" lon="-96.783456" />
      <trkpt lat="33.150355" lon="-96.783649" />
      <trkpt lat="33.150642" lon="-96.783879" />
      <trkpt lat="33.150649" lon="-96.783885" />
      <trkpt lat="33.150664" lon="-96.783896" />
      <trkpt lat="33.150678" lon="-96.783907" />
      <trkpt lat="33.150693" lon="-96.783918" />
      <trkpt lat="33.150708" lon="-96.783929" />
      <trkpt lat="33.150723" lon="-96.783940" />
      <trkpt lat="33.150738" lon="-96.783950" />
      <trkpt lat="33.150753" lon="-96.783960" />
      <trkpt lat="33.150769" lon="-96.783970" />
      <trkpt lat="33.150784" lon="-96.783979" />
      <trkpt lat="33.150800" lon="-96.783988" />
      <trkpt lat="33.150810" lon="-96.783994" />
      <trkpt lat="33.150949" lon="-96.784069" />
      <trkpt lat="33.151091" lon="-96.784136" />
      <trkpt lat="33.151236" lon="-96.784196" />
      <trkpt lat="33.151383" lon="-96.784247" />
      <trkpt lat="33.151531" lon="-96.784291" />
      <trkpt lat="33.151641" lon="-96.784317" />
      <trkpt lat="33.151752" lon="-96.784336" />
      <trkpt lat="33.151863" lon="-96.784350" />
      <trkpt lat="33.151975" lon="-96.784357" />
      <trkpt lat="33.152087" lon="-96.784358" />
      <trkpt lat="33.152666" lon="-96.784349" />
      <trkpt lat="33.152802" lon="-96.784347" />
    </trkseg>
  </trk>
  <trk>
    <name>Trail 6</name>
    <trkseg>
      <trkpt lat="33.152948" lon="-96.831977" />
      <trkpt lat="33.152949" lon="-96.831986" />
      <trkpt lat="33.152956" lon="-96.832057" />
      <trkpt lat="33.152956" lon="-96.832066" />
      <trkpt lat="33.152990" lon="-96.832625" />
      <trkpt lat="33.152995" lon="-96.833113" />
      <trkpt lat="33.152975" lon="-96.833683" />
      <trkpt lat="33.152903" lon="-96.834869" />
      <trkpt lat="33.152902" lon="-96.834892" />
      <trkpt lat="33.152894" lon="-96.835035" />
      <trkpt lat="33.152891" lon="-96.835058" />
      <trkpt lat="33.152750" lon="-96.837457" />
      <trkpt lat="33.152750" lon="-96.837471" />
      <trkpt lat="33.152747" lon="-96.837521" />
      <trkpt lat="33.152742" lon="-96.837588" />
      <trkpt lat="33.152743" lon="-96.837603" />
      <trkpt lat="33.152635" lon="-96.839115" />
      <trkpt lat="33.152622" lon="-96.839683" />
      <trkpt lat="33.152621" lon="-96.839727" />
      <trkpt lat="33.152624" lon="-96.840126" />
      <trkpt lat="33.152626" lon="-96.840521" />
      <trkpt lat="33.152625" lon="-96.840572" />
      <trkpt lat="33.152647" lon="-96.841248" />
      <trkpt lat="33.152762" lon="-96.842340" />
      <trkpt lat="33.152813" lon="-96.843435" />
      <trkpt lat="33.152843" lon="-96.845867" />
      <trkpt lat="33.152856" lon="-96.846272" />
      <trkpt lat="33.152907" lon="-96.846975" />
      <trkpt lat="33.153004" lon="-96.847788" />
      <trkpt lat="33.153006" lon="-96.847803" />
      <trkpt lat="33.153019" lon="-96.847913" />
      <trkpt lat="33.153033" lon="-96.848026" />
      <trkpt lat="33.153034" lon="-96.848034" />
      <trkpt lat="33.153106" lon="-96.848604" />
      <trkpt lat="33.153150" lon="-96.849228" />
      <trkpt lat="33.153162" lon="-96.849766" />
      <trkpt lat="33.153172" lon="-96.851677" />
      <trkpt lat="33.153134" lon="-96.852453" />
      <trkpt lat="33.153022" lon="-96.853918" />
      <trkpt lat="33.153010" lon="-96.854466" />
      <trkpt lat="33.153019" lon="-96.855486" />
      <trkpt lat="33.153019" lon="-96.855488" />
      <trkpt lat="33.153019" lon="-96.855608" />
      <trkpt lat="33.153037" lon="-96.858301" />
      <trkpt lat="33.153055" lon="-96.859488" />
      <trkpt lat="33.153057" lon="-96.859490" />
      <trkpt lat="33.153124" lon="-96.863913" />
      <trkpt lat="33.153126" lon="-96.863919" />
      <trkpt lat="33.153127" lon="-96.864028" />
      <trkpt lat="33.153129" lon="-96.864137" />
      <trkpt lat="33.153129" lon="-96.864142" />
      <trkpt lat="33.153214" lon="-96.869108" />
      <trkpt lat="33.153214" lon="-96.869109" />
      <trkpt lat="33.153217" lon="-96.869242" />
      <trkpt lat="33.153257" lon="-96.871860" />
      <trkpt lat="33.153257" lon="-96.871995" />
      <trkpt lat="33.153257" lon="-96.871996" />
      <trkpt lat="33.153253" lon="-96.872304" />
      <trkpt lat="33.153200" lon="-96.873365" />
      <trkpt lat="33.153200" lon="-96.873488" />
      <trkpt lat="33.153236" lon="-96.875447" />
      <trkpt lat="33.153236" lon="-96.875448" />
      <trkpt lat="33.153292" lon="-96.878540" />
      <trkpt lat="33.153292" lon="-96.878541" />
      <trkpt lat="33.153295" lon="-96.878668" />
      <trkpt lat="33.153295" lon="-96.878669" />
      <trkpt lat="33.153346" lon="-96.883258" />
      <trkpt lat="33.153345" lon="-96.883264" />
      <trkpt lat="33.153361" lon="-96.885026" />
      <trkpt lat="33.153361" lon="-96.885038" />
      <trkpt lat="33.153483" lon="-96.890787" />
      <trkpt lat="33.153484" lon="-96.890870" />
    </trkseg>
  </trk>
  <trk>
    <name>Trail 7</name>
    <trkseg>
      <trkpt lat="33.115933" lon="-96.768082" />
      <trkpt lat="33.115933" lon="-96.768199" />
      <trkpt lat="33.115975" lon="-96.771790" />
      <trkpt lat="33.115974" lon="-96.771794" />
      <trkpt lat="33.115999" lon="-96.774546" />
      <trkpt lat="33.115998" lon="-96.774547" />
      <trkpt lat="33.116013" lon="-96.776413" />
      <trkpt lat="33.116035" lon="-96.779257" />
      <trkpt lat="33.116043" lon="-96.780307" />
      <trkpt lat="33.116043" lon="-96.780310" />
      <trkpt lat="33.116047" lon="-96.781091" />
      <trkpt lat="33.116047" lon="-96.781094" />
      <trkpt lat="33.116048" lon="-96.782563" />
      <trkpt lat="33.116048" lon="-96.782564" />
      <trkpt lat="33.116077" lon="-96.785584" />
      <trkpt lat="33.116077" lon="-96.785594" />
      <trkpt lat="33.116106" lon="-96.787998" />
      <trkpt lat="33.116131" lon="-96.788096" />
      <trkpt lat="33.116156" lon="-96.788192" />
      <trkpt lat="33.116157" lon="-96.788194" />
      <trkpt lat="33.116631" lon="-96.790500" />
      <trkpt lat="33.116641" lon="-96.790548" />
      <trkpt lat="33.117182" lon="-96.793101" />
      <trkpt lat="33.117195" lon="-96.793162" />
      <trkpt lat="33.117679" lon="-96.795566" />
      <trkpt lat="33.117951" lon="-96.796844" />
      <trkpt lat="33.117961" lon="-96.796890" />
      <trkpt lat="33.118174" lon="-96.797920" />
      <trkpt lat="33.118615" lon="-96.800184" />
      <trkpt lat="33.118716" lon="-96.800616" />
      <trkpt lat="33.118752" lon="-96.800734" />
      <trkpt lat="33.118761" lon="-96.800760" />
      <trkpt lat="33.118770" lon="-96.800788" />
      <trkpt lat="33.118817" lon="-96.800906" />
      <trkpt lat="33.119000" lon="-96.801282" />
      <trkpt lat="33.119788" lon="-96.802799" />
      <trkpt lat="33.120268" lon="-96.803874" />
      <trkpt lat="33.120721" lon="-96.804738" />
      <trkpt lat="33.121080" lon="-96.805466" />
      <trkpt lat="33.121080" lon="-96.805467" />
      <trkpt lat="33.121156" lon="-96.805618" />
      <trkpt lat="33.122543" lon="-96.808374" />
      <trkpt lat="33.122694" lon="-96.808694" />
      <trkpt lat="33.122730" lon="-96.808773" />
      <trkpt lat="33.122743" lon="-96.808800" />
      <trkpt lat="33.122779" lon="-96.808878" />
      <trkpt lat="33.122886" lon="-96.809118" />
      <trkpt lat="33.122971" lon="-96.809354" />
      <trkpt lat="33.123255" lon="-96.810278" />
      <trkpt lat="33.123271" lon="-96.810333" />
      <trkpt lat="33.123330" lon="-96.810574" />
      <trkpt lat="33.123428" lon="-96.811128" />
      <trkpt lat="33.123517" lon="-96.811803" />
      <trkpt lat="33.123547" lon="-96.812254" />
      <trkpt lat="33.123576" lon="-96.814033" />
      <trkpt lat="33.123612" lon="-96.816189" />
      <trkpt lat="33.123612" lon="-96.816202" />
      <trkpt lat="33.123610" lon="-96.816311" />
      <trkpt lat="33.123609" lon="-96.816425" />
      <trkpt lat="33.123609" lon="-96.816427" />
      <trkpt lat="33.123685" lon="-96.822232" />
      <trkpt lat="33.123686" lon="-96.822274" />
      <trkpt lat="33.123689" lon="-96.822686" />
    </trkseg>
  </trk>
  <trk>
    <name>Trail 8</name>
    <trkseg>
      <trkpt lat="33.189668" lon="-96.833348" />
      <trkpt lat="33.189671" lon="-96.835985" />
      <trkpt lat="33.189697" lon="-96.836183" />
      <trkpt lat="33.189717" lon="-96.838634" />
      <trkpt lat="33.189716" lon="-96.838636" />
      <trkpt lat="33.189719" lon="-96.839051" />
      <trkpt lat="33.189723" lon="-96.839466" />
      <trkpt lat="33.189721" lon="-96.839469" />
      <trkpt lat="33.189767" lon="-96.846212" />
      <trkpt lat="33.189767" lon="-96.846213" />
      <trkpt lat="33.189768" lon="-96.846331" />
      <trkpt lat="33.189770" lon="-96.846448" />
      <trkpt lat="33.189768" lon="-96.846448" />
      <trkpt lat="33.189875" lon="-96.854799" />
      <trkpt lat="33.189858" lon="-96.859818" />
      <trkpt lat="33.189877" lon="-96.862544" />
      <trkpt lat="33.189877" lon="-96.862546" />
      <trkpt lat="33.189905" lon="-96.866106" />
      <trkpt lat="33.189851" lon="-96.868447" />
      <trkpt lat="33.189850" lon="-96.868454" />
      <trkpt lat="33.189852" lon="-96.868573" />
      <trkpt lat="33.189853" lon="-96.868695" />
      <trkpt lat="33.189870" lon="-96.869097" />
      <trkpt lat="33.189896" lon="-96.869426" />
      <trkpt lat="33.189940" lon="-96.869761" />
      <trkpt lat="33.190051" lon="-96.870326" />
      <trkpt lat="33.190253" lon="-96.871081" />
      <trkpt lat="33.190274" lon="-96.871159" />
      <trkpt lat="33.191022" lon="-96.873819" />
      <trkpt lat="33.191137" lon="-96.874240" />
      <trkpt lat="33.191243" lon="-96.874709" />
      <trkpt lat="33.191253" lon="-96.874756" />
      <trkpt lat="33.191336" lon="-96.875240" />
      <trkpt lat="33.191401" lon="-96.875734" />
      <trkpt lat="33.191445" lon="-96.876261" />
      <trkpt lat="33.191470" lon="-96.876966" />
      <trkpt lat="33.191470" lon="-96.876972" />
      <trkpt lat="33.191505" lon="-96.880707" />
      <trkpt lat="33.191504" lon="-96.880715" />
      <trkpt lat="33.191530" lon="-96.883618" />
      <trkpt lat="33.191547" lon="-96.883955" />
      <trkpt lat="33.191578" lon="-96.884225" />
      <trkpt lat="33.191645" lon="-96.884601" />
      <trkpt lat="33.191723" lon="-96.884919" />
      <trkpt lat="33.191862" lon="-96.885319" />
      <trkpt lat="33.192138" lon="-96.885999" />
    </trkseg>
  </trk>
  <trk>
    <name>Trail 9</name>
    <trkseg>
      <trkpt lat="33.189852" lon="-96.868573" />
      <trkpt lat="33.189751" lon="-96.868573" />
      <trkpt lat="33.187970" lon="-96.868578" />
      <trkpt lat="33.187106" lon="-96.868580" />
      <trkpt lat="33.186786" lon="-96.868550" />
      <trkpt lat="33.186556" lon="-96.868505" />
      <trkpt lat="33.186250" lon="-96.868418" />
      <trkpt lat="33.185935" lon="-96.868292" />
      <trkpt lat="33.185639" lon="-96.868138" />
      <trkpt lat="33.185335" lon="-96.867936" />
      <trkpt lat="33.185219" lon="-96.867845" />
      <trkpt lat="33.185017" lon="-96.867672" />
      <trkpt lat="33.184773" lon="-96.867426" />
      <trkpt lat="33.184389" lon="-96.866964" />
      <trkpt lat="33.184088" lon="-96.866655" />
      <trkpt lat="33.183963" lon="-96.866542" />
      <trkpt lat="33.183706" lon="-96.866355" />
      <trkpt lat="33.183303" lon="-96.866124" />
      <trkpt lat="33.182969" lon="-96.865985" />
      <trkpt lat="33.182745" lon="-96.865920" />
      <trkpt lat="33.182701" lon="-96.865908" />
      <trkpt lat="33.182307" lon="-96.865840" />
      <trkpt lat="33.178194" lon="-96.865881" />
      <trkpt lat="33.176773" lon="-96.865891" />
      <trkpt lat="33.176433" lon="-96.865856" />
      <trkpt lat="33.176137" lon="-96.865785" />
      <trkpt lat="33.175804" lon="-96.865662" />
      <trkpt lat="33.175617" lon="-96.865574" />
      <trkpt lat="33.175297" lon="-96.865363" />
      <trkpt lat="33.175083" lon="-96.865185" />
      <trkpt lat="33.174789" lon="-96.864895" />
      <trkpt lat="33.174552" lon="-96.864618" />
      <trkpt lat="33.174314" lon="-96.864307" />
      <trkpt lat="33.174172" lon="-96.864148" />
      <trkpt lat="33.173996" lon="-96.863981" />
      <trkpt lat="33.173660" lon="-96.863723" />
      <trkpt lat="33.173349" lon="-96.863540" />
      <trkpt lat="33.173017" lon="-96.863404" />
      <trkpt lat="33.172762" lon="-96.863333" />
      <trkpt lat="33.172530" lon="-96.863290" />
      <trkpt lat="33.172173" lon="-96.863263" />
      <trkpt lat="33.172170" lon="-96.863263" />
      <trkpt lat="33.172055" lon="-96.863265" />
      <trkpt lat="33.170792" lon="-96.863287" />
      <trkpt lat="33.170524" lon="-96.863303" />
      <trkpt lat="33.170328" lon="-96.863336" />
      <trkpt lat="33.170091" lon="-96.863401" />
      <trkpt lat="33.169850" lon="-96.863485" />
      <trkpt lat="33.169625" lon="-96.863584" />
      <trkpt lat="33.169564" lon="-96.863610" />
      <trkpt lat="33.169530" lon="-96.863625" />
      <trkpt lat="33.169470" lon="-96.863649" />
      <trkpt lat="33.169182" lon="-96.863769" />
      <trkpt lat="33.169057" lon="-96.863806" />
      <trkpt lat="33.168736" lon="-96.863867" />
      <trkpt lat="33.168558" lon="-96.863880" />
      <trkpt lat="33.166255" lon="-96.863911" />
      <trkpt lat="33.165392" lon="-96.863938" />
      <trkpt lat="33.163637" lon="-96.863950" />
      <trkpt lat="33.163635" lon="-96.863950" />
      <trkpt lat="33.163587" lon="-96.863951" />
      <trkpt lat="33.163532" lon="-96.863952" />
      <trkpt lat="33.161708" lon="-96.863958" />
      <trkpt lat="33.161706" lon="-96.863957" />
      <trkpt lat="33.160418" lon="-96.863977" />
      <trkpt lat="33.158809" lon="-96.863978" />
      <trkpt lat="33.156973" lon="-96.864001" />
      <trkpt lat="33.156969" lon="-96.864001" />
      <trkpt lat="33.153230" lon="-96.864029" />
      <trkpt lat="33.153127" lon="-96.864028" />
    </trkseg>
  </trk>
  <trk>
    <name>Ranger Mountain Bike Trail</name>
    <trkseg>
      <trkpt lat="33.201504" lon="-96.867125" />
      <trkpt lat="33.201517" lon="-96.867153" />
      <trkpt lat="33.201527" lon="-96.867182" />
      <trkpt lat="33.201533" lon="-96.867213" />
      <trkpt lat="33.201533" lon="-96.867236" />
      <trkpt lat="33.201531" lon="-96.867259" />
      <trkpt lat="33.201525" lon="-96.867280" />
      <trkpt lat="33.201517" lon="-96.867301" />
      <trkpt lat="33.201499" lon="-96.867328" />
      <trkpt lat="33.201485" lon="-96.867359" />
      <trkpt lat="33.201475" lon="-96.867375" />
      <trkpt lat="33.201463" lon="-96.867390" />
      <trkpt lat="33.201449" lon="-96.867402" />
      <trkpt lat="33.201434" lon="-96.867411" />
      <trkpt lat="33.201418" lon="-96.867418" />
      <trkpt lat="33.201393" lon="-96.867418" />
      <trkpt lat="33.201369" lon="-96.867413" />
      <trkpt lat="33.201346" lon="-96.867403" />
      <trkpt lat="33.201325" lon="-96.867389" />
      <trkpt lat="33.201307" lon="-96.867375" />
      <trkpt lat="33.201292" lon="-96.867357" />
      <trkpt lat="33.201280" lon="-96.867338" />
      <trkpt lat="33.201270" lon="-96.867315" />
      <trkpt lat="33.201262" lon="-96.867278" />
      <trkpt lat="33.201253" lon="-96.867256" />
      <trkpt lat="33.201242" lon="-96.867236" />
      <trkpt lat="33.201229" lon="-96.867218" />
      <trkpt lat="33.201214" lon="-96.867203" />
      <trkpt lat="33.201169" lon="-96.867160" />
      <trkpt lat="33.201155" lon="-96.867152" />
      <trkpt lat="33.201141" lon="-96.867147" />
      <trkpt lat="33.201126" lon="-96.867145" />
      <trkpt lat="33.201111" lon="-96.867145" />
      <trkpt lat="33.201096" lon="-96.867147" />
      <trkpt lat="33.201082" lon="-96.867153" />
      <trkpt lat="33.201028" lon="-96.867181" />
      <trkpt lat="33.200977" lon="-96.867216" />
      <trkpt lat="33.200956" lon="-96.867232" />
      <trkpt lat="33.200937" lon="-96.867252" />
      <trkpt lat="33.200921" lon="-96.867275" />
      <trkpt lat="33.200909" lon="-96.867300" />
      <trkpt lat="33.200899" lon="-96.867328" />
      <trkpt lat="33.200894" lon="-96.867357" />
      <trkpt lat="33.200893" lon="-96.867387" />
      <trkpt lat="33.200897" lon="-96.867457" />
      <trkpt lat="33.200898" lon="-96.867486" />
      <trkpt lat="33.200903" lon="-96.867515" />
      <trkpt lat="33.200912" lon="-96.867542" />
      <trkpt lat="33.200925" lon="-96.867567" />
      <trkpt lat="33.200934" lon="-96.867587" />
      <trkpt lat="33.200940" lon="-96.867610" />
      <trkpt lat="33.200942" lon="-96.867633" />
      <trkpt lat="33.200942" lon="-96.867649" />
      <trkpt lat="33.200940" lon="-96.867665" />
      <trkpt lat="33.200936" lon="-96.867681" />
      <trkpt lat="33.200929" lon="-96.867695" />
      <trkpt lat="33.200922" lon="-96.867708" />
      <trkpt lat="33.200912" lon="-96.867720" />
      <trkpt lat="33.200901" lon="-96.867730" />
      <trkpt lat="33.200866" lon="-96.867742" />
      <trkpt lat="33.200829" lon="-96.867748" />
      <trkpt lat="33.200797" lon="-96.867748" />
      <trkpt lat="33.200765" lon="-96.867743" />
      <trkpt lat="33.200734" lon="-96.867734" />
      <trkpt lat="33.200671" lon="-96.867711" />
      <trkpt lat="33.200659" lon="-96.867706" />
      <trkpt lat="33.200647" lon="-96.867703" />
      <trkpt lat="33.200634" lon="-96.867702" />
      <trkpt lat="33.200622" lon="-96.867704" />
      <trkpt lat="33.200610" lon="-96.867709" />
      <trkpt lat="33.200599" lon="-96.867715" />
      <trkpt lat="33.200589" lon="-96.867724" />
      <trkpt lat="33.200580" lon="-96.867735" />
      <trkpt lat="33.200573" lon="-96.867748" />
      <trkpt lat="33.200553" lon="-96.867788" />
      <trkpt lat="33.200529" lon="-96.867825" />
      <trkpt lat="33.200502" lon="-96.867859" />
      <trkpt lat="33.200471" lon="-96.867889" />
      <trkpt lat="33.200314" lon="-96.868046" />
      <trkpt lat="33.200294" lon="-96.868064" />
      <trkpt lat="33.200273" lon="-96.868078" />
      <trkpt lat="33.200251" lon="-96.868089" />
      <trkpt lat="33.200227" lon="-96.868095" />
      <trkpt lat="33.200215" lon="-96.868099" />
      <trkpt lat="33.200202" lon="-96.868100" />
      <trkpt lat="33.200189" lon="-96.868098" />
      <trkpt lat="33.200177" lon="-96.868094" />
      <trkpt lat="33.200165" lon="-96.868087" />
      <trkpt lat="33.200155" lon="-96.868078" />
      <trkpt lat="33.200146" lon="-96.868067" />
      <trkpt lat="33.200139" lon="-96.868054" />
      <trkpt lat="33.200133" lon="-96.868040" />
      <trkpt lat="33.200122" lon="-96.868003" />
      <trkpt lat="33.200108" lon="-96.867967" />
      <trkpt lat="33.200090" lon="-96.867933" />
      <trkpt lat="33.200055" lon="-96.867881" />
      <trkpt lat="33.200015" lon="-96.867835" />
      <trkpt lat="33.200005" lon="-96.867826" />
      <trkpt lat="33.199994" lon="-96.867819" />
      <trkpt lat="33.199982" lon="-96.867814" />
      <trkpt lat="33.199970" lon="-96.867813" />
      <trkpt lat="33.199957" lon="-96.867813" />
      <trkpt lat="33.199945" lon="-96.867816" />
      <trkpt lat="33.199933" lon="-96.867822" />
      <trkpt lat="33.199922" lon="-96.867829" />
      <trkpt lat="33.199879" lon="-96.867873" />
      <trkpt lat="33.199839" lon="-96.867920" />
      <trkpt lat="33.199803" lon="-96.867973" />
      <trkpt lat="33.199788" lon="-96.867992" />
      <trkpt lat="33.199772" lon="-96.868008" />
      <trkpt lat="33.199753" lon="-96.868020" />
      <trkpt lat="33.199733" lon="-96.868029" />
      <trkpt lat="33.199712" lon="-96.868034" />
      <trkpt lat="33.199676" lon="-96.868033" />
      <trkpt lat="33.199639" lon="-96.868029" />
      <trkpt lat="33.199603" lon="-96.868020" />
      <trkpt lat="33.199582" lon="-96.868007" />
      <trkpt lat="33.199570" lon="-96.867998" />
      <trkpt lat="33.199557" lon="-96.867991" />
      <trkpt lat="33.199544" lon="-96.867987" />
      <trkpt lat="33.199530" lon="-96.867987" />
      <trkpt lat="33.199516" lon="-96.867988" />
      <trkpt lat="33.199502" lon="-96.867993" />
      <trkpt lat="33.199485" lon="-96.868002" />
      <trkpt lat="33.199469" lon="-96.868013" />
      <trkpt lat="33.199454" lon="-96.868026" />
      <trkpt lat="33.199427" lon="-96.868052" />
      <trkpt lat="33.199396" lon="-96.868073" />
      <trkpt lat="33.199362" lon="-96.868087" />
      <trkpt lat="33.199316" lon="-96.868091" />
      <trkpt lat="33.199269" lon="-96.868088" />
      <trkpt lat="33.199223" lon="-96.868078" />
      <trkpt lat="33.199202" lon="-96.868066" />
      <trkpt lat="33.199180" lon="-96.868056" />
      <trkpt lat="33.199171" lon="-96.868050" />
      <trkpt lat="33.199163" lon="-96.868042" />
      <trkpt lat="33.199156" lon="-96.868034" />
      <trkpt lat="33.199150" lon="-96.868023" />
      <trkpt lat="33.199145" lon="-96.868012" />
      <trkpt lat="33.199142" lon="-96.868001" />
      <trkpt lat="33.199140" lon="-96.867988" />
      <trkpt lat="33.199140" lon="-96.867913" />
      <trkpt lat="33.199140" lon="-96.867901" />
      <trkpt lat="33.199139" lon="-96.867890" />
      <trkpt lat="33.199137" lon="-96.867879" />
      <trkpt lat="33.199133" lon="-96.867869" />
      <trkpt lat="33.199127" lon="-96.867859" />
      <trkpt lat="33.199121" lon="-96.867851" />
      <trkpt lat="33.199113" lon="-96.867845" />
      <trkpt lat="33.199104" lon="-96.867840" />
      <trkpt lat="33.199095" lon="-96.867837" />
      <trkpt lat="33.199085" lon="-96.867836" />
      <trkpt lat="33.199076" lon="-96.867837" />
      <trkpt lat="33.199067" lon="-96.867839" />
      <trkpt lat="33.199018" lon="-96.867875" />
      <trkpt lat="33.198976" lon="-96.867912" />
      <trkpt lat="33.198967" lon="-96.867920" />
      <trkpt lat="33.198961" lon="-96.867930" />
      <trkpt lat="33.198955" lon="-96.867942" />
      <trkpt lat="33.198952" lon="-96.867954" />
      <trkpt lat="33.198950" lon="-96.867966" />
      <trkpt lat="33.198950" lon="-96.867979" />
      <trkpt lat="33.198952" lon="-96.867992" />
      <trkpt lat="33.198956" lon="-96.868004" />
      <trkpt lat="33.198960" lon="-96.868014" />
      <trkpt lat="33.198964" lon="-96.868026" />
      <trkpt lat="33.198965" lon="-96.868037" />
      <trkpt lat="33.198965" lon="-96.868049" />
      <trkpt lat="33.198964" lon="-96.868061" />
      <trkpt lat="33.198961" lon="-96.868072" />
      <trkpt lat="33.198956" lon="-96.868082" />
      <trkpt lat="33.198951" lon="-96.868092" />
      <trkpt lat="33.198936" lon="-96.868106" />
      <trkpt lat="33.198920" lon="-96.868117" />
      <trkpt lat="33.198903" lon="-96.868125" />
      <trkpt lat="33.198885" lon="-96.868130" />
      <trkpt lat="33.198867" lon="-96.868132" />
      <trkpt lat="33.198849" lon="-96.868130" />
      <trkpt lat="33.198727" lon="-96.868115" />
      <trkpt lat="33.198708" lon="-96.868113" />
      <trkpt lat="33.198690" lon="-96.868107" />
      <trkpt lat="33.198673" lon="-96.868097" />
      <trkpt lat="33.198658" lon="-96.868085" />
      <trkpt lat="33.198644" lon="-96.868069" />
      <trkpt lat="33.198620" lon="-96.867962" />
      <trkpt lat="33.198619" lon="-96.867950" />
      <trkpt lat="33.198620" lon="-96.867938" />
      <trkpt lat="33.198623" lon="-96.867926" />
      <trkpt lat="33.198627" lon="-96.867915" />
      <trkpt lat="33.198632" lon="-96.867905" />
      <trkpt lat="33.198639" lon="-96.867896" />
      <trkpt lat="33.198647" lon="-96.867889" />
      <trkpt lat="33.198656" lon="-96.867883" />
      <trkpt lat="33.198666" lon="-96.867879" />
      <trkpt lat="33.198676" lon="-96.867877" />
      <trkpt lat="33.198686" lon="-96.867878" />
      <trkpt lat="33.198718" lon="-96.867874" />
      <trkpt lat="33.198749" lon="-96.867866" />
      <trkpt lat="33.198778" lon="-96.867853" />
      <trkpt lat="33.198792" lon="-96.867840" />
      <trkpt lat="33.198804" lon="-96.867825" />
      <trkpt lat="33.198814" lon="-96.867808" />
      <trkpt lat="33.198822" lon="-96.867790" />
      <trkpt lat="33.198827" lon="-96.867770" />
      <trkpt lat="33.198836" lon="-96.867719" />
      <trkpt lat="33.198841" lon="-96.867666" />
      <trkpt lat="33.198841" lon="-96.867614" />
      <trkpt lat="33.198836" lon="-96.867561" />
      <trkpt lat="33.198830" lon="-96.867547" />
      <trkpt lat="33.198823" lon="-96.867534" />
      <trkpt lat="33.198814" lon="-96.867522" />
      <trkpt lat="33.198803" lon="-96.867512" />
      <trkpt lat="33.198791" lon="-96.867504" />
      <trkpt lat="33.198778" lon="-96.867499" />
      <trkpt lat="33.198765" lon="-96.867496" />
      <trkpt lat="33.198752" lon="-96.867495" />
      <trkpt lat="33.198674" lon="-96.867497" />
      <trkpt lat="33.198630" lon="-96.867504" />
      <trkpt lat="33.198586" lon="-96.867505" />
      <trkpt lat="33.198541" lon="-96.867500" />
      <trkpt lat="33.198506" lon="-96.867493" />
      <trkpt lat="33.198471" lon="-96.867491" />
      <trkpt lat="33.198436" lon="-96.867494" />
      <trkpt lat="33.198401" lon="-96.867493" />
      <trkpt lat="33.198367" lon="-96.867487" />
      <trkpt lat="33.198334" lon="-96.867476" />
      <trkpt lat="33.198302" lon="-96.867460" />
      <trkpt lat="33.198295" lon="-96.867455" />
      <trkpt lat="33.198289" lon="-96.867447" />
      <trkpt lat="33.198283" lon="-96.867439" />
      <trkpt lat="33.198279" lon="-96.867430" />
      <trkpt lat="33.198276" lon="-96.867420" />
      <trkpt lat="33.198274" lon="-96.867410" />
      <trkpt lat="33.198286" lon="-96.867337" />
      <trkpt lat="33.198291" lon="-96.867264" />
      <trkpt lat="33.198290" lon="-96.867190" />
      <trkpt lat="33.198277" lon="-96.867045" />
      <trkpt lat="33.198273" lon="-96.866982" />
      <trkpt lat="33.198268" lon="-96.866919" />
      <trkpt lat="33.198264" lon="-96.866892" />
      <trkpt lat="33.198257" lon="-96.866867" />
      <trkpt lat="33.198247" lon="-96.866843" />
      <trkpt lat="33.198233" lon="-96.866821" />
      <trkpt lat="33.198217" lon="-96.866803" />
      <trkpt lat="33.198114" lon="-96.866716" />
      <trkpt lat="33.197920" lon="-96.866533" />
      <trkpt lat="33.197896" lon="-96.866512" />
      <trkpt lat="33.197869" lon="-96.866495" />
      <trkpt lat="33.197840" lon="-96.866484" />
      <trkpt lat="33.197810" lon="-96.866479" />
      <trkpt lat="33.197779" lon="-96.866480" />
      <trkpt lat="33.197771" lon="-96.866485" />
      <trkpt lat="33.197763" lon="-96.866491" />
      <trkpt lat="33.197756" lon="-96.866499" />
      <trkpt lat="33.197750" lon="-96.866508" />
      <trkpt lat="33.197745" lon="-96.866518" />
      <trkpt lat="33.197742" lon="-96.866529" />
      <trkpt lat="33.197741" lon="-96.866540" />
      <trkpt lat="33.197740" lon="-96.866550" />
      <trkpt lat="33.197741" lon="-96.866559" />
      <trkpt lat="33.197744" lon="-96.866569" />
      <trkpt lat="33.197747" lon="-96.866578" />
      <trkpt lat="33.197752" lon="-96.866585" />
      <trkpt lat="33.197779" lon="-96.866620" />
      <trkpt lat="33.197811" lon="-96.866648" />
      <trkpt lat="33.197818" lon="-96.866656" />
      <trkpt lat="33.197824" lon="-96.866666" />
      <trkpt lat="33.197829" lon="-96.866677" />
      <trkpt lat="33.197831" lon="-96.866689" />
      <trkpt lat="33.197859" lon="-96.866800" />
      <trkpt lat="33.197867" lon="-96.866829" />
      <trkpt lat="33.197870" lon="-96.866860" />
      <trkpt lat="33.197869" lon="-96.866891" />
      <trkpt lat="33.197865" lon="-96.866908" />
      <trkpt lat="33.197862" lon="-96.866925" />
      <trkpt lat="33.197862" lon="-96.866943" />
      <trkpt lat="33.197863" lon="-96.866961" />
      <trkpt lat="33.197873" lon="-96.867001" />
      <trkpt lat="33.197886" lon="-96.867041" />
      <trkpt lat="33.197891" lon="-96.867059" />
      <trkpt lat="33.197900" lon="-96.867076" />
      <trkpt lat="33.197910" lon="-96.867091" />
      <trkpt lat="33.197923" lon="-96.867104" />
      <trkpt lat="33.197980" lon="-96.867149" />
      <trkpt lat="33.197984" lon="-96.867153" />
      <trkpt lat="33.197988" lon="-96.867158" />
      <trkpt lat="33.197992" lon="-96.867164" />
      <trkpt lat="33.197994" lon="-96.867171" />
      <trkpt lat="33.197996" lon="-96.867177" />
      <trkpt lat="33.197996" lon="-96.867184" />
      <trkpt lat="33.197995" lon="-96.867191" />
      <trkpt lat="33.197994" lon="-96.867198" />
      <trkpt lat="33.197991" lon="-96.867204" />
      <trkpt lat="33.197971" lon="-96.867248" />
      <trkpt lat="33.197970" lon="-96.867252" />
      <trkpt lat="33.197967" lon="-96.867255" />
      <trkpt lat="33.197965" lon="-96.867257" />
      <trkpt lat="33.197962" lon="-96.867259" />
      <trkpt lat="33.197959" lon="-96.867261" />
      <trkpt lat="33.197955" lon="-96.867262" />
      <trkpt lat="33.197952" lon="-96.867262" />
      <trkpt lat="33.197949" lon="-96.867261" />
      <trkpt lat="33.197945" lon="-96.867260" />
      <trkpt lat="33.197734" lon="-96.867152" />
      <trkpt lat="33.197668" lon="-96.867112" />
      <trkpt lat="33.197659" lon="-96.867103" />
      <trkpt lat="33.197652" lon="-96.867093" />
      <trkpt lat="33.197647" lon="-96.867081" />
      <trkpt lat="33.197643" lon="-96.867068" />
      <trkpt lat="33.197641" lon="-96.867055" />
      <trkpt lat="33.197641" lon="-96.867041" />
      <trkpt lat="33.197643" lon="-96.867028" />
      <trkpt lat="33.197647" lon="-96.867012" />
      <trkpt lat="33.197648" lon="-96.866996" />
      <trkpt lat="33.197647" lon="-96.866980" />
      <trkpt lat="33.197644" lon="-96.866965" />
      <trkpt lat="33.197640" lon="-96.866950" />
      <trkpt lat="33.197635" lon="-96.866932" />
      <trkpt lat="33.197632" lon="-96.866914" />
      <trkpt lat="33.197632" lon="-96.866896" />
      <trkpt lat="33.197634" lon="-96.866878" />
      <trkpt lat="33.197633" lon="-96.866859" />
      <trkpt lat="33.197630" lon="-96.866841" />
      <trkpt lat="33.197625" lon="-96.866824" />
      <trkpt lat="33.197618" lon="-96.866808" />
      <trkpt lat="33.197597" lon="-96.866765" />
      <trkpt lat="33.197591" lon="-96.866757" />
      <trkpt lat="33.197584" lon="-96.866751" />
      <trkpt lat="33.197576" lon="-96.866747" />
      <trkpt lat="33.197568" lon="-96.866744" />
      <trkpt lat="33.197560" lon="-96.866743" />
      <trkpt lat="33.197551" lon="-96.866743" />
      <trkpt lat="33.197543" lon="-96.866746" />
      <trkpt lat="33.197535" lon="-96.866750" />
      <trkpt lat="33.197527" lon="-96.866755" />
      <trkpt lat="33.197521" lon="-96.866762" />
      <trkpt lat="33.197516" lon="-96.866770" />
      <trkpt lat="33.197519" lon="-96.866817" />
      <trkpt lat="33.197535" lon="-96.866896" />
      <trkpt lat="33.197538" lon="-96.866910" />
      <trkpt lat="33.197538" lon="-96.866925" />
      <trkpt lat="33.197536" lon="-96.866939" />
      <trkpt lat="33.197533" lon="-96.866952" />
      <trkpt lat="33.197528" lon="-96.866965" />
      <trkpt lat="33.197521" lon="-96.866977" />
      <trkpt lat="33.197515" lon="-96.866983" />
      <trkpt lat="33.197508" lon="-96.866989" />
      <trkpt lat="33.197501" lon="-96.866993" />
      <trkpt lat="33.197493" lon="-96.866995" />
      <trkpt lat="33.197486" lon="-96.866997" />
      <trkpt lat="33.197478" lon="-96.866996" />
      <trkpt lat="33.197470" lon="-96.866995" />
      <trkpt lat="33.197462" lon="-96.866992" />
      <trkpt lat="33.197455" lon="-96.866987" />
      <trkpt lat="33.197428" lon="-96.866950" />
      <trkpt lat="33.197406" lon="-96.866909" />
      <trkpt lat="33.197390" lon="-96.866864" />
      <trkpt lat="33.197388" lon="-96.866822" />
      <trkpt lat="33.197392" lon="-96.866780" />
      <trkpt lat="33.197401" lon="-96.866738" />
      <trkpt lat="33.197398" lon="-96.866723" />
      <trkpt lat="33.197392" lon="-96.866709" />
      <trkpt lat="33.197385" lon="-96.866695" />
      <trkpt lat="33.197375" lon="-96.866684" />
      <trkpt lat="33.197365" lon="-96.866674" />
      <trkpt lat="33.197353" lon="-96.866667" />
      <trkpt lat="33.197340" lon="-96.866659" />
      <trkpt lat="33.197329" lon="-96.866650" />
      <trkpt lat="33.197318" lon="-96.866639" />
      <trkpt lat="33.197310" lon="-96.866626" />
      <trkpt lat="33.197304" lon="-96.866610" />
      <trkpt lat="33.197300" lon="-96.866594" />
      <trkpt lat="33.197299" lon="-96.866577" />
      <trkpt lat="33.197299" lon="-96.866560" />
      <trkpt lat="33.197302" lon="-96.866544" />
      <trkpt lat="33.197306" lon="-96.866528" />
      <trkpt lat="33.197309" lon="-96.866515" />
      <trkpt lat="33.197310" lon="-96.866501" />
      <trkpt lat="33.197310" lon="-96.866488" />
      <trkpt lat="33.197307" lon="-96.866474" />
      <trkpt lat="33.197303" lon="-96.866462" />
      <trkpt lat="33.197297" lon="-96.866450" />
      <trkpt lat="33.197290" lon="-96.866440" />
      <trkpt lat="33.197277" lon="-96.866416" />
      <trkpt lat="33.197267" lon="-96.866390" />
      <trkpt lat="33.197260" lon="-96.866363" />
      <trkpt lat="33.197254" lon="-96.866350" />
      <trkpt lat="33.197248" lon="-96.866338" />
      <trkpt lat="33.197239" lon="-96.866327" />
      <trkpt lat="33.197230" lon="-96.866318" />
      <trkpt lat="33.197219" lon="-96.866311" />
      <trkpt lat="33.197208" lon="-96.866306" />
      <trkpt lat="33.197196" lon="-96.866303" />
      <trkpt lat="33.197184" lon="-96.866302" />
      <trkpt lat="33.197172" lon="-96.866304" />
      <trkpt lat="33.197167" lon="-96.866308" />
      <trkpt lat="33.197161" lon="-96.866312" />
      <trkpt lat="33.197156" lon="-96.866315" />
      <trkpt lat="33.197149" lon="-96.866316" />
      <trkpt lat="33.197143" lon="-96.866316" />
      <trkpt lat="33.197137" lon="-96.866315" />
      <trkpt lat="33.197131" lon="-96.866313" />
      <trkpt lat="33.197125" lon="-96.866309" />
      <trkpt lat="33.197121" lon="-96.866304" />
      <trkpt lat="33.197116" lon="-96.866299" />
      <trkpt lat="33.197113" lon="-96.866293" />
      <trkpt lat="33.197110" lon="-96.866271" />
      <trkpt lat="33.197110" lon="-96.866249" />
      <trkpt lat="33.197113" lon="-96.866227" />
      <trkpt lat="33.197118" lon="-96.866205" />
      <trkpt lat="33.197125" lon="-96.866185" />
      <trkpt lat="33.197131" lon="-96.866174" />
      <trkpt lat="33.197134" lon="-96.866161" />
      <trkpt lat="33.197136" lon="-96.866148" />
      <trkpt lat="33.197137" lon="-96.866135" />
      <trkpt lat="33.197135" lon="-96.866122" />
      <trkpt lat="33.197132" lon="-96.866110" />
      <trkpt lat="33.197128" lon="-96.866098" />
      <trkpt lat="33.197122" lon="-96.866087" />
      <trkpt lat="33.197116" lon="-96.866081" />
      <trkpt lat="33.197110" lon="-96.866075" />
      <trkpt lat="33.197103" lon="-96.866071" />
      <trkpt lat="33.197095" lon="-96.866068" />
      <trkpt lat="33.197087" lon="-96.866067" />
      <trkpt lat="33.197079" lon="-96.866068" />
      <trkpt lat="33.197072" lon="-96.866070" />
      <trkpt lat="33.197064" lon="-96.866073" />
      <trkpt lat="33.197058" lon="-96.866078" />
      <trkpt lat="33.197052" lon="-96.866084" />
      <trkpt lat="33.197047" lon="-96.866091" />
      <trkpt lat="33.197043" lon="-96.866100" />
      <trkpt lat="33.197040" lon="-96.866108" />
      <trkpt lat="33.197039" lon="-96.866122" />
      <trkpt lat="33.197036" lon="-96.866135" />
      <trkpt lat="33.197032" lon="-96.866148" />
      <trkpt lat="33.197025" lon="-96.866160" />
      <trkpt lat="33.197017" lon="-96.866169" />
      <trkpt lat="33.197008" lon="-96.866178" />
      <trkpt lat="33.196997" lon="-96.866184" />
      <trkpt lat="33.196986" lon="-96.866188" />
      <trkpt lat="33.196975" lon="-96.866189" />
      <trkpt lat="33.196963" lon="-96.866188" />
      <trkpt lat="33.196952" lon="-96.866185" />
      <trkpt lat="33.196941" lon="-96.866180" />
      <trkpt lat="33.196932" lon="-96.866172" />
      <trkpt lat="33.196923" lon="-96.866163" />
      <trkpt lat="33.196916" lon="-96.866152" />
      <trkpt lat="33.196884" lon="-96.866097" />
      <trkpt lat="33.196774" lon="-96.865908" />
      <trkpt lat="33.196723" lon="-96.865833" />
      <trkpt lat="33.196723" lon="-96.865823" />
      <trkpt lat="33.196724" lon="-96.865813" />
      <trkpt lat="33.196726" lon="-96.865804" />
      <trkpt lat="33.196730" lon="-96.865794" />
      <trkpt lat="33.196734" lon="-96.865786" />
      <trkpt lat="33.196740" lon="-96.865779" />
      <trkpt lat="33.196747" lon="-96.865773" />
      <trkpt lat="33.196755" lon="-96.865769" />
      <trkpt lat="33.196763" lon="-96.865766" />
      <trkpt lat="33.196771" lon="-96.865764" />
      <trkpt lat="33.196806" lon="-96.865769" />
      <trkpt lat="33.196841" lon="-96.865768" />
      <trkpt lat="33.196875" lon="-96.865762" />
      <trkpt lat="33.196909" lon="-96.865750" />
      <trkpt lat="33.196940" lon="-96.865733" />
      <trkpt lat="33.196990" lon="-96.865714" />
      <trkpt lat="33.197074" lon="-96.865672" />
      <trkpt lat="33.197095" lon="-96.865658" />
      <trkpt lat="33.197113" lon="-96.865640" />
      <trkpt lat="33.197129" lon="-96.865620" />
      <trkpt lat="33.197139" lon="-96.865602" />
      <trkpt lat="33.197145" lon="-96.865582" />
      <trkpt lat="33.197149" lon="-96.865561" />
      <trkpt lat="33.197150" lon="-96.865540" />
      <trkpt lat="33.197147" lon="-96.865519" />
      <trkpt lat="33.197142" lon="-96.865498" />
      <trkpt lat="33.197135" lon="-96.865488" />
      <trkpt lat="33.197127" lon="-96.865479" />
      <trkpt lat="33.197117" lon="-96.865471" />
      <trkpt lat="33.197107" lon="-96.865465" />
      <trkpt lat="33.197096" lon="-96.865461" />
      <trkpt lat="33.197018" lon="-96.865435" />
      <trkpt lat="33.196994" lon="-96.865427" />
      <trkpt lat="33.196970" lon="-96.865422" />
      <trkpt lat="33.196946" lon="-96.865422" />
      <trkpt lat="33.196825" lon="-96.865442" />
      <trkpt lat="33.196810" lon="-96.865445" />
      <trkpt lat="33.196795" lon="-96.865450" />
      <trkpt lat="33.196781" lon="-96.865458" />
      <trkpt lat="33.196646" lon="-96.865529" />
      <trkpt lat="33.196590" lon="-96.865557" />
      <trkpt lat="33.196572" lon="-96.865559" />
      <trkpt lat="33.196553" lon="-96.865556" />
      <trkpt lat="33.196535" lon="-96.865550" />
      <trkpt lat="33.196518" lon="-96.865541" />
      <trkpt lat="33.196421" lon="-96.865423" />
      <trkpt lat="33.196417" lon="-96.865415" />
      <trkpt lat="33.196414" lon="-96.865406" />
      <trkpt lat="33.196412" lon="-96.865396" />
      <trkpt lat="33.196411" lon="-96.865386" />
      <trkpt lat="33.196412" lon="-96.865377" />
      <trkpt lat="33.196414" lon="-96.865367" />
      <trkpt lat="33.196418" lon="-96.865358" />
      <trkpt lat="33.196422" lon="-96.865350" />
      <trkpt lat="33.196440" lon="-96.865329" />
      <trkpt lat="33.196454" lon="-96.865316" />
      <trkpt lat="33.196465" lon="-96.865301" />
      <trkpt lat="33.196475" lon="-96.865284" />
      <trkpt lat="33.196481" lon="-96.865265" />
      <trkpt lat="33.196485" lon="-96.865245" />
      <trkpt lat="33.196487" lon="-96.865211" />
      <trkpt lat="33.196484" lon="-96.865177" />
      <trkpt lat="33.196477" lon="-96.865144" />
      <trkpt lat="33.196465" lon="-96.865113" />
      <trkpt lat="33.196449" lon="-96.865085" />
      <trkpt lat="33.196429" lon="-96.865065" />
      <trkpt lat="33.196411" lon="-96.865043" />
      <trkpt lat="33.196396" lon="-96.865018" />
      <trkpt lat="33.196394" lon="-96.865012" />
      <trkpt lat="33.196392" lon="-96.865005" />
      <trkpt lat="33.196389" lon="-96.865000" />
      <trkpt lat="33.196385" lon="-96.864995" />
      <trkpt lat="33.196380" lon="-96.864991" />
      <trkpt lat="33.196375" lon="-96.864988" />
      <trkpt lat="33.196370" lon="-96.864986" />
      <trkpt lat="33.196363" lon="-96.864980" />
      <trkpt lat="33.196358" lon="-96.864972" />
      <trkpt lat="33.196354" lon="-96.864963" />
      <trkpt lat="33.196351" lon="-96.864954" />
      <trkpt lat="33.196350" lon="-96.864945" />
      <trkpt lat="33.196350" lon="-96.864935" />
      <trkpt lat="33.196351" lon="-96.864925" />
      <trkpt lat="33.196358" lon="-96.864842" />
      <trkpt lat="33.196360" lon="-96.864829" />
      <trkpt lat="33.196360" lon="-96.864816" />
      <trkpt lat="33.196358" lon="-96.864803" />
      <trkpt lat="33.196354" lon="-96.864790" />
      <trkpt lat="33.196349" lon="-96.864778" />
      <trkpt lat="33.196343" lon="-96.864768" />
      <trkpt lat="33.196335" lon="-96.864758" />
      <trkpt lat="33.196311" lon="-96.864732" />
      <trkpt lat="33.196290" lon="-96.864702" />
      <trkpt lat="33.196285" lon="-96.864691" />
      <trkpt lat="33.196278" lon="-96.864682" />
      <trkpt lat="33.196271" lon="-96.864673" />
      <trkpt lat="33.196262" lon="-96.864666" />
      <trkpt lat="33.196252" lon="-96.864662" />
      <trkpt lat="33.196242" lon="-96.864659" />
      <trkpt lat="33.196231" lon="-96.864658" />
      <trkpt lat="33.196221" lon="-96.864659" />
      <trkpt lat="33.196211" lon="-96.864662" />
      <trkpt lat="33.196201" lon="-96.864667" />
      <trkpt lat="33.196192" lon="-96.864674" />
      <trkpt lat="33.196185" lon="-96.864682" />
      <trkpt lat="33.196178" lon="-96.864692" />
      <trkpt lat="33.196173" lon="-96.864703" />
      <trkpt lat="33.196146" lon="-96.864782" />
      <trkpt lat="33.196142" lon="-96.864795" />
      <trkpt lat="33.196136" lon="-96.864807" />
      <trkpt lat="33.196129" lon="-96.864817" />
      <trkpt lat="33.196121" lon="-96.864826" />
      <trkpt lat="33.196111" lon="-96.864834" />
      <trkpt lat="33.196101" lon="-96.864839" />
      <trkpt lat="33.196090" lon="-96.864842" />
      <trkpt lat="33.196064" lon="-96.864843" />
      <trkpt lat="33.196040" lon="-96.864839" />
      <trkpt lat="33.196016" lon="-96.864829" />
      <trkpt lat="33.195993" lon="-96.864815" />
      <trkpt lat="33.195879" lon="-96.864646" />
      <trkpt lat="33.195769" lon="-96.864379" />
      <trkpt lat="33.195703" lon="-96.864194" />
      <trkpt lat="33.195690" lon="-96.864157" />
      <trkpt lat="33.195683" lon="-96.864119" />
      <trkpt lat="33.195676" lon="-96.864085" />
      <trkpt lat="33.195668" lon="-96.864068" />
      <trkpt lat="33.195658" lon="-96.864052" />
      <trkpt lat="33.195647" lon="-96.864039" />
      <trkpt lat="33.195633" lon="-96.864028" />
      <trkpt lat="33.195618" lon="-96.864020" />
      <trkpt lat="33.195602" lon="-96.864015" />
      <trkpt lat="33.195586" lon="-96.864013" />
      <trkpt lat="33.195570" lon="-96.864015" />
      <trkpt lat="33.195554" lon="-96.864019" />
      <trkpt lat="33.195500" lon="-96.864042" />
      <trkpt lat="33.195487" lon="-96.864046" />
      <trkpt lat="33.195475" lon="-96.864047" />
      <trkpt lat="33.195462" lon="-96.864045" />
      <trkpt lat="33.195449" lon="-96.864041" />
      <trkpt lat="33.195437" lon="-96.864035" />
      <trkpt lat="33.195427" lon="-96.864027" />
      <trkpt lat="33.195417" lon="-96.864017" />
      <trkpt lat="33.195409" lon="-96.864005" />
      <trkpt lat="33.195403" lon="-96.863988" />
      <trkpt lat="33.195400" lon="-96.863970" />
      <trkpt lat="33.195399" lon="-96.863952" />
      <trkpt lat="33.195401" lon="-96.863935" />
      <trkpt lat="33.195404" lon="-96.863917" />
      <trkpt lat="33.195457" lon="-96.863732" />
      <trkpt lat="33.195465" lon="-96.863713" />
      <trkpt lat="33.195474" lon="-96.863694" />
      <trkpt lat="33.195486" lon="-96.863677" />
      <trkpt lat="33.195503" lon="-96.863649" />
      <trkpt lat="33.195517" lon="-96.863617" />
      <trkpt lat="33.195527" lon="-96.863584" />
      <trkpt lat="33.195527" lon="-96.863558" />
      <trkpt lat="33.195523" lon="-96.863533" />
      <trkpt lat="33.195516" lon="-96.863509" />
      <trkpt lat="33.195506" lon="-96.863486" />
      <trkpt lat="33.195493" lon="-96.863466" />
      <trkpt lat="33.195478" lon="-96.863448" />
      <trkpt lat="33.195461" lon="-96.863433" />
      <trkpt lat="33.195426" lon="-96.863411" />
      <trkpt lat="33.195389" lon="-96.863395" />
      <trkpt lat="33.195332" lon="-96.863377" />
      <trkpt lat="33.195326" lon="-96.863376" />
      <trkpt lat="33.195319" lon="-96.863376" />
      <trkpt lat="33.195313" lon="-96.863377" />
      <trkpt lat="33.195307" lon="-96.863380" />
      <trkpt lat="33.195302" lon="-96.863383" />
      <trkpt lat="33.195297" lon="-96.863388" />
      <trkpt lat="33.195293" lon="-96.863393" />
      <trkpt lat="33.195289" lon="-96.863399" />
      <trkpt lat="33.195286" lon="-96.863406" />
      <trkpt lat="33.195285" lon="-96.863413" />
      <trkpt lat="33.195284" lon="-96.863420" />
      <trkpt lat="33.195284" lon="-96.863428" />
      <trkpt lat="33.195287" lon="-96.863437" />
      <trkpt lat="33.195289" lon="-96.863447" />
      <trkpt lat="33.195289" lon="-96.863457" />
      <trkpt lat="33.195288" lon="-96.863467" />
      <trkpt lat="33.195286" lon="-96.863476" />
      <trkpt lat="33.195282" lon="-96.863485" />
      <trkpt lat="33.195278" lon="-96.863494" />
      <trkpt lat="33.195272" lon="-96.863501" />
      <trkpt lat="33.195252" lon="-96.863521" />
      <trkpt lat="33.195235" lon="-96.863544" />
      <trkpt lat="33.195222" lon="-96.863570" />
      <trkpt lat="33.195216" lon="-96.863584" />
      <trkpt lat="33.195208" lon="-96.863596" />
      <trkpt lat="33.195198" lon="-96.863606" />
      <trkpt lat="33.195188" lon="-96.863614" />
      <trkpt lat="33.195176" lon="-96.863621" />
      <trkpt lat="33.195164" lon="-96.863625" />
      <trkpt lat="33.195151" lon="-96.863627" />
      <trkpt lat="33.195109" lon="-96.863600" />
      <trkpt lat="33.195069" lon="-96.863434" />
      <trkpt lat="33.195097" lon="-96.863406" />
      <trkpt lat="33.195128" lon="-96.863384" />
      <trkpt lat="33.195162" lon="-96.863368" />
      <trkpt lat="33.195197" lon="-96.863359" />
      <trkpt lat="33.195227" lon="-96.863352" />
      <trkpt lat="33.195255" lon="-96.863338" />
      <trkpt lat="33.195281" lon="-96.863320" />
      <trkpt lat="33.195305" lon="-96.863297" />
      <trkpt lat="33.195317" lon="-96.863287" />
      <trkpt lat="33.195330" lon="-96.863280" />
      <trkpt lat="33.195344" lon="-96.863275" />
      <trkpt lat="33.195359" lon="-96.863272" />
      <trkpt lat="33.195373" lon="-96.863272" />
      <trkpt lat="33.195388" lon="-96.863274" />
      <trkpt lat="33.195399" lon="-96.863274" />
      <trkpt lat="33.195410" lon="-96.863272" />
      <trkpt lat="33.195421" lon="-96.863268" />
      <trkpt lat="33.195431" lon="-96.863261" />
      <trkpt lat="33.195441" lon="-96.863253" />
      <trkpt lat="33.195449" lon="-96.863244" />
      <trkpt lat="33.195455" lon="-96.863233" />
      <trkpt lat="33.195459" lon="-96.863220" />
      <trkpt lat="33.195461" lon="-96.863206" />
      <trkpt lat="33.195461" lon="-96.863192" />
      <trkpt lat="33.195459" lon="-96.863179" />
      <trkpt lat="33.195455" lon="-96.863166" />
      <trkpt lat="33.195450" lon="-96.863153" />
      <trkpt lat="33.195443" lon="-96.863142" />
      <trkpt lat="33.195435" lon="-96.863132" />
      <trkpt lat="33.195415" lon="-96.863113" />
      <trkpt lat="33.195394" lon="-96.863098" />
      <trkpt lat="33.195370" lon="-96.863086" />
      <trkpt lat="33.195345" lon="-96.863079" />
      <trkpt lat="33.195320" lon="-96.863075" />
      <trkpt lat="33.195304" lon="-96.863074" />
      <trkpt lat="33.195287" lon="-96.863076" />
      <trkpt lat="33.195271" lon="-96.863081" />
      <trkpt lat="33.195256" lon="-96.863089" />
      <trkpt lat="33.195242" lon="-96.863100" />
      <trkpt lat="33.195229" lon="-96.863113" />
      <trkpt lat="33.195216" lon="-96.863124" />
      <trkpt lat="33.195201" lon="-96.863133" />
      <trkpt lat="33.195185" lon="-96.863138" />
      <trkpt lat="33.195169" lon="-96.863141" />
      <trkpt lat="33.195152" lon="-96.863140" />
      <trkpt lat="33.195136" lon="-96.863135" />
      <trkpt lat="33.195121" lon="-96.863128" />
      <trkpt lat="33.195040" lon="-96.863073" />
      <trkpt lat="33.195004" lon="-96.862903" />
      <trkpt lat="33.194981" lon="-96.862776" />
      <trkpt lat="33.194993" lon="-96.862741" />
      <trkpt lat="33.194997" lon="-96.862734" />
      <trkpt lat="33.195002" lon="-96.862727" />
      <trkpt lat="33.195008" lon="-96.862721" />
      <trkpt lat="33.195015" lon="-96.862717" />
      <trkpt lat="33.195022" lon="-96.862714" />
      <trkpt lat="33.195029" lon="-96.862712" />
      <trkpt lat="33.195037" lon="-96.862711" />
      <trkpt lat="33.195044" lon="-96.862712" />
      <trkpt lat="33.195051" lon="-96.862715" />
      <trkpt lat="33.195058" lon="-96.862719" />
      <trkpt lat="33.195064" lon="-96.862724" />
      <trkpt lat="33.195080" lon="-96.862734" />
      <trkpt lat="33.195098" lon="-96.862744" />
      <trkpt lat="33.195117" lon="-96.862752" />
      <trkpt lat="33.195137" lon="-96.862755" />
      <trkpt lat="33.195142" lon="-96.862756" />
      <trkpt lat="33.195146" lon="-96.862756" />
      <trkpt lat="33.195150" lon="-96.862754" />
      <trkpt lat="33.195154" lon="-96.862752" />
      <trkpt lat="33.195158" lon="-96.862749" />
      <trkpt lat="33.195161" lon="-96.862746" />
      <trkpt lat="33.195164" lon="-96.862742" />
      <trkpt lat="33.195166" lon="-96.862737" />
      <trkpt lat="33.195167" lon="-96.862732" />
      <trkpt lat="33.195168" lon="-96.862727" />
      <trkpt lat="33.195168" lon="-96.862722" />
      <trkpt lat="33.195167" lon="-96.862716" />
      <trkpt lat="33.195165" lon="-96.862712" />
      <trkpt lat="33.195163" lon="-96.862707" />
      <trkpt lat="33.195160" lon="-96.862703" />
      <trkpt lat="33.195144" lon="-96.862685" />
      <trkpt lat="33.195142" lon="-96.862682" />
      <trkpt lat="33.195140" lon="-96.862679" />
      <trkpt lat="33.195138" lon="-96.862675" />
      <trkpt lat="33.195137" lon="-96.862671" />
      <trkpt lat="33.195135" lon="-96.862635" />
      <trkpt lat="33.195138" lon="-96.862598" />
      <trkpt lat="33.195145" lon="-96.862562" />
      <trkpt lat="33.195148" lon="-96.862547" />
      <trkpt lat="33.195153" lon="-96.862533" />
      <trkpt lat="33.195160" lon="-96.862519" />
      <trkpt lat="33.195169" lon="-96.862508" />
      <trkpt lat="33.195180" lon="-96.862498" />
      <trkpt lat="33.195192" lon="-96.862490" />
      <trkpt lat="33.195204" lon="-96.862485" />
      <trkpt lat="33.195217" lon="-96.862483" />
      <trkpt lat="33.195230" lon="-96.862483" />
      <trkpt lat="33.195251" lon="-96.862484" />
      <trkpt lat="33.195272" lon="-96.862480" />
      <trkpt lat="33.195291" lon="-96.862473" />
      <trkpt lat="33.195299" lon="-96.862466" />
      <trkpt lat="33.195305" lon="-96.862459" />
      <trkpt lat="33.195310" lon="-96.862450" />
      <trkpt lat="33.195314" lon="-96.862440" />
      <trkpt lat="33.195316" lon="-96.862430" />
      <trkpt lat="33.195317" lon="-96.862419" />
      <trkpt lat="33.195316" lon="-96.862409" />
      <trkpt lat="33.195314" lon="-96.862398" />
      <trkpt lat="33.195310" lon="-96.862389" />
      <trkpt lat="33.195305" lon="-96.862382" />
      <trkpt lat="33.195301" lon="-96.862373" />
      <trkpt lat="33.195299" lon="-96.862365" />
      <trkpt lat="33.195298" lon="-96.862356" />
      <trkpt lat="33.195297" lon="-96.862346" />
      <trkpt lat="33.195299" lon="-96.862337" />
      <trkpt lat="33.195301" lon="-96.862328" />
      <trkpt lat="33.195306" lon="-96.862318" />
      <trkpt lat="33.195313" lon="-96.862308" />
      <trkpt lat="33.195320" lon="-96.862300" />
      <trkpt lat="33.195329" lon="-96.862293" />
      <trkpt lat="33.195339" lon="-96.862288" />
      <trkpt lat="33.195349" lon="-96.862285" />
      <trkpt lat="33.195359" lon="-96.862284" />
      <trkpt lat="33.195444" lon="-96.862260" />
      <trkpt lat="33.195457" lon="-96.862255" />
      <trkpt lat="33.195471" lon="-96.862252" />
      <trkpt lat="33.195486" lon="-96.862252" />
      <trkpt lat="33.195500" lon="-96.862256" />
      <trkpt lat="33.195513" lon="-96.862262" />
      <trkpt lat="33.195543" lon="-96.862278" />
      <trkpt lat="33.195552" lon="-96.862281" />
      <trkpt lat="33.195561" lon="-96.862283" />
      <trkpt lat="33.195570" lon="-96.862282" />
      <trkpt lat="33.195579" lon="-96.862280" />
      <trkpt lat="33.195588" lon="-96.862276" />
      <trkpt lat="33.195596" lon="-96.862270" />
      <trkpt lat="33.195603" lon="-96.862263" />
      <trkpt lat="33.195608" lon="-96.862255" />
      <trkpt lat="33.195613" lon="-96.862245" />
      <trkpt lat="33.195616" lon="-96.862235" />
      <trkpt lat="33.195618" lon="-96.862224" />
      <trkpt lat="33.195618" lon="-96.862213" />
      <trkpt lat="33.195615" lon="-96.862194" />
      <trkpt lat="33.195615" lon="-96.862176" />
      <trkpt lat="33.195617" lon="-96.862157" />
      <trkpt lat="33.195622" lon="-96.862138" />
      <trkpt lat="33.195629" lon="-96.862120" />
      <trkpt lat="33.195639" lon="-96.862104" />
      <trkpt lat="33.195650" lon="-96.862089" />
      <trkpt lat="33.195664" lon="-96.862078" />
      <trkpt lat="33.195679" lon="-96.862069" />
      <trkpt lat="33.195688" lon="-96.862064" />
      <trkpt lat="33.195697" lon="-96.862061" />
      <trkpt lat="33.195707" lon="-96.862059" />
      <trkpt lat="33.195717" lon="-96.862060" />
      <trkpt lat="33.195726" lon="-96.862063" />
      <trkpt lat="33.195735" lon="-96.862068" />
      <trkpt lat="33.195744" lon="-96.862074" />
      <trkpt lat="33.195751" lon="-96.862082" />
      <trkpt lat="33.195757" lon="-96.862091" />
      <trkpt lat="33.195761" lon="-96.862102" />
      <trkpt lat="33.195764" lon="-96.862113" />
      <trkpt lat="33.195765" lon="-96.862125" />
      <trkpt lat="33.195765" lon="-96.862136" />
      <trkpt lat="33.195788" lon="-96.862169" />
      <trkpt lat="33.195815" lon="-96.862197" />
      <trkpt lat="33.195844" lon="-96.862221" />
      <trkpt lat="33.195858" lon="-96.862227" />
      <trkpt lat="33.195872" lon="-96.862231" />
      <trkpt lat="33.195887" lon="-96.862231" />
      <trkpt lat="33.195901" lon="-96.862229" />
      <trkpt lat="33.195915" lon="-96.862223" />
      <trkpt lat="33.195928" lon="-96.862215" />
      <trkpt lat="33.195939" lon="-96.862205" />
      <trkpt lat="33.195953" lon="-96.862198" />
      <trkpt lat="33.195968" lon="-96.862194" />
      <trkpt lat="33.195984" lon="-96.862193" />
      <trkpt lat="33.195999" lon="-96.862194" />
      <trkpt lat="33.196014" lon="-96.862199" />
      <trkpt lat="33.196028" lon="-96.862206" />
      <trkpt lat="33.196040" lon="-96.862209" />
      <trkpt lat="33.196052" lon="-96.862210" />
      <trkpt lat="33.196064" lon="-96.862209" />
      <trkpt lat="33.196076" lon="-96.862205" />
      <trkpt lat="33.196087" lon="-96.862199" />
      <trkpt lat="33.196097" lon="-96.862191" />
      <trkpt lat="33.196106" lon="-96.862181" />
      <trkpt lat="33.196113" lon="-96.862169" />
      <trkpt lat="33.196118" lon="-96.862156" />
      <trkpt lat="33.196122" lon="-96.862143" />
      <trkpt lat="33.196124" lon="-96.862128" />
      <trkpt lat="33.196118" lon="-96.862101" />
      <trkpt lat="33.196107" lon="-96.862074" />
      <trkpt lat="33.196094" lon="-96.862050" />
      <trkpt lat="33.196077" lon="-96.862029" />
      <trkpt lat="33.196052" lon="-96.861987" />
      <trkpt lat="33.196023" lon="-96.861950" />
      <trkpt lat="33.195989" lon="-96.861918" />
      <trkpt lat="33.195976" lon="-96.861887" />
      <trkpt lat="33.195967" lon="-96.861854" />
      <trkpt lat="33.195961" lon="-96.861820" />
      <trkpt lat="33.195959" lon="-96.861786" />
      <trkpt lat="33.195971" lon="-96.861728" />
      <trkpt lat="33.195988" lon="-96.861673" />
      <trkpt lat="33.195990" lon="-96.861666" />
      <trkpt lat="33.195993" lon="-96.861660" />
      <trkpt lat="33.195997" lon="-96.861654" />
      <trkpt lat="33.196001" lon="-96.861649" />
      <trkpt lat="33.196007" lon="-96.861645" />
      <trkpt lat="33.196013" lon="-96.861643" />
      <trkpt lat="33.196019" lon="-96.861641" />
      <trkpt lat="33.196025" lon="-96.861641" />
      <trkpt lat="33.196031" lon="-96.861642" />
      <trkpt lat="33.196037" lon="-96.861645" />
      <trkpt lat="33.196042" lon="-96.861648" />
      <trkpt lat="33.196047" lon="-96.861653" />
      <trkpt lat="33.196051" lon="-96.861658" />
      <trkpt lat="33.196055" lon="-96.861664" />
      <trkpt lat="33.196057" lon="-96.861671" />
      <trkpt lat="33.196058" lon="-96.861678" />
      <trkpt lat="33.196059" lon="-96.861696" />
      <trkpt lat="33.196062" lon="-96.861713" />
      <trkpt lat="33.196068" lon="-96.861729" />
      <trkpt lat="33.196073" lon="-96.861734" />
      <trkpt lat="33.196080" lon="-96.861738" />
      <trkpt lat="33.196087" lon="-96.861740" />
      <trkpt lat="33.196094" lon="-96.861741" />
      <trkpt lat="33.196101" lon="-96.861740" />
      <trkpt lat="33.196108" lon="-96.861738" />
      <trkpt lat="33.196114" lon="-96.861735" />
      <trkpt lat="33.196120" lon="-96.861731" />
      <trkpt lat="33.196125" lon="-96.861725" />
      <trkpt lat="33.196130" lon="-96.861719" />
      <trkpt lat="33.196133" lon="-96.861711" />
      <trkpt lat="33.196136" lon="-96.861703" />
      <trkpt lat="33.196137" lon="-96.861695" />
      <trkpt lat="33.196137" lon="-96.861687" />
      <trkpt lat="33.196136" lon="-96.861678" />
      <trkpt lat="33.196133" lon="-96.861653" />
      <trkpt lat="33.196127" lon="-96.861629" />
      <trkpt lat="33.196119" lon="-96.861607" />
      <trkpt lat="33.196107" lon="-96.861586" />
      <trkpt lat="33.196090" lon="-96.861544" />
      <trkpt lat="33.196077" lon="-96.861500" />
      <trkpt lat="33.196071" lon="-96.861454" />
      <trkpt lat="33.196069" lon="-96.861408" />
      <trkpt lat="33.196073" lon="-96.861356" />
      <trkpt lat="33.196073" lon="-96.861336" />
      <trkpt lat="33.196076" lon="-96.861316" />
      <trkpt lat="33.196082" lon="-96.861296" />
      <trkpt lat="33.196090" lon="-96.861279" />
      <trkpt lat="33.196101" lon="-96.861263" />
      <trkpt lat="33.196113" lon="-96.861249" />
      <trkpt lat="33.196128" lon="-96.861238" />
      <trkpt lat="33.196142" lon="-96.861225" />
      <trkpt lat="33.196155" lon="-96.861209" />
      <trkpt lat="33.196165" lon="-96.861191" />
      <trkpt lat="33.196172" lon="-96.861171" />
      <trkpt lat="33.196177" lon="-96.861151" />
      <trkpt lat="33.196179" lon="-96.861129" />
      <trkpt lat="33.196179" lon="-96.861108" />
      <trkpt lat="33.196181" lon="-96.861090" />
      <trkpt lat="33.196186" lon="-96.861073" />
      <trkpt lat="33.196193" lon="-96.861057" />
      <trkpt lat="33.196202" lon="-96.861043" />
      <trkpt lat="33.196213" lon="-96.861031" />
      <trkpt lat="33.196226" lon="-96.861022" />
      <trkpt lat="33.196240" lon="-96.861015" />
      <trkpt lat="33.196255" lon="-96.861011" />
      <trkpt lat="33.196275" lon="-96.861001" />
      <trkpt lat="33.196293" lon="-96.860987" />
      <trkpt lat="33.196310" lon="-96.860969" />
      <trkpt lat="33.196318" lon="-96.860962" />
      <trkpt lat="33.196328" lon="-96.860957" />
      <trkpt lat="33.196338" lon="-96.860954" />
      <trkpt lat="33.196348" lon="-96.860954" />
      <trkpt lat="33.196359" lon="-96.860955" />
      <trkpt lat="33.196364" lon="-96.860958" />
      <trkpt lat="33.196369" lon="-96.860961" />
      <trkpt lat="33.196374" lon="-96.860965" />
      <trkpt lat="33.196378" lon="-96.860970" />
      <trkpt lat="33.196382" lon="-96.860977" />
      <trkpt lat="33.196385" lon="-96.860984" />
      <trkpt lat="33.196387" lon="-96.860993" />
      <trkpt lat="33.196388" lon="-96.861001" />
      <trkpt lat="33.196388" lon="-96.861010" />
      <trkpt lat="33.196386" lon="-96.861018" />
      <trkpt lat="33.196383" lon="-96.861026" />
      <trkpt lat="33.196380" lon="-96.861033" />
      <trkpt lat="33.196375" lon="-96.861053" />
      <trkpt lat="33.196374" lon="-96.861073" />
      <trkpt lat="33.196376" lon="-96.861093" />
      <trkpt lat="33.196380" lon="-96.861113" />
      <trkpt lat="33.196390" lon="-96.861150" />
      <trkpt lat="33.196405" lon="-96.861185" />
      <trkpt lat="33.196422" lon="-96.861217" />
      <trkpt lat="33.196441" lon="-96.861247" />
      <trkpt lat="33.196463" lon="-96.861275" />
      <trkpt lat="33.196471" lon="-96.861283" />
      <trkpt lat="33.196481" lon="-96.861291" />
      <trkpt lat="33.196491" lon="-96.861296" />
      <trkpt lat="33.196503" lon="-96.861299" />
      <trkpt lat="33.196514" lon="-96.861300" />
      <trkpt lat="33.196525" lon="-96.861299" />
      <trkpt lat="33.196536" lon="-96.861296" />
      <trkpt lat="33.196547" lon="-96.861291" />
      <trkpt lat="33.196557" lon="-96.861284" />
      <trkpt lat="33.196572" lon="-96.861271" />
      <trkpt lat="33.196584" lon="-96.861255" />
      <trkpt lat="33.196594" lon="-96.861237" />
      <trkpt lat="33.196602" lon="-96.861216" />
      <trkpt lat="33.196607" lon="-96.861195" />
      <trkpt lat="33.196607" lon="-96.861165" />
      <trkpt lat="33.196604" lon="-96.861135" />
      <trkpt lat="33.196597" lon="-96.861105" />
      <trkpt lat="33.196595" lon="-96.861086" />
      <trkpt lat="33.196595" lon="-96.861067" />
      <trkpt lat="33.196598" lon="-96.861048" />
      <trkpt lat="33.196604" lon="-96.861030" />
      <trkpt lat="33.196612" lon="-96.861013" />
      <trkpt lat="33.196622" lon="-96.860999" />
      <trkpt lat="33.196634" lon="-96.860986" />
      <trkpt lat="33.196648" lon="-96.860975" />
      <trkpt lat="33.196663" lon="-96.860968" />
      <trkpt lat="33.196681" lon="-96.860961" />
      <trkpt lat="33.196700" lon="-96.860959" />
      <trkpt lat="33.196719" lon="-96.860960" />
      <trkpt lat="33.196738" lon="-96.860965" />
      <trkpt lat="33.196756" lon="-96.860974" />
      <trkpt lat="33.196768" lon="-96.860988" />
      <trkpt lat="33.196779" lon="-96.861005" />
      <trkpt lat="33.196787" lon="-96.861024" />
      <trkpt lat="33.196793" lon="-96.861044" />
      <trkpt lat="33.196796" lon="-96.861065" />
      <trkpt lat="33.196802" lon="-96.861092" />
      <trkpt lat="33.196811" lon="-96.861118" />
      <trkpt lat="33.196823" lon="-96.861142" />
      <trkpt lat="33.196838" lon="-96.861164" />
      <trkpt lat="33.196855" lon="-96.861183" />
      <trkpt lat="33.196871" lon="-96.861195" />
      <trkpt lat="33.196887" lon="-96.861204" />
      <trkpt lat="33.196905" lon="-96.861210" />
      <trkpt lat="33.196923" lon="-96.861213" />
      <trkpt lat="33.196942" lon="-96.861212" />
      <trkpt lat="33.196960" lon="-96.861209" />
      <trkpt lat="33.196982" lon="-96.861195" />
      <trkpt lat="33.197003" lon="-96.861178" />
      <trkpt lat="33.197021" lon="-96.861157" />
      <trkpt lat="33.197039" lon="-96.861131" />
      <trkpt lat="33.197053" lon="-96.861103" />
      <trkpt lat="33.197064" lon="-96.861072" />
      <trkpt lat="33.197071" lon="-96.861040" />
      <trkpt lat="33.197086" lon="-96.861014" />
      <trkpt lat="33.197105" lon="-96.860992" />
      <trkpt lat="33.197126" lon="-96.860974" />
      <trkpt lat="33.197149" lon="-96.860959" />
      <trkpt lat="33.197174" lon="-96.860950" />
      <trkpt lat="33.197186" lon="-96.860950" />
      <trkpt lat="33.197198" lon="-96.860952" />
      <trkpt lat="33.197210" lon="-96.860957" />
      <trkpt lat="33.197220" lon="-96.860964" />
      <trkpt lat="33.197230" lon="-96.860973" />
      <trkpt lat="33.197237" lon="-96.860984" />
      <trkpt lat="33.197241" lon="-96.860996" />
      <trkpt lat="33.197243" lon="-96.861010" />
      <trkpt lat="33.197244" lon="-96.861023" />
      <trkpt lat="33.197242" lon="-96.861037" />
      <trkpt lat="33.197239" lon="-96.861050" />
      <trkpt lat="33.197235" lon="-96.861062" />
      <trkpt lat="33.197229" lon="-96.861073" />
      <trkpt lat="33.197197" lon="-96.861104" />
      <trkpt lat="33.197179" lon="-96.861129" />
      <trkpt lat="33.197165" lon="-96.861157" />
      <trkpt lat="33.197154" lon="-96.861187" />
      <trkpt lat="33.197148" lon="-96.861219" />
      <trkpt lat="33.197145" lon="-96.861251" />
      <trkpt lat="33.197148" lon="-96.861296" />
      <trkpt lat="33.197156" lon="-96.861340" />
      <trkpt lat="33.197170" lon="-96.861381" />
      <trkpt lat="33.197190" lon="-96.861419" />
      <trkpt lat="33.197225" lon="-96.861462" />
      <trkpt lat="33.197247" lon="-96.861494" />
      <trkpt lat="33.197265" lon="-96.861528" />
      <trkpt lat="33.197280" lon="-96.861565" />
      <trkpt lat="33.197286" lon="-96.861586" />
      <trkpt lat="33.197289" lon="-96.861608" />
      <trkpt lat="33.197289" lon="-96.861630" />
      <trkpt lat="33.197287" lon="-96.861653" />
      <trkpt lat="33.197282" lon="-96.861674" />
      <trkpt lat="33.197274" lon="-96.861694" />
      <trkpt lat="33.197238" lon="-96.861780" />
      <trkpt lat="33.197235" lon="-96.861796" />
      <trkpt lat="33.197234" lon="-96.861813" />
      <trkpt lat="33.197235" lon="-96.861829" />
      <trkpt lat="33.197239" lon="-96.861845" />
      <trkpt lat="33.197244" lon="-96.861861" />
      <trkpt lat="33.197251" lon="-96.861875" />
      <trkpt lat="33.197260" lon="-96.861888" />
      <trkpt lat="33.197271" lon="-96.861898" />
      <trkpt lat="33.197321" lon="-96.861936" />
      <trkpt lat="33.197337" lon="-96.861953" />
      <trkpt lat="33.197350" lon="-96.861973" />
      <trkpt lat="33.197361" lon="-96.861996" />
      <trkpt lat="33.197369" lon="-96.862020" />
      <trkpt lat="33.197373" lon="-96.862045" />
      <trkpt lat="33.197378" lon="-96.862072" />
      <trkpt lat="33.197387" lon="-96.862098" />
      <trkpt lat="33.197398" lon="-96.862122" />
      <trkpt lat="33.197413" lon="-96.862143" />
      <trkpt lat="33.197431" lon="-96.862162" />
      <trkpt lat="33.197443" lon="-96.862171" />
      <trkpt lat="33.197456" lon="-96.862178" />
      <trkpt lat="33.197470" lon="-96.862183" />
      <trkpt lat="33.197484" lon="-96.862185" />
      <trkpt lat="33.197498" lon="-96.862184" />
      <trkpt lat="33.197513" lon="-96.862181" />
      <trkpt lat="33.197526" lon="-96.862174" />
      <trkpt lat="33.197539" lon="-96.862166" />
      <trkpt lat="33.197565" lon="-96.862141" />
      <trkpt lat="33.197593" lon="-96.862119" />
      <trkpt lat="33.197601" lon="-96.862114" />
      <trkpt lat="33.197611" lon="-96.862110" />
      <trkpt lat="33.197620" lon="-96.862109" />
      <trkpt lat="33.197630" lon="-96.862109" />
      <trkpt lat="33.197640" lon="-96.862111" />
      <trkpt lat="33.197649" lon="-96.862115" />
      <trkpt lat="33.197657" lon="-96.862120" />
      <trkpt lat="33.197665" lon="-96.862127" />
      <trkpt lat="33.197672" lon="-96.862135" />
      <trkpt lat="33.197677" lon="-96.862145" />
      <trkpt lat="33.197681" lon="-96.862156" />
      <trkpt lat="33.197684" lon="-96.862167" />
      <trkpt lat="33.197688" lon="-96.862200" />
      <trkpt lat="33.197690" lon="-96.862217" />
      <trkpt lat="33.197695" lon="-96.862233" />
      <trkpt lat="33.197702" lon="-96.862249" />
      <trkpt lat="33.197711" lon="-96.862262" />
      <trkpt lat="33.197739" lon="-96.862298" />
      <trkpt lat="33.197761" lon="-96.862339" />
      <trkpt lat="33.197776" lon="-96.862384" />
      <trkpt lat="33.197780" lon="-96.862409" />
      <trkpt lat="33.197780" lon="-96.862435" />
      <trkpt lat="33.197776" lon="-96.862460" />
      <trkpt lat="33.197770" lon="-96.862484" />
      <trkpt lat="33.197759" lon="-96.862501" />
      <trkpt lat="33.197746" lon="-96.862516" />
      <trkpt lat="33.197732" lon="-96.862528" />
      <trkpt lat="33.197716" lon="-96.862538" />
      <trkpt lat="33.197699" lon="-96.862544" />
      <trkpt lat="33.197598" lon="-96.862574" />
      <trkpt lat="33.197588" lon="-96.862580" />
      <trkpt lat="33.197579" lon="-96.862588" />
      <trkpt lat="33.197571" lon="-96.862597" />
      <trkpt lat="33.197564" lon="-96.862608" />
      <trkpt lat="33.197559" lon="-96.862620" />
      <trkpt lat="33.197556" lon="-96.862632" />
      <trkpt lat="33.197555" lon="-96.862646" />
      <trkpt lat="33.197556" lon="-96.862659" />
      <trkpt lat="33.197558" lon="-96.862672" />
      <trkpt lat="33.197574" lon="-96.862696" />
      <trkpt lat="33.197594" lon="-96.862717" />
      <trkpt lat="33.197616" lon="-96.862734" />
      <trkpt lat="33.197657" lon="-96.862754" />
      <trkpt lat="33.197700" lon="-96.862772" />
      <trkpt lat="33.197724" lon="-96.862783" />
      <trkpt lat="33.197746" lon="-96.862798" />
      <trkpt lat="33.197766" lon="-96.862816" />
      <trkpt lat="33.197783" lon="-96.862839" />
      <trkpt lat="33.197788" lon="-96.862850" />
      <trkpt lat="33.197791" lon="-96.862861" />
      <trkpt lat="33.197793" lon="-96.862873" />
      <trkpt lat="33.197793" lon="-96.862886" />
      <trkpt lat="33.197791" lon="-96.862898" />
      <trkpt lat="33.197788" lon="-96.862909" />
      <trkpt lat="33.197783" lon="-96.862920" />
      <trkpt lat="33.197776" lon="-96.862930" />
      <trkpt lat="33.197769" lon="-96.862938" />
      <trkpt lat="33.197757" lon="-96.862949" />
      <trkpt lat="33.197747" lon="-96.862961" />
      <trkpt lat="33.197744" lon="-96.862968" />
      <trkpt lat="33.197742" lon="-96.862977" />
      <trkpt lat="33.197741" lon="-96.862985" />
      <trkpt lat="33.197742" lon="-96.862993" />
      <trkpt lat="33.197743" lon="-96.863002" />
      <trkpt lat="33.197746" lon="-96.863009" />
      <trkpt lat="33.197750" lon="-96.863017" />
      <trkpt lat="33.197755" lon="-96.863023" />
      <trkpt lat="33.197760" lon="-96.863028" />
      <trkpt lat="33.197766" lon="-96.863032" />
      <trkpt lat="33.197773" lon="-96.863035" />
      <trkpt lat="33.197780" lon="-96.863036" />
      <trkpt lat="33.197787" lon="-96.863036" />
      <trkpt lat="33.197794" lon="-96.863034" />
      <trkpt lat="33.197801" lon="-96.863031" />
      <trkpt lat="33.197825" lon="-96.863008" />
      <trkpt lat="33.197848" lon="-96.862981" />
      <trkpt lat="33.197859" lon="-96.862970" />
      <trkpt lat="33.197871" lon="-96.862961" />
      <trkpt lat="33.197884" lon="-96.862954" />
      <trkpt lat="33.197898" lon="-96.862949" />
      <trkpt lat="33.197935" lon="-96.862937" />
      <trkpt lat="33.197943" lon="-96.862933" />
      <trkpt lat="33.197951" lon="-96.862927" />
      <trkpt lat="33.197958" lon="-96.862920" />
      <trkpt lat="33.197964" lon="-96.862912" />
      <trkpt lat="33.197968" lon="-96.862902" />
      <trkpt lat="33.197972" lon="-96.862892" />
      <trkpt lat="33.197974" lon="-96.862881" />
      <trkpt lat="33.197974" lon="-96.862870" />
      <trkpt lat="33.197973" lon="-96.862860" />
      <trkpt lat="33.197972" lon="-96.862815" />
      <trkpt lat="33.197972" lon="-96.862801" />
      <trkpt lat="33.197974" lon="-96.862787" />
      <trkpt lat="33.197979" lon="-96.862774" />
      <trkpt lat="33.197985" lon="-96.862762" />
      <trkpt lat="33.197992" lon="-96.862751" />
      <trkpt lat="33.198001" lon="-96.862742" />
      <trkpt lat="33.198012" lon="-96.862735" />
      <trkpt lat="33.198023" lon="-96.862730" />
      <trkpt lat="33.198034" lon="-96.862727" />
      <trkpt lat="33.198046" lon="-96.862727" />
      <trkpt lat="33.198103" lon="-96.862714" />
      <trkpt lat="33.198112" lon="-96.862709" />
      <trkpt lat="33.198120" lon="-96.862703" />
      <trkpt lat="33.198128" lon="-96.862695" />
      <trkpt lat="33.198134" lon="-96.862686" />
      <trkpt lat="33.198139" lon="-96.862675" />
      <trkpt lat="33.198142" lon="-96.862664" />
      <trkpt lat="33.198144" lon="-96.862652" />
      <trkpt lat="33.198144" lon="-96.862641" />
      <trkpt lat="33.198142" lon="-96.862629" />
      <trkpt lat="33.198135" lon="-96.862607" />
      <trkpt lat="33.198125" lon="-96.862587" />
      <trkpt lat="33.198112" lon="-96.862570" />
      <trkpt lat="33.198097" lon="-96.862555" />
      <trkpt lat="33.198067" lon="-96.862522" />
      <trkpt lat="33.198033" lon="-96.862490" />
      <trkpt lat="33.198003" lon="-96.862454" />
      <trkpt lat="33.197976" lon="-96.862413" />
      <trkpt lat="33.197966" lon="-96.862396" />
      <trkpt lat="33.197958" lon="-96.862377" />
      <trkpt lat="33.197952" lon="-96.862357" />
      <trkpt lat="33.197950" lon="-96.862336" />
      <trkpt lat="33.197951" lon="-96.862315" />
      <trkpt lat="33.197955" lon="-96.862267" />
      <trkpt lat="33.197955" lon="-96.862250" />
      <trkpt lat="33.197954" lon="-96.862234" />
      <trkpt lat="33.197950" lon="-96.862218" />
      <trkpt lat="33.197944" lon="-96.862202" />
      <trkpt lat="33.197936" lon="-96.862188" />
      <trkpt lat="33.197927" lon="-96.862176" />
      <trkpt lat="33.197832" lon="-96.862089" />
      <trkpt lat="33.197804" lon="-96.862043" />
      <trkpt lat="33.197770" lon="-96.861982" />
      <trkpt lat="33.197750" lon="-96.861950" />
      <trkpt lat="33.197733" lon="-96.861914" />
      <trkpt lat="33.197720" lon="-96.861877" />
      <trkpt lat="33.197713" lon="-96.861851" />
      <trkpt lat="33.197709" lon="-96.861824" />
      <trkpt lat="33.197708" lon="-96.861796" />
      <trkpt lat="33.197709" lon="-96.861781" />
      <trkpt lat="33.197712" lon="-96.861765" />
      <trkpt lat="33.197717" lon="-96.861751" />
      <trkpt lat="33.197723" lon="-96.861738" />
      <trkpt lat="33.197732" lon="-96.861726" />
      <trkpt lat="33.197742" lon="-96.861715" />
      <trkpt lat="33.197753" lon="-96.861707" />
      <trkpt lat="33.197765" lon="-96.861701" />
      <trkpt lat="33.197789" lon="-96.861690" />
      <trkpt lat="33.197812" lon="-96.861675" />
      <trkpt lat="33.197833" lon="-96.861657" />
      <trkpt lat="33.197843" lon="-96.861641" />
      <trkpt lat="33.197852" lon="-96.861623" />
      <trkpt lat="33.197858" lon="-96.861604" />
      <trkpt lat="33.197862" lon="-96.861584" />
      <trkpt lat="33.197863" lon="-96.861564" />
      <trkpt lat="33.197841" lon="-96.861473" />
      <trkpt lat="33.197830" lon="-96.861428" />
      <trkpt lat="33.197823" lon="-96.861382" />
      <trkpt lat="33.197821" lon="-96.861335" />
      <trkpt lat="33.197824" lon="-96.861288" />
      <trkpt lat="33.197832" lon="-96.861242" />
      <trkpt lat="33.197849" lon="-96.861190" />
      <trkpt lat="33.197853" lon="-96.861174" />
      <trkpt lat="33.197855" lon="-96.861157" />
      <trkpt lat="33.197854" lon="-96.861140" />
      <trkpt lat="33.197851" lon="-96.861124" />
      <trkpt lat="33.197846" lon="-96.861108" />
      <trkpt lat="33.197839" lon="-96.861093" />
      <trkpt lat="33.197837" lon="-96.861082" />
      <trkpt lat="33.197837" lon="-96.861070" />
      <trkpt lat="33.197837" lon="-96.861058" />
      <trkpt lat="33.197840" lon="-96.861046" />
      <trkpt lat="33.197843" lon="-96.861035" />
      <trkpt lat="33.197849" lon="-96.861022" />
      <trkpt lat="33.197856" lon="-96.861009" />
      <trkpt lat="33.197864" lon="-96.860998" />
      <trkpt lat="33.197874" lon="-96.860989" />
      <trkpt lat="33.197886" lon="-96.860982" />
      <trkpt lat="33.197898" lon="-96.860978" />
      <trkpt lat="33.197910" lon="-96.860976" />
      <trkpt lat="33.197923" lon="-96.860976" />
      <trkpt lat="33.197935" lon="-96.860979" />
      <trkpt lat="33.198013" lon="-96.861004" />
      <trkpt lat="33.198053" lon="-96.861013" />
      <trkpt lat="33.198095" lon="-96.861019" />
      <trkpt lat="33.198137" lon="-96.861017" />
      <trkpt lat="33.198178" lon="-96.861007" />
      <trkpt lat="33.198218" lon="-96.860989" />
      <trkpt lat="33.198269" lon="-96.860964" />
      <trkpt lat="33.198298" lon="-96.860950" />
      <trkpt lat="33.198329" lon="-96.860941" />
      <trkpt lat="33.198361" lon="-96.860940" />
      <trkpt lat="33.198384" lon="-96.860939" />
      <trkpt lat="33.198406" lon="-96.860936" />
      <trkpt lat="33.198428" lon="-96.860928" />
      <trkpt lat="33.198432" lon="-96.860927" />
      <trkpt lat="33.198436" lon="-96.860927" />
      <trkpt lat="33.198440" lon="-96.860928" />
      <trkpt lat="33.198444" lon="-96.860930" />
      <trkpt lat="33.198448" lon="-96.860932" />
      <trkpt lat="33.198451" lon="-96.860936" />
      <trkpt lat="33.198454" lon="-96.860940" />
      <trkpt lat="33.198456" lon="-96.860944" />
      <trkpt lat="33.198457" lon="-96.860949" />
      <trkpt lat="33.198458" lon="-96.860954" />
      <trkpt lat="33.198458" lon="-96.860959" />
      <trkpt lat="33.198456" lon="-96.860973" />
      <trkpt lat="33.198452" lon="-96.860986" />
      <trkpt lat="33.198446" lon="-96.860998" />
      <trkpt lat="33.198438" lon="-96.861009" />
      <trkpt lat="33.198430" lon="-96.861019" />
      <trkpt lat="33.198399" lon="-96.861052" />
      <trkpt lat="33.198372" lon="-96.861089" />
      <trkpt lat="33.198364" lon="-96.861104" />
      <trkpt lat="33.198359" lon="-96.861119" />
      <trkpt lat="33.198356" lon="-96.861136" />
      <trkpt lat="33.198355" lon="-96.861153" />
      <trkpt lat="33.198357" lon="-96.861170" />
      <trkpt lat="33.198361" lon="-96.861186" />
      <trkpt lat="33.198367" lon="-96.861201" />
      <trkpt lat="33.198376" lon="-96.861215" />
      <trkpt lat="33.198409" lon="-96.861245" />
      <trkpt lat="33.198432" lon="-96.861265" />
      <trkpt lat="33.198453" lon="-96.861290" />
      <trkpt lat="33.198469" lon="-96.861318" />
      <trkpt lat="33.198481" lon="-96.861349" />
      <trkpt lat="33.198489" lon="-96.861373" />
      <trkpt lat="33.198501" lon="-96.861394" />
      <trkpt lat="33.198516" lon="-96.861413" />
      <trkpt lat="33.198529" lon="-96.861423" />
      <trkpt lat="33.198543" lon="-96.861431" />
      <trkpt lat="33.198558" lon="-96.861436" />
      <trkpt lat="33.198574" lon="-96.861437" />
      <trkpt lat="33.198590" lon="-96.861435" />
      <trkpt lat="33.198605" lon="-96.861430" />
      <trkpt lat="33.198619" lon="-96.861422" />
      <trkpt lat="33.198632" lon="-96.861411" />
      <trkpt lat="33.198643" lon="-96.861398" />
      <trkpt lat="33.198652" lon="-96.861383" />
      <trkpt lat="33.198658" lon="-96.861363" />
      <trkpt lat="33.198661" lon="-96.861343" />
      <trkpt lat="33.198662" lon="-96.861323" />
      <trkpt lat="33.198660" lon="-96.861303" />
      <trkpt lat="33.198656" lon="-96.861283" />
      <trkpt lat="33.198649" lon="-96.861264" />
      <trkpt lat="33.198628" lon="-96.861229" />
      <trkpt lat="33.198569" lon="-96.861147" />
      <trkpt lat="33.198566" lon="-96.861137" />
      <trkpt lat="33.198563" lon="-96.861126" />
      <trkpt lat="33.198563" lon="-96.861116" />
      <trkpt lat="33.198563" lon="-96.861105" />
      <trkpt lat="33.198566" lon="-96.861094" />
      <trkpt lat="33.198569" lon="-96.861085" />
      <trkpt lat="33.198575" lon="-96.861076" />
      <trkpt lat="33.198581" lon="-96.861068" />
      <trkpt lat="33.198588" lon="-96.861061" />
      <trkpt lat="33.198596" lon="-96.861056" />
      <trkpt lat="33.198605" lon="-96.861053" />
      <trkpt lat="33.198614" lon="-96.861052" />
      <trkpt lat="33.198656" lon="-96.861053" />
      <trkpt lat="33.198670" lon="-96.861054" />
      <trkpt lat="33.198684" lon="-96.861052" />
      <trkpt lat="33.198698" lon="-96.861048" />
      <trkpt lat="33.198711" lon="-96.861042" />
      <trkpt lat="33.198727" lon="-96.861033" />
      <trkpt lat="33.198745" lon="-96.861027" />
      <trkpt lat="33.198763" lon="-96.861025" />
      <trkpt lat="33.198977" lon="-96.860929" />
      <trkpt lat="33.199019" lon="-96.860982" />
      <trkpt lat="33.198978" lon="-96.861128" />
      <trkpt lat="33.198955" lon="-96.861129" />
      <trkpt lat="33.198932" lon="-96.861127" />
      <trkpt lat="33.198915" lon="-96.861124" />
      <trkpt lat="33.198898" lon="-96.861125" />
      <trkpt lat="33.198882" lon="-96.861129" />
      <trkpt lat="33.198867" lon="-96.861137" />
      <trkpt lat="33.198845" lon="-96.861153" />
      <trkpt lat="33.198827" lon="-96.861173" />
      <trkpt lat="33.198812" lon="-96.861197" />
      <trkpt lat="33.198804" lon="-96.861208" />
      <trkpt lat="33.198798" lon="-96.861221" />
      <trkpt lat="33.198793" lon="-96.861235" />
      <trkpt lat="33.198790" lon="-96.861244" />
      <trkpt lat="33.198789" lon="-96.861254" />
      <trkpt lat="33.198789" lon="-96.861264" />
      <trkpt lat="33.198790" lon="-96.861274" />
      <trkpt lat="33.198793" lon="-96.861283" />
      <trkpt lat="33.198797" lon="-96.861291" />
      <trkpt lat="33.198802" lon="-96.861299" />
      <trkpt lat="33.198818" lon="-96.861313" />
      <trkpt lat="33.198835" lon="-96.861324" />
      <trkpt lat="33.198853" lon="-96.861331" />
      <trkpt lat="33.198873" lon="-96.861335" />
      <trkpt lat="33.198896" lon="-96.861333" />
      <trkpt lat="33.198920" lon="-96.861326" />
      <trkpt lat="33.198942" lon="-96.861315" />
      <trkpt lat="33.198962" lon="-96.861300" />
      <trkpt lat="33.199015" lon="-96.861249" />
      <trkpt lat="33.199063" lon="-96.861193" />
      <trkpt lat="33.199075" lon="-96.861185" />
      <trkpt lat="33.199087" lon="-96.861179" />
      <trkpt lat="33.199100" lon="-96.861175" />
      <trkpt lat="33.199113" lon="-96.861174" />
      <trkpt lat="33.199127" lon="-96.861175" />
      <trkpt lat="33.199140" lon="-96.861179" />
      <trkpt lat="33.199152" lon="-96.861184" />
      <trkpt lat="33.199164" lon="-96.861192" />
      <trkpt lat="33.199171" lon="-96.861200" />
      <trkpt lat="33.199178" lon="-96.861208" />
      <trkpt lat="33.199183" lon="-96.861218" />
      <trkpt lat="33.199187" lon="-96.861228" />
      <trkpt lat="33.199189" lon="-96.861240" />
      <trkpt lat="33.199190" lon="-96.861251" />
      <trkpt lat="33.199190" lon="-96.861263" />
      <trkpt lat="33.199188" lon="-96.861274" />
      <trkpt lat="33.199184" lon="-96.861285" />
      <trkpt lat="33.199151" lon="-96.861343" />
      <trkpt lat="33.199115" lon="-96.861398" />
      <trkpt lat="33.199075" lon="-96.861450" />
      <trkpt lat="33.199042" lon="-96.861490" />
      <trkpt lat="33.199010" lon="-96.861532" />
      <trkpt lat="33.199006" lon="-96.861540" />
      <trkpt lat="33.199003" lon="-96.861549" />
      <trkpt lat="33.199002" lon="-96.861558" />
      <trkpt lat="33.199001" lon="-96.861567" />
      <trkpt lat="33.199002" lon="-96.861576" />
      <trkpt lat="33.199004" lon="-96.861585" />
      <trkpt lat="33.199008" lon="-96.861593" />
      <trkpt lat="33.199012" lon="-96.861601" />
      <trkpt lat="33.199018" lon="-96.861607" />
      <trkpt lat="33.199024" lon="-96.861613" />
      <trkpt lat="33.199038" lon="-96.861625" />
      <trkpt lat="33.199054" lon="-96.861634" />
      <trkpt lat="33.199070" lon="-96.861641" />
      <trkpt lat="33.199084" lon="-96.861645" />
      <trkpt lat="33.199098" lon="-96.861646" />
      <trkpt lat="33.199113" lon="-96.861644" />
      <trkpt lat="33.199127" lon="-96.861639" />
      <trkpt lat="33.199169" lon="-96.861620" />
      <trkpt lat="33.199209" lon="-96.861593" />
      <trkpt lat="33.199222" lon="-96.861577" />
      <trkpt lat="33.199233" lon="-96.861558" />
      <trkpt lat="33.199241" lon="-96.861538" />
      <trkpt lat="33.199246" lon="-96.861516" />
      <trkpt lat="33.199250" lon="-96.861421" />
      <trkpt lat="33.199258" lon="-96.861326" />
      <trkpt lat="33.199264" lon="-96.861312" />
      <trkpt lat="33.199272" lon="-96.861299" />
      <trkpt lat="33.199281" lon="-96.861288" />
      <trkpt lat="33.199291" lon="-96.861279" />
      <trkpt lat="33.199303" lon="-96.861272" />
      <trkpt lat="33.199316" lon="-96.861267" />
      <trkpt lat="33.199329" lon="-96.861265" />
      <trkpt lat="33.199342" lon="-96.861266" />
      <trkpt lat="33.199355" lon="-96.861269" />
      <trkpt lat="33.199367" lon="-96.861274" />
      <trkpt lat="33.199378" lon="-96.861282" />
      <trkpt lat="33.199414" lon="-96.861312" />
      <trkpt lat="33.199489" lon="-96.861382" />
      <trkpt lat="33.199507" lon="-96.861394" />
      <trkpt lat="33.199526" lon="-96.861403" />
      <trkpt lat="33.199546" lon="-96.861408" />
      <trkpt lat="33.199567" lon="-96.861409" />
      <trkpt lat="33.199587" lon="-96.861407" />
      <trkpt lat="33.199604" lon="-96.861404" />
      <trkpt lat="33.199621" lon="-96.861405" />
      <trkpt lat="33.199638" lon="-96.861410" />
      <trkpt lat="33.199653" lon="-96.861417" />
      <trkpt lat="33.199666" lon="-96.861427" />
      <trkpt lat="33.199676" lon="-96.861438" />
      <trkpt lat="33.199685" lon="-96.861452" />
      <trkpt lat="33.199693" lon="-96.861467" />
      <trkpt lat="33.199698" lon="-96.861483" />
      <trkpt lat="33.199700" lon="-96.861500" />
      <trkpt lat="33.199699" lon="-96.861517" />
      <trkpt lat="33.199695" lon="-96.861534" />
      <trkpt lat="33.199689" lon="-96.861551" />
      <trkpt lat="33.199681" lon="-96.861565" />
      <trkpt lat="33.199596" lon="-96.861682" />
      <trkpt lat="33.199531" lon="-96.861798" />
      <trkpt lat="33.199517" lon="-96.861825" />
      <trkpt lat="33.199507" lon="-96.861855" />
      <trkpt lat="33.199501" lon="-96.861886" />
      <trkpt lat="33.199499" lon="-96.861917" />
      <trkpt lat="33.199500" lon="-96.861949" />
      <trkpt lat="33.199528" lon="-96.862046" />
      <trkpt lat="33.199528" lon="-96.862088" />
      <trkpt lat="33.199523" lon="-96.862129" />
      <trkpt lat="33.199512" lon="-96.862168" />
      <trkpt lat="33.199496" lon="-96.862205" />
      <trkpt lat="33.199470" lon="-96.862274" />
      <trkpt lat="33.199463" lon="-96.862303" />
      <trkpt lat="33.199461" lon="-96.862334" />
      <trkpt lat="33.199462" lon="-96.862365" />
      <trkpt lat="33.199468" lon="-96.862395" />
      <trkpt lat="33.199477" lon="-96.862423" />
      <trkpt lat="33.199489" lon="-96.862463" />
      <trkpt lat="33.199495" lon="-96.862504" />
      <trkpt lat="33.199496" lon="-96.862546" />
      <trkpt lat="33.199492" lon="-96.862587" />
      <trkpt lat="33.199482" lon="-96.862627" />
      <trkpt lat="33.199474" lon="-96.862656" />
      <trkpt lat="33.199467" lon="-96.862685" />
      <trkpt lat="33.199464" lon="-96.862715" />
      <trkpt lat="33.199464" lon="-96.862746" />
      <trkpt lat="33.199469" lon="-96.862775" />
      <trkpt lat="33.199477" lon="-96.862804" />
      <trkpt lat="33.199489" lon="-96.862822" />
      <trkpt lat="33.199502" lon="-96.862838" />
      <trkpt lat="33.199518" lon="-96.862851" />
      <trkpt lat="33.199535" lon="-96.862860" />
      <trkpt lat="33.199554" lon="-96.862867" />
      <trkpt lat="33.199573" lon="-96.862870" />
      <trkpt lat="33.199605" lon="-96.862875" />
      <trkpt lat="33.199637" lon="-96.862886" />
      <trkpt lat="33.199667" lon="-96.862902" />
      <trkpt lat="33.199675" lon="-96.862910" />
      <trkpt lat="33.199682" lon="-96.862920" />
      <trkpt lat="33.199688" lon="-96.862931" />
      <trkpt lat="33.199692" lon="-96.862943" />
      <trkpt lat="33.199694" lon="-96.862955" />
      <trkpt lat="33.199694" lon="-96.862968" />
      <trkpt lat="33.199693" lon="-96.862981" />
      <trkpt lat="33.199689" lon="-96.862993" />
      <trkpt lat="33.199667" lon="-96.863058" />
      <trkpt lat="33.199644" lon="-96.863122" />
      <trkpt lat="33.199638" lon="-96.863138" />
      <trkpt lat="33.199634" lon="-96.863155" />
      <trkpt lat="33.199633" lon="-96.863173" />
      <trkpt lat="33.199634" lon="-96.863191" />
      <trkpt lat="33.199637" lon="-96.863208" />
      <trkpt lat="33.199647" lon="-96.863246" />
      <trkpt lat="33.199661" lon="-96.863283" />
      <trkpt lat="33.199672" lon="-96.863298" />
      <trkpt lat="33.199685" lon="-96.863311" />
      <trkpt lat="33.199699" lon="-96.863321" />
      <trkpt lat="33.199714" lon="-96.863329" />
      <trkpt lat="33.199730" lon="-96.863334" />
      <trkpt lat="33.199746" lon="-96.863339" />
      <trkpt lat="33.199761" lon="-96.863348" />
      <trkpt lat="33.199775" lon="-96.863358" />
      <trkpt lat="33.199786" lon="-96.863370" />
      <trkpt lat="33.199795" lon="-96.863384" />
      <trkpt lat="33.199803" lon="-96.863399" />
      <trkpt lat="33.199810" lon="-96.863415" />
      <trkpt lat="33.199819" lon="-96.863432" />
      <trkpt lat="33.199831" lon="-96.863447" />
      <trkpt lat="33.199844" lon="-96.863460" />
      <trkpt lat="33.199859" lon="-96.863470" />
      <trkpt lat="33.199875" lon="-96.863477" />
      <trkpt lat="33.199915" lon="-96.863488" />
      <trkpt lat="33.199954" lon="-96.863503" />
      <trkpt lat="33.199992" lon="-96.863523" />
      <trkpt lat="33.199998" lon="-96.863528" />
      <trkpt lat="33.200004" lon="-96.863535" />
      <trkpt lat="33.200009" lon="-96.863542" />
      <trkpt lat="33.200013" lon="-96.863551" />
      <trkpt lat="33.200016" lon="-96.863560" />
      <trkpt lat="33.200018" lon="-96.863569" />
      <trkpt lat="33.200019" lon="-96.863579" />
      <trkpt lat="33.200017" lon="-96.863591" />
      <trkpt lat="33.200013" lon="-96.863603" />
      <trkpt lat="33.200008" lon="-96.863614" />
      <trkpt lat="33.200002" lon="-96.863625" />
      <trkpt lat="33.199966" lon="-96.863649" />
      <trkpt lat="33.199955" lon="-96.863658" />
      <trkpt lat="33.199944" lon="-96.863669" />
      <trkpt lat="33.199936" lon="-96.863682" />
      <trkpt lat="33.199930" lon="-96.863697" />
      <trkpt lat="33.199925" lon="-96.863712" />
      <trkpt lat="33.199923" lon="-96.863729" />
      <trkpt lat="33.199924" lon="-96.863745" />
      <trkpt lat="33.199927" lon="-96.863761" />
      <trkpt lat="33.199932" lon="-96.863777" />
      <trkpt lat="33.199939" lon="-96.863791" />
      <trkpt lat="33.199959" lon="-96.863811" />
      <trkpt lat="33.199980" lon="-96.863828" />
      <trkpt lat="33.199998" lon="-96.863844" />
      <trkpt lat="33.200014" lon="-96.863861" />
      <trkpt lat="33.200035" lon="-96.863890" />
      <trkpt lat="33.200052" lon="-96.863924" />
      <trkpt lat="33.200059" lon="-96.863947" />
      <trkpt lat="33.200062" lon="-96.863970" />
      <trkpt lat="33.200062" lon="-96.863995" />
      <trkpt lat="33.200058" lon="-96.864018" />
      <trkpt lat="33.200049" lon="-96.864037" />
      <trkpt lat="33.200037" lon="-96.864053" />
      <trkpt lat="33.200024" lon="-96.864068" />
      <trkpt lat="33.200009" lon="-96.864080" />
      <trkpt lat="33.199992" lon="-96.864094" />
      <trkpt lat="33.199978" lon="-96.864112" />
      <trkpt lat="33.199966" lon="-96.864131" />
      <trkpt lat="33.199956" lon="-96.864153" />
      <trkpt lat="33.199949" lon="-96.864176" />
      <trkpt lat="33.199944" lon="-96.864234" />
      <trkpt lat="33.199941" lon="-96.864293" />
      <trkpt lat="33.199943" lon="-96.864306" />
      <trkpt lat="33.199948" lon="-96.864323" />
      <trkpt lat="33.199955" lon="-96.864338" />
      <trkpt lat="33.199964" lon="-96.864352" />
      <trkpt lat="33.199974" lon="-96.864364" />
      <trkpt lat="33.199986" lon="-96.864374" />
      <trkpt lat="33.200000" lon="-96.864382" />
      <trkpt lat="33.200014" lon="-96.864387" />
      <trkpt lat="33.200028" lon="-96.864390" />
      <trkpt lat="33.200043" lon="-96.864389" />
      <trkpt lat="33.200077" lon="-96.864379" />
      <trkpt lat="33.200110" lon="-96.864364" />
      <trkpt lat="33.200141" lon="-96.864346" />
      <trkpt lat="33.200237" lon="-96.864307" />
      <trkpt lat="33.200254" lon="-96.864302" />
      <trkpt lat="33.200272" lon="-96.864300" />
      <trkpt lat="33.200290" lon="-96.864302" />
      <trkpt lat="33.200308" lon="-96.864307" />
      <trkpt lat="33.200325" lon="-96.864315" />
      <trkpt lat="33.200340" lon="-96.864326" />
      <trkpt lat="33.200351" lon="-96.864336" />
      <trkpt lat="33.200360" lon="-96.864347" />
      <trkpt lat="33.200368" lon="-96.864359" />
      <trkpt lat="33.200375" lon="-96.864373" />
      <trkpt lat="33.200386" lon="-96.864406" />
      <trkpt lat="33.200390" lon="-96.864417" />
      <trkpt lat="33.200398" lon="-96.864430" />
      <trkpt lat="33.200404" lon="-96.864444" />
      <trkpt lat="33.200409" lon="-96.864458" />
      <trkpt lat="33.200413" lon="-96.864480" />
      <trkpt lat="33.200414" lon="-96.864506" />
      <trkpt lat="33.200419" lon="-96.864531" />
      <trkpt lat="33.200424" lon="-96.864552" />
      <trkpt lat="33.200432" lon="-96.864572" />
      <trkpt lat="33.200443" lon="-96.864590" />
      <trkpt lat="33.200455" lon="-96.864607" />
      <trkpt lat="33.200469" lon="-96.864621" />
      <trkpt lat="33.200497" lon="-96.864631" />
      <trkpt lat="33.200526" lon="-96.864636" />
      <trkpt lat="33.200555" lon="-96.864636" />
      <trkpt lat="33.200584" lon="-96.864630" />
      <trkpt lat="33.200611" lon="-96.864620" />
      <trkpt lat="33.200629" lon="-96.864603" />
      <trkpt lat="33.200658" lon="-96.864564" />
      <trkpt lat="33.200665" lon="-96.864557" />
      <trkpt lat="33.200672" lon="-96.864551" />
      <trkpt lat="33.200681" lon="-96.864547" />
      <trkpt lat="33.200690" lon="-96.864545" />
      <trkpt lat="33.200699" lon="-96.864544" />
      <trkpt lat="33.200708" lon="-96.864545" />
      <trkpt lat="33.200717" lon="-96.864548" />
      <trkpt lat="33.200726" lon="-96.864553" />
      <trkpt lat="33.200733" lon="-96.864559" />
      <trkpt lat="33.200779" lon="-96.864581" />
      <trkpt lat="33.200806" lon="-96.864587" />
      <trkpt lat="33.200834" lon="-96.864587" />
      <trkpt lat="33.200862" lon="-96.864582" />
      <trkpt lat="33.200889" lon="-96.864573" />
      <trkpt lat="33.200903" lon="-96.864565" />
      <trkpt lat="33.200916" lon="-96.864555" />
      <trkpt lat="33.200927" lon="-96.864543" />
      <trkpt lat="33.200937" lon="-96.864530" />
      <trkpt lat="33.200945" lon="-96.864514" />
      <trkpt lat="33.200951" lon="-96.864498" />
      <trkpt lat="33.200957" lon="-96.864489" />
      <trkpt lat="33.200963" lon="-96.864481" />
      <trkpt lat="33.200971" lon="-96.864474" />
      <trkpt lat="33.200979" lon="-96.864469" />
      <trkpt lat="33.200988" lon="-96.864466" />
      <trkpt lat="33.200997" lon="-96.864464" />
      <trkpt lat="33.201007" lon="-96.864464" />
      <trkpt lat="33.201016" lon="-96.864466" />
      <trkpt lat="33.201024" lon="-96.864470" />
      <trkpt lat="33.201033" lon="-96.864476" />
      <trkpt lat="33.201040" lon="-96.864482" />
      <trkpt lat="33.201046" lon="-96.864491" />
      <trkpt lat="33.201063" lon="-96.864536" />
      <trkpt lat="33.201091" lon="-96.864615" />
      <trkpt lat="33.201103" lon="-96.864628" />
      <trkpt lat="33.201116" lon="-96.864640" />
      <trkpt lat="33.201130" lon="-96.864649" />
      <trkpt lat="33.201146" lon="-96.864655" />
      <trkpt lat="33.201162" lon="-96.864658" />
      <trkpt lat="33.201178" lon="-96.864658" />
      <trkpt lat="33.201194" lon="-96.864655" />
      <trkpt lat="33.201210" lon="-96.864649" />
      <trkpt lat="33.201224" lon="-96.864640" />
      <trkpt lat="33.201250" lon="-96.864611" />
      <trkpt lat="33.201273" lon="-96.864580" />
      <trkpt lat="33.201279" lon="-96.864575" />
      <trkpt lat="33.201286" lon="-96.864571" />
      <trkpt lat="33.201293" lon="-96.864569" />
      <trkpt lat="33.201301" lon="-96.864567" />
      <trkpt lat="33.201308" lon="-96.864568" />
      <trkpt lat="33.201316" lon="-96.864569" />
      <trkpt lat="33.201323" lon="-96.864572" />
      <trkpt lat="33.201330" lon="-96.864577" />
      <trkpt lat="33.201336" lon="-96.864582" />
      <trkpt lat="33.201341" lon="-96.864589" />
      <trkpt lat="33.201345" lon="-96.864597" />
      <trkpt lat="33.201348" lon="-96.864622" />
      <trkpt lat="33.201350" lon="-96.864647" />
      <trkpt lat="33.201348" lon="-96.864673" />
      <trkpt lat="33.201345" lon="-96.864689" />
      <trkpt lat="33.201344" lon="-96.864705" />
      <trkpt lat="33.201345" lon="-96.864721" />
      <trkpt lat="33.201349" lon="-96.864737" />
      <trkpt lat="33.201354" lon="-96.864752" />
      <trkpt lat="33.201384" lon="-96.864811" />
      <trkpt lat="33.201392" lon="-96.864828" />
      <trkpt lat="33.201401" lon="-96.864843" />
      <trkpt lat="33.201413" lon="-96.864856" />
      <trkpt lat="33.201427" lon="-96.864867" />
      <trkpt lat="33.201442" lon="-96.864874" />
      <trkpt lat="33.201457" lon="-96.864879" />
      <trkpt lat="33.201467" lon="-96.864881" />
      <trkpt lat="33.201477" lon="-96.864886" />
      <trkpt lat="33.201485" lon="-96.864892" />
      <trkpt lat="33.201493" lon="-96.864900" />
      <trkpt lat="33.201499" lon="-96.864909" />
      <trkpt lat="33.201504" lon="-96.864920" />
      <trkpt lat="33.201509" lon="-96.864966" />
      <trkpt lat="33.201508" lon="-96.865012" />
      <trkpt lat="33.201504" lon="-96.865026" />
      <trkpt lat="33.201498" lon="-96.865039" />
      <trkpt lat="33.201491" lon="-96.865050" />
      <trkpt lat="33.201482" lon="-96.865060" />
      <trkpt lat="33.201471" lon="-96.865068" />
      <trkpt lat="33.201460" lon="-96.865074" />
      <trkpt lat="33.201417" lon="-96.865104" />
      <trkpt lat="33.201407" lon="-96.865114" />
      <trkpt lat="33.201399" lon="-96.865125" />
      <trkpt lat="33.201392" lon="-96.865138" />
      <trkpt lat="33.201387" lon="-96.865152" />
      <trkpt lat="33.201383" lon="-96.865167" />
      <trkpt lat="33.201382" lon="-96.865182" />
      <trkpt lat="33.201383" lon="-96.865197" />
      <trkpt lat="33.201386" lon="-96.865212" />
      <trkpt lat="33.201391" lon="-96.865226" />
      <trkpt lat="33.201410" lon="-96.865256" />
      <trkpt lat="33.201433" lon="-96.865282" />
      <trkpt lat="33.201451" lon="-96.865305" />
      <trkpt lat="33.201468" lon="-96.865331" />
      <trkpt lat="33.201476" lon="-96.865344" />
      <trkpt lat="33.201482" lon="-96.865360" />
      <trkpt lat="33.201486" lon="-96.865376" />
      <trkpt lat="33.201488" lon="-96.865392" />
      <trkpt lat="33.201487" lon="-96.865409" />
      <trkpt lat="33.201485" lon="-96.865426" />
      <trkpt lat="33.201480" lon="-96.865441" />
      <trkpt lat="33.201469" lon="-96.865461" />
      <trkpt lat="33.201456" lon="-96.865479" />
      <trkpt lat="33.201440" lon="-96.865494" />
      <trkpt lat="33.201423" lon="-96.865505" />
      <trkpt lat="33.201391" lon="-96.865533" />
      <trkpt lat="33.201364" lon="-96.865565" />
      <trkpt lat="33.201358" lon="-96.865575" />
      <trkpt lat="33.201353" lon="-96.865585" />
      <trkpt lat="33.201350" lon="-96.865596" />
      <trkpt lat="33.201348" lon="-96.865608" />
      <trkpt lat="33.201348" lon="-96.865620" />
      <trkpt lat="33.201350" lon="-96.865631" />
      <trkpt lat="33.201353" lon="-96.865642" />
      <trkpt lat="33.201358" lon="-96.865653" />
      <trkpt lat="33.201376" lon="-96.865674" />
      <trkpt lat="33.201383" lon="-96.865681" />
      <trkpt lat="33.201389" lon="-96.865688" />
      <trkpt lat="33.201393" lon="-96.865697" />
      <trkpt lat="33.201396" lon="-96.865706" />
      <trkpt lat="33.201398" lon="-96.865716" />
      <trkpt lat="33.201398" lon="-96.865727" />
      <trkpt lat="33.201397" lon="-96.865737" />
      <trkpt lat="33.201395" lon="-96.865746" />
      <trkpt lat="33.201391" lon="-96.865756" />
      <trkpt lat="33.201379" lon="-96.865770" />
      <trkpt lat="33.201366" lon="-96.865783" />
      <trkpt lat="33.201352" lon="-96.865794" />
      <trkpt lat="33.201342" lon="-96.865808" />
      <trkpt lat="33.201333" lon="-96.865823" />
      <trkpt lat="33.201327" lon="-96.865841" />
      <trkpt lat="33.201323" lon="-96.865859" />
      <trkpt lat="33.201322" lon="-96.865877" />
      <trkpt lat="33.201323" lon="-96.865896" />
      <trkpt lat="33.201326" lon="-96.865914" />
      <trkpt lat="33.201332" lon="-96.865931" />
      <trkpt lat="33.201344" lon="-96.865959" />
      <trkpt lat="33.201359" lon="-96.865986" />
      <trkpt lat="33.201465" lon="-96.866116" />
      <trkpt lat="33.201473" lon="-96.866125" />
      <trkpt lat="33.201480" lon="-96.866136" />
      <trkpt lat="33.201485" lon="-96.866148" />
      <trkpt lat="33.201488" lon="-96.866160" />
      <trkpt lat="33.201490" lon="-96.866173" />
      <trkpt lat="33.201489" lon="-96.866187" />
      <trkpt lat="33.201487" lon="-96.866200" />
      <trkpt lat="33.201483" lon="-96.866212" />
      <trkpt lat="33.201478" lon="-96.866223" />
      <trkpt lat="33.201471" lon="-96.866234" />
      <trkpt lat="33.201463" lon="-96.866242" />
      <trkpt lat="33.201453" lon="-96.866249" />
      <trkpt lat="33.201417" lon="-96.866275" />
      <trkpt lat="33.201385" lon="-96.866307" />
      <trkpt lat="33.201375" lon="-96.866322" />
      <trkpt lat="33.201366" lon="-96.866338" />
      <trkpt lat="33.201359" lon="-96.866355" />
      <trkpt lat="33.201357" lon="-96.866368" />
      <trkpt lat="33.201356" lon="-96.866382" />
      <trkpt lat="33.201358" lon="-96.866396" />
      <trkpt lat="33.201361" lon="-96.866409" />
      <trkpt lat="33.201367" lon="-96.866421" />
      <trkpt lat="33.201373" lon="-96.866432" />
      <trkpt lat="33.201395" lon="-96.866462" />
      <trkpt lat="33.201424" lon="-96.866517" />
      <trkpt lat="33.201449" lon="-96.866575" />
      <trkpt lat="33.201467" lon="-96.866636" />
      <trkpt lat="33.201481" lon="-96.866698" />
      <trkpt lat="33.201489" lon="-96.866786" />
      <trkpt lat="33.201493" lon="-96.866874" />
      <trkpt lat="33.201488" lon="-96.867061" />
      <trkpt lat="33.201504" lon="-96.867125" />
    </trkseg>
  </trk>
  <trk>
    <name>ELDORADO PKWY</name>
    <trkseg>
      <trkpt lat="33.175227" lon="-96.846568" />
      <trkpt lat="33.175229" lon="-96.846686" />
      <trkpt lat="33.175231" lon="-96.846753" />
      <trkpt lat="33.175237" lon="-96.847145" />
      <trkpt lat="33.175246" lon="-96.847722" />
      <trkpt lat="33.175247" lon="-96.847896" />
      <trkpt lat="33.175245" lon="-96.848069" />
      <trkpt lat="33.175243" lon="-96.848242" />
      <trkpt lat="33.175244" lon="-96.848415" />
      <trkpt lat="33.175275" lon="-96.850423" />
      <trkpt lat="33.175298" lon="-96.851989" />
      <trkpt lat="33.175301" lon="-96.852074" />
      <trkpt lat="33.175304" lon="-96.852161" />
      <trkpt lat="33.175310" lon="-96.852246" />
      <trkpt lat="33.175317" lon="-96.852332" />
      <trkpt lat="33.175326" lon="-96.852417" />
      <trkpt lat="33.175336" lon="-96.852503" />
      <trkpt lat="33.175348" lon="-96.852587" />
      <trkpt lat="33.175362" lon="-96.852673" />
      <trkpt lat="33.175377" lon="-96.852756" />
      <trkpt lat="33.175394" lon="-96.852841" />
      <trkpt lat="33.175413" lon="-96.852923" />
      <trkpt lat="33.175433" lon="-96.853007" />
      <trkpt lat="33.175455" lon="-96.853088" />
      <trkpt lat="33.175478" lon="-96.853170" />
      <trkpt lat="33.175503" lon="-96.853250" />
      <trkpt lat="33.175529" lon="-96.853331" />
      <trkpt lat="33.175557" lon="-96.853410" />
      <trkpt lat="33.175587" lon="-96.853489" />
      <trkpt lat="33.175618" lon="-96.853567" />
      <trkpt lat="33.175684" lon="-96.853720" />
      <trkpt lat="33.175720" lon="-96.853795" />
      <trkpt lat="33.175757" lon="-96.853869" />
      <trkpt lat="33.175796" lon="-96.853942" />
      <trkpt lat="33.175835" lon="-96.854014" />
      <trkpt lat="33.175877" lon="-96.854085" />
      <trkpt lat="33.175919" lon="-96.854154" />
      <trkpt lat="33.175963" lon="-96.854223" />
      <trkpt lat="33.176008" lon="-96.854290" />
      <trkpt lat="33.176055" lon="-96.854356" />
      <trkpt lat="33.176102" lon="-96.854421" />
      <trkpt lat="33.176152" lon="-96.854485" />
      <trkpt lat="33.176201" lon="-96.854547" />
      <trkpt lat="33.176253" lon="-96.854607" />
      <trkpt lat="33.176305" lon="-96.854667" />
      <trkpt lat="33.176487" lon="-96.854868" />
      <trkpt lat="33.176670" lon="-96.855069" />
      <trkpt lat="33.176709" lon="-96.855113" />
      <trkpt lat="33.176750" lon="-96.855158" />
      <trkpt lat="33.177004" lon="-96.855438" />
      <trkpt lat="33.177257" lon="-96.855717" />
      <trkpt lat="33.177310" lon="-96.855778" />
      <trkpt lat="33.177363" lon="-96.855840" />
      <trkpt lat="33.177413" lon="-96.855904" />
      <trkpt lat="33.177464" lon="-96.855969" />
      <trkpt lat="33.177512" lon="-96.856035" />
      <trkpt lat="33.177560" lon="-96.856103" />
      <trkpt lat="33.177605" lon="-96.856171" />
      <trkpt lat="33.177651" lon="-96.856242" />
      <trkpt lat="33.177693" lon="-96.856313" />
      <trkpt lat="33.177735" lon="-96.856386" />
      <trkpt lat="33.177775" lon="-96.856459" />
      <trkpt lat="33.177815" lon="-96.856535" />
      <trkpt lat="33.177851" lon="-96.856610" />
      <trkpt lat="33.177888" lon="-96.856688" />
      <trkpt lat="33.177922" lon="-96.856765" />
      <trkpt lat="33.177955" lon="-96.856845" />
      <trkpt lat="33.177986" lon="-96.856924" />
      <trkpt lat="33.178015" lon="-96.857005" />
      <trkpt lat="33.178043" lon="-96.857086" />
      <trkpt lat="33.178070" lon="-96.857169" />
      <trkpt lat="33.178095" lon="-96.857251" />
      <trkpt lat="33.178118" lon="-96.857335" />
      <trkpt lat="33.178139" lon="-96.857419" />
      <trkpt lat="33.178159" lon="-96.857504" />
      <trkpt lat="33.178177" lon="-96.857589" />
      <trkpt lat="33.178188" lon="-96.857650" />
      <trkpt lat="33.178195" lon="-96.857688" />
      <trkpt lat="33.178200" lon="-96.857714" />
      <trkpt lat="33.178208" lon="-96.857761" />
      <trkpt lat="33.178221" lon="-96.857848" />
      <trkpt lat="33.178233" lon="-96.857935" />
      <trkpt lat="33.178242" lon="-96.858023" />
      <trkpt lat="33.178250" lon="-96.858109" />
      <trkpt lat="33.178255" lon="-96.858198" />
      <trkpt lat="33.178260" lon="-96.858285" />
      <trkpt lat="33.178262" lon="-96.858373" />
      <trkpt lat="33.178264" lon="-96.858461" />
      <trkpt lat="33.178264" lon="-96.858933" />
      <trkpt lat="33.178264" lon="-96.859405" />
      <trkpt lat="33.178264" lon="-96.859465" />
      <trkpt lat="33.178264" lon="-96.859525" />
      <trkpt lat="33.178265" lon="-96.861329" />
      <trkpt lat="33.178266" lon="-96.863379" />
      <trkpt lat="33.178267" lon="-96.863514" />
      <trkpt lat="33.178269" lon="-96.863798" />
      <trkpt lat="33.178273" lon="-96.864038" />
      <trkpt lat="33.178272" lon="-96.864185" />
      <trkpt lat="33.178270" lon="-96.864372" />
      <trkpt lat="33.178270" lon="-96.864559" />
      <trkpt lat="33.178273" lon="-96.865369" />
      <trkpt lat="33.178274" lon="-96.865767" />
      <trkpt lat="33.178275" lon="-96.865999" />
      <trkpt lat="33.178276" lon="-96.866525" />
      <trkpt lat="33.178279" lon="-96.867328" />
      <trkpt lat="33.178277" lon="-96.867458" />
      <trkpt lat="33.178275" lon="-96.867587" />
      <trkpt lat="33.178276" lon="-96.867702" />
      <trkpt lat="33.178278" lon="-96.867818" />
      <trkpt lat="33.178281" lon="-96.867933" />
      <trkpt lat="33.178282" lon="-96.868049" />
      <trkpt lat="33.178284" lon="-96.869057" />
      <trkpt lat="33.178285" lon="-96.869342" />
      <trkpt lat="33.178285" lon="-96.869582" />
      <trkpt lat="33.178283" lon="-96.870775" />
      <trkpt lat="33.178280" lon="-96.872046" />
      <trkpt lat="33.178277" lon="-96.873524" />
      <trkpt lat="33.178274" lon="-96.874922" />
      <trkpt lat="33.178272" lon="-96.876236" />
      <trkpt lat="33.178269" lon="-96.877549" />
      <trkpt lat="33.178268" lon="-96.878218" />
      <trkpt lat="33.178267" lon="-96.878887" />
      <trkpt lat="33.178266" lon="-96.878957" />
      <trkpt lat="33.178266" lon="-96.879027" />
      <trkpt lat="33.178265" lon="-96.879856" />
      <trkpt lat="33.178263" lon="-96.880685" />
      <trkpt lat="33.178262" lon="-96.880947" />
      <trkpt lat="33.178262" lon="-96.881208" />
      <trkpt lat="33.178263" lon="-96.881402" />
      <trkpt lat="33.178264" lon="-96.881595" />
      <trkpt lat="33.178271" lon="-96.882010" />
      <trkpt lat="33.178277" lon="-96.882425" />
      <trkpt lat="33.178288" lon="-96.883100" />
      <trkpt lat="33.178306" lon="-96.884333" />
      <trkpt lat="33.178310" lon="-96.884614" />
      <trkpt lat="33.178313" lon="-96.884760" />
      <trkpt lat="33.178316" lon="-96.884864" />
      <trkpt lat="33.178326" lon="-96.885989" />
      <trkpt lat="33.178327" lon="-96.886092" />
      <trkpt lat="33.178332" lon="-96.886586" />
      <trkpt lat="33.178335" lon="-96.886816" />
      <trkpt lat="33.178338" lon="-96.887109" />
      <trkpt lat="33.178347" lon="-96.887335" />
    </trkseg>
  </trk>
  <trk>
    <name>Trail 12</name>
    <trkseg>
      <trkpt lat="33.153127" lon="-96.864028" />
      <trkpt lat="33.153024" lon="-96.864027" />
      <trkpt lat="33.153023" lon="-96.864027" />
      <trkpt lat="33.152158" lon="-96.864037" />
      <trkpt lat="33.151660" lon="-96.864075" />
      <trkpt lat="33.151153" lon="-96.864173" />
      <trkpt lat="33.151103" lon="-96.864186" />
      <trkpt lat="33.150854" lon="-96.864251" />
      <trkpt lat="33.150150" lon="-96.864466" />
      <trkpt lat="33.149880" lon="-96.864528" />
      <trkpt lat="33.149647" lon="-96.864557" />
      <trkpt lat="33.149208" lon="-96.864581" />
      <trkpt lat="33.146821" lon="-96.864613" />
      <trkpt lat="33.146819" lon="-96.864613" />
      <trkpt lat="33.145152" lon="-96.864635" />
      <trkpt lat="33.145148" lon="-96.864635" />
      <trkpt lat="33.143943" lon="-96.864654" />
      <trkpt lat="33.143938" lon="-96.864654" />
      <trkpt lat="33.142099" lon="-96.864682" />
      <trkpt lat="33.142097" lon="-96.864682" />
      <trkpt lat="33.140837" lon="-96.864710" />
      <trkpt lat="33.140407" lon="-96.864777" />
      <trkpt lat="33.140022" lon="-96.864883" />
      <trkpt lat="33.139660" lon="-96.865026" />
      <trkpt lat="33.139228" lon="-96.865258" />
      <trkpt lat="33.138862" lon="-96.865514" />
      <trkpt lat="33.138616" lon="-96.865722" />
      <trkpt lat="33.138462" lon="-96.865869" />
      <trkpt lat="33.138359" lon="-96.865977" />
      <trkpt lat="33.138114" lon="-96.866255" />
      <trkpt lat="33.137819" lon="-96.866679" />
      <trkpt lat="33.137446" lon="-96.867299" />
      <trkpt lat="33.137143" lon="-96.867733" />
      <trkpt lat="33.136884" lon="-96.868020" />
      <trkpt lat="33.136683" lon="-96.868220" />
      <trkpt lat="33.136464" lon="-96.868408" />
      <trkpt lat="33.136225" lon="-96.868587" />
      <trkpt lat="33.136147" lon="-96.868639" />
      <trkpt lat="33.135837" lon="-96.868824" />
      <trkpt lat="33.135519" lon="-96.868974" />
      <trkpt lat="33.135195" lon="-96.869092" />
      <trkpt lat="33.134840" lon="-96.869182" />
      <trkpt lat="33.134606" lon="-96.869221" />
      <trkpt lat="33.134309" lon="-96.869247" />
      <trkpt lat="33.133095" lon="-96.869238" />
      <trkpt lat="33.133092" lon="-96.869239" />
      <trkpt lat="33.132990" lon="-96.869238" />
      <trkpt lat="33.131402" lon="-96.869226" />
      <trkpt lat="33.131064" lon="-96.869261" />
      <trkpt lat="33.130805" lon="-96.869317" />
      <trkpt lat="33.130339" lon="-96.869387" />
      <trkpt lat="33.129363" lon="-96.869413" />
      <trkpt lat="33.129360" lon="-96.869412" />
      <trkpt lat="33.126910" lon="-96.869422" />
      <trkpt lat="33.126561" lon="-96.869439" />
      <trkpt lat="33.126538" lon="-96.869442" />
      <trkpt lat="33.126462" lon="-96.869454" />
      <trkpt lat="33.126444" lon="-96.869458" />
      <trkpt lat="33.125994" lon="-96.869570" />
      <trkpt lat="33.125679" lon="-96.869691" />
      <trkpt lat="33.125385" lon="-96.869823" />
      <trkpt lat="33.125092" lon="-96.869989" />
      <trkpt lat="33.124788" lon="-96.870220" />
      <trkpt lat="33.124617" lon="-96.870369" />
      <trkpt lat="33.124092" lon="-96.870876" />
      <trkpt lat="33.124023" lon="-96.870942" />
      <trkpt lat="33.123979" lon="-96.870985" />
      <trkpt lat="33.123913" lon="-96.871052" />
      <trkpt lat="33.123742" lon="-96.871220" />
      <trkpt lat="33.123438" lon="-96.871463" />
      <trkpt lat="33.123075" lon="-96.871715" />
      <trkpt lat="33.122720" lon="-96.871893" />
      <trkpt lat="33.122223" lon="-96.872066" />
      <trkpt lat="33.121938" lon="-96.872145" />
      <trkpt lat="33.121592" lon="-96.872203" />
      <trkpt lat="33.121076" lon="-96.872224" />
      <trkpt lat="33.120983" lon="-96.872227" />
    </trkseg>
  </trk>
  <trk>
    <name>Coyote Mountain Bike Trail</name>
    <trkseg>
      <trkpt lat="33.197235" lon="-96.861479" />
      <trkpt lat="33.197228" lon="-96.861476" />
      <trkpt lat="33.197234" lon="-96.861489" />
      <trkpt lat="33.197249" lon="-96.861620" />
      <trkpt lat="33.197182" lon="-96.861685" />
      <trkpt lat="33.197082" lon="-96.861764" />
      <trkpt lat="33.197079" lon="-96.861831" />
      <trkpt lat="33.197081" lon="-96.861934" />
      <trkpt lat="33.197057" lon="-96.862068" />
      <trkpt lat="33.197083" lon="-96.862221" />
      <trkpt lat="33.197105" lon="-96.862334" />
      <trkpt lat="33.197106" lon="-96.862485" />
      <trkpt lat="33.197088" lon="-96.862614" />
      <trkpt lat="33.197051" lon="-96.862712" />
      <trkpt lat="33.197013" lon="-96.862817" />
      <trkpt lat="33.197007" lon="-96.862828" />
      <trkpt lat="33.196983" lon="-96.862884" />
      <trkpt lat="33.196876" lon="-96.863052" />
      <trkpt lat="33.196788" lon="-96.863168" />
      <trkpt lat="33.196684" lon="-96.863255" />
      <trkpt lat="33.196565" lon="-96.863361" />
      <trkpt lat="33.196529" lon="-96.863375" />
      <trkpt lat="33.196399" lon="-96.863456" />
      <trkpt lat="33.196292" lon="-96.863465" />
      <trkpt lat="33.196176" lon="-96.863470" />
      <trkpt lat="33.196050" lon="-96.863512" />
      <trkpt lat="33.195940" lon="-96.863515" />
      <trkpt lat="33.195841" lon="-96.863550" />
      <trkpt lat="33.195794" lon="-96.863538" />
      <trkpt lat="33.195721" lon="-96.863529" />
      <trkpt lat="33.195628" lon="-96.863618" />
      <trkpt lat="33.195604" lon="-96.863727" />
      <trkpt lat="33.195624" lon="-96.863770" />
      <trkpt lat="33.195759" lon="-96.863821" />
      <trkpt lat="33.195784" lon="-96.863825" />
      <trkpt lat="33.195840" lon="-96.863854" />
      <trkpt lat="33.195828" lon="-96.863953" />
      <trkpt lat="33.195814" lon="-96.864047" />
      <trkpt lat="33.195839" lon="-96.864159" />
      <trkpt lat="33.195879" lon="-96.864307" />
      <trkpt lat="33.195883" lon="-96.864364" />
      <trkpt lat="33.195926" lon="-96.864432" />
      <trkpt lat="33.195970" lon="-96.864383" />
      <trkpt lat="33.195951" lon="-96.864336" />
      <trkpt lat="33.195993" lon="-96.864286" />
      <trkpt lat="33.196042" lon="-96.864274" />
      <trkpt lat="33.196047" lon="-96.864309" />
      <trkpt lat="33.196035" lon="-96.864321" />
      <trkpt lat="33.196037" lon="-96.864345" />
      <trkpt lat="33.196093" lon="-96.864372" />
      <trkpt lat="33.196120" lon="-96.864418" />
      <trkpt lat="33.196125" lon="-96.864444" />
      <trkpt lat="33.196116" lon="-96.864465" />
      <trkpt lat="33.196090" lon="-96.864488" />
      <trkpt lat="33.196034" lon="-96.864499" />
      <trkpt lat="33.196015" lon="-96.864553" />
      <trkpt lat="33.196023" lon="-96.864587" />
      <trkpt lat="33.196057" lon="-96.864660" />
      <trkpt lat="33.196093" lon="-96.864675" />
      <trkpt lat="33.196162" lon="-96.864602" />
      <trkpt lat="33.196207" lon="-96.864596" />
      <trkpt lat="33.196351" lon="-96.864605" />
      <trkpt lat="33.196399" lon="-96.864628" />
      <trkpt lat="33.196400" lon="-96.864639" />
      <trkpt lat="33.196409" lon="-96.864715" />
      <trkpt lat="33.196518" lon="-96.864800" />
      <trkpt lat="33.196548" lon="-96.864835" />
      <trkpt lat="33.196552" lon="-96.864870" />
      <trkpt lat="33.196538" lon="-96.864903" />
      <trkpt lat="33.196523" lon="-96.864981" />
      <trkpt lat="33.196593" lon="-96.865107" />
      <trkpt lat="33.196679" lon="-96.865183" />
      <trkpt lat="33.196795" lon="-96.865200" />
      <trkpt lat="33.196899" lon="-96.865137" />
      <trkpt lat="33.196914" lon="-96.865048" />
      <trkpt lat="33.196805" lon="-96.864924" />
      <trkpt lat="33.196802" lon="-96.864900" />
      <trkpt lat="33.196840" lon="-96.864795" />
      <trkpt lat="33.196919" lon="-96.864807" />
      <trkpt lat="33.196948" lon="-96.864800" />
      <trkpt lat="33.196977" lon="-96.864754" />
      <trkpt lat="33.196878" lon="-96.864669" />
      <trkpt lat="33.196763" lon="-96.864591" />
      <trkpt lat="33.196661" lon="-96.864550" />
      <trkpt lat="33.196560" lon="-96.864526" />
      <trkpt lat="33.196555" lon="-96.864518" />
      <trkpt lat="33.196458" lon="-96.864395" />
      <trkpt lat="33.196343" lon="-96.864343" />
      <trkpt lat="33.196294" lon="-96.864254" />
      <trkpt lat="33.196279" lon="-96.864231" />
      <trkpt lat="33.196185" lon="-96.864121" />
      <trkpt lat="33.196092" lon="-96.864024" />
      <trkpt lat="33.195973" lon="-96.863963" />
      <trkpt lat="33.195933" lon="-96.863826" />
      <trkpt lat="33.195839" lon="-96.863751" />
      <trkpt lat="33.195820" lon="-96.863714" />
      <trkpt lat="33.195893" lon="-96.863651" />
      <trkpt lat="33.195934" lon="-96.863661" />
      <trkpt lat="33.196102" lon="-96.863688" />
      <trkpt lat="33.196185" lon="-96.863754" />
      <trkpt lat="33.196256" lon="-96.863844" />
      <trkpt lat="33.196304" lon="-96.863994" />
      <trkpt lat="33.196357" lon="-96.864122" />
      <trkpt lat="33.196444" lon="-96.864239" />
      <trkpt lat="33.196572" lon="-96.864298" />
      <trkpt lat="33.196704" lon="-96.864344" />
      <trkpt lat="33.196786" lon="-96.864441" />
      <trkpt lat="33.196883" lon="-96.864543" />
      <trkpt lat="33.196996" lon="-96.864583" />
      <trkpt lat="33.197077" lon="-96.864600" />
      <trkpt lat="33.197107" lon="-96.864668" />
      <trkpt lat="33.197165" lon="-96.864773" />
      <trkpt lat="33.197264" lon="-96.864836" />
      <trkpt lat="33.197351" lon="-96.864957" />
      <trkpt lat="33.197443" lon="-96.865034" />
      <trkpt lat="33.197551" lon="-96.865021" />
      <trkpt lat="33.197569" lon="-96.864993" />
      <trkpt lat="33.197611" lon="-96.864864" />
      <trkpt lat="33.197610" lon="-96.864838" />
      <trkpt lat="33.197593" lon="-96.864821" />
      <trkpt lat="33.197506" lon="-96.864894" />
      <trkpt lat="33.197498" lon="-96.864898" />
      <trkpt lat="33.197434" lon="-96.864918" />
      <trkpt lat="33.197411" lon="-96.864908" />
      <trkpt lat="33.197372" lon="-96.864787" />
      <trkpt lat="33.197361" lon="-96.864714" />
      <trkpt lat="33.197330" lon="-96.864675" />
      <trkpt lat="33.197215" lon="-96.864660" />
      <trkpt lat="33.197202" lon="-96.864636" />
      <trkpt lat="33.197240" lon="-96.864575" />
      <trkpt lat="33.197365" lon="-96.864510" />
      <trkpt lat="33.197394" lon="-96.864474" />
      <trkpt lat="33.197360" lon="-96.864388" />
      <trkpt lat="33.197223" lon="-96.864369" />
      <trkpt lat="33.197197" lon="-96.864312" />
      <trkpt lat="33.197255" lon="-96.864239" />
      <trkpt lat="33.197256" lon="-96.864207" />
      <trkpt lat="33.197241" lon="-96.864102" />
      <trkpt lat="33.197242" lon="-96.863962" />
      <trkpt lat="33.197151" lon="-96.863944" />
      <trkpt lat="33.197135" lon="-96.863964" />
      <trkpt lat="33.197143" lon="-96.864063" />
      <trkpt lat="33.197130" lon="-96.864082" />
      <trkpt lat="33.197035" lon="-96.864050" />
      <trkpt lat="33.196979" lon="-96.864068" />
      <trkpt lat="33.196928" lon="-96.864177" />
      <trkpt lat="33.197024" lon="-96.864242" />
      <trkpt lat="33.197122" lon="-96.864272" />
      <trkpt lat="33.197157" lon="-96.864342" />
      <trkpt lat="33.197067" lon="-96.864425" />
      <trkpt lat="33.196936" lon="-96.864447" />
      <trkpt lat="33.196882" lon="-96.864354" />
      <trkpt lat="33.196906" lon="-96.864319" />
      <trkpt lat="33.196883" lon="-96.864238" />
      <trkpt lat="33.196757" lon="-96.864242" />
      <trkpt lat="33.196676" lon="-96.864166" />
      <trkpt lat="33.196575" lon="-96.864181" />
      <trkpt lat="33.196555" lon="-96.864112" />
      <trkpt lat="33.196659" lon="-96.864071" />
      <trkpt lat="33.196763" lon="-96.864117" />
      <trkpt lat="33.196865" lon="-96.864093" />
      <trkpt lat="33.196877" lon="-96.864066" />
      <trkpt lat="33.196808" lon="-96.863969" />
      <trkpt lat="33.196681" lon="-96.863928" />
      <trkpt lat="33.196556" lon="-96.863950" />
      <trkpt lat="33.196459" lon="-96.863949" />
      <trkpt lat="33.196435" lon="-96.863953" />
      <trkpt lat="33.196414" lon="-96.863948" />
      <trkpt lat="33.196398" lon="-96.863849" />
      <trkpt lat="33.196395" lon="-96.863835" />
      <trkpt lat="33.196321" lon="-96.863704" />
      <trkpt lat="33.196303" lon="-96.863651" />
      <trkpt lat="33.196333" lon="-96.863600" />
      <trkpt lat="33.196429" lon="-96.863577" />
      <trkpt lat="33.196434" lon="-96.863698" />
      <trkpt lat="33.196425" lon="-96.863762" />
      <trkpt lat="33.196478" lon="-96.863835" />
      <trkpt lat="33.196567" lon="-96.863860" />
      <trkpt lat="33.196672" lon="-96.863827" />
      <trkpt lat="33.196757" lon="-96.863812" />
      <trkpt lat="33.196854" lon="-96.863820" />
      <trkpt lat="33.196880" lon="-96.863810" />
      <trkpt lat="33.196901" lon="-96.863710" />
      <trkpt lat="33.196978" lon="-96.863672" />
      <trkpt lat="33.197047" lon="-96.863724" />
      <trkpt lat="33.197104" lon="-96.863806" />
      <trkpt lat="33.197112" lon="-96.863860" />
      <trkpt lat="33.197220" lon="-96.863855" />
      <trkpt lat="33.197315" lon="-96.863903" />
      <trkpt lat="33.197369" lon="-96.864043" />
      <trkpt lat="33.197369" lon="-96.864113" />
      <trkpt lat="33.197370" lon="-96.864229" />
      <trkpt lat="33.197382" lon="-96.864304" />
      <trkpt lat="33.197417" lon="-96.864312" />
      <trkpt lat="33.197489" lon="-96.864297" />
      <trkpt lat="33.197513" lon="-96.864366" />
      <trkpt lat="33.197426" lon="-96.864497" />
      <trkpt lat="33.197433" lon="-96.864631" />
      <trkpt lat="33.197498" lon="-96.864717" />
      <trkpt lat="33.197545" lon="-96.864660" />
      <trkpt lat="33.197565" lon="-96.864597" />
      <trkpt lat="33.197644" lon="-96.864591" />
      <trkpt lat="33.197714" lon="-96.864599" />
      <trkpt lat="33.197758" lon="-96.864648" />
      <trkpt lat="33.197788" lon="-96.864733" />
      <trkpt lat="33.197801" lon="-96.864847" />
      <trkpt lat="33.197788" lon="-96.864940" />
      <trkpt lat="33.197829" lon="-96.865008" />
      <trkpt lat="33.197842" lon="-96.865002" />
      <trkpt lat="33.197860" lon="-96.864992" />
      <trkpt lat="33.197942" lon="-96.864920" />
      <trkpt lat="33.197948" lon="-96.864876" />
      <trkpt lat="33.197969" lon="-96.864762" />
      <trkpt lat="33.197930" lon="-96.864651" />
      <trkpt lat="33.197926" lon="-96.864637" />
      <trkpt lat="33.197841" lon="-96.864535" />
      <trkpt lat="33.197812" lon="-96.864511" />
      <trkpt lat="33.197810" lon="-96.864511" />
      <trkpt lat="33.197807" lon="-96.864418" />
      <trkpt lat="33.197763" lon="-96.864406" />
      <trkpt lat="33.197659" lon="-96.864421" />
      <trkpt lat="33.197667" lon="-96.864330" />
      <trkpt lat="33.197745" lon="-96.864193" />
      <trkpt lat="33.197721" lon="-96.864108" />
      <trkpt lat="33.197665" lon="-96.864093" />
      <trkpt lat="33.197559" lon="-96.864188" />
      <trkpt lat="33.197483" lon="-96.864145" />
      <trkpt lat="33.197539" lon="-96.864056" />
      <trkpt lat="33.197579" lon="-96.863930" />
      <trkpt lat="33.197544" lon="-96.863810" />
      <trkpt lat="33.197536" lon="-96.863784" />
      <trkpt lat="33.197422" lon="-96.863770" />
      <trkpt lat="33.197346" lon="-96.863774" />
      <trkpt lat="33.197315" lon="-96.863726" />
      <trkpt lat="33.197203" lon="-96.863689" />
      <trkpt lat="33.197118" lon="-96.863627" />
      <trkpt lat="33.197045" lon="-96.863539" />
      <trkpt lat="33.196928" lon="-96.863507" />
      <trkpt lat="33.196808" lon="-96.863572" />
      <trkpt lat="33.196695" lon="-96.863671" />
      <trkpt lat="33.196604" lon="-96.863686" />
      <trkpt lat="33.196556" lon="-96.863589" />
      <trkpt lat="33.196579" lon="-96.863520" />
      <trkpt lat="33.196695" lon="-96.863503" />
      <trkpt lat="33.196806" lon="-96.863501" />
      <trkpt lat="33.196839" lon="-96.863372" />
      <trkpt lat="33.196907" lon="-96.863257" />
      <trkpt lat="33.196987" lon="-96.863250" />
      <trkpt lat="33.197049" lon="-96.863361" />
      <trkpt lat="33.197121" lon="-96.863474" />
      <trkpt lat="33.197269" lon="-96.863486" />
      <trkpt lat="33.197385" lon="-96.863492" />
      <trkpt lat="33.197477" lon="-96.863525" />
      <trkpt lat="33.197544" lon="-96.863566" />
      <trkpt lat="33.197546" lon="-96.863586" />
      <trkpt lat="33.197576" lon="-96.863588" />
      <trkpt lat="33.197623" lon="-96.863569" />
      <trkpt lat="33.197670" lon="-96.863542" />
      <trkpt lat="33.197775" lon="-96.863540" />
      <trkpt lat="33.197917" lon="-96.863508" />
      <trkpt lat="33.198015" lon="-96.863419" />
      <trkpt lat="33.198013" lon="-96.863403" />
      <trkpt lat="33.197924" lon="-96.863270" />
      <trkpt lat="33.197856" lon="-96.863211" />
      <trkpt lat="33.197763" lon="-96.863288" />
      <trkpt lat="33.197725" lon="-96.863299" />
      <trkpt lat="33.197607" lon="-96.863372" />
      <trkpt lat="33.197536" lon="-96.863369" />
      <trkpt lat="33.197521" lon="-96.863305" />
      <trkpt lat="33.197551" lon="-96.863236" />
      <trkpt lat="33.197664" lon="-96.863141" />
      <trkpt lat="33.197675" lon="-96.863117" />
      <trkpt lat="33.197585" lon="-96.863028" />
      <trkpt lat="33.197563" lon="-96.863029" />
      <trkpt lat="33.197476" lon="-96.863164" />
      <trkpt lat="33.197358" lon="-96.863271" />
      <trkpt lat="33.197247" lon="-96.863290" />
      <trkpt lat="33.197165" lon="-96.863218" />
      <trkpt lat="33.197098" lon="-96.863116" />
      <trkpt lat="33.197092" lon="-96.862983" />
      <trkpt lat="33.197096" lon="-96.862941" />
      <trkpt lat="33.197126" lon="-96.862891" />
      <trkpt lat="33.197195" lon="-96.862750" />
      <trkpt lat="33.197211" lon="-96.862607" />
      <trkpt lat="33.197220" lon="-96.862575" />
      <trkpt lat="33.197327" lon="-96.862528" />
      <trkpt lat="33.197358" lon="-96.862581" />
      <trkpt lat="33.197334" lon="-96.862676" />
      <trkpt lat="33.197258" lon="-96.862827" />
      <trkpt lat="33.197204" lon="-96.862954" />
      <trkpt lat="33.197207" lon="-96.863004" />
      <trkpt lat="33.197257" lon="-96.863066" />
      <trkpt lat="33.197345" lon="-96.863103" />
      <trkpt lat="33.197436" lon="-96.863054" />
      <trkpt lat="33.197498" lon="-96.862975" />
      <trkpt lat="33.197549" lon="-96.862947" />
      <trkpt lat="33.197626" lon="-96.862912" />
      <trkpt lat="33.197610" lon="-96.862860" />
      <trkpt lat="33.197548" lon="-96.862856" />
      <trkpt lat="33.197479" lon="-96.862877" />
      <trkpt lat="33.197456" lon="-96.862872" />
      <trkpt lat="33.197401" lon="-96.862844" />
      <trkpt lat="33.197403" lon="-96.862781" />
      <trkpt lat="33.197467" lon="-96.862772" />
      <trkpt lat="33.197490" lon="-96.862744" />
      <trkpt lat="33.197501" lon="-96.862721" />
      <trkpt lat="33.197509" lon="-96.862601" />
      <trkpt lat="33.197508" lon="-96.862582" />
      <trkpt lat="33.197553" lon="-96.862506" />
      <trkpt lat="33.197626" lon="-96.862418" />
      <trkpt lat="33.197653" lon="-96.862420" />
      <trkpt lat="33.197668" lon="-96.862378" />
      <trkpt lat="33.197662" lon="-96.862332" />
      <trkpt lat="33.197616" lon="-96.862294" />
      <trkpt lat="33.197491" lon="-96.862395" />
      <trkpt lat="33.197378" lon="-96.862442" />
      <trkpt lat="33.197286" lon="-96.862347" />
      <trkpt lat="33.197206" lon="-96.862225" />
      <trkpt lat="33.197187" lon="-96.862116" />
      <trkpt lat="33.197218" lon="-96.861975" />
      <trkpt lat="33.197268" lon="-96.861944" />
      <trkpt lat="33.197360" lon="-96.861988" />
      <trkpt lat="33.197360" lon="-96.861995" />
      <trkpt lat="33.197349" lon="-96.861982" />
    </trkseg>
  </trk>
  <trk>
    <name>Trail 14</name>
    <trkseg>
      <trkpt lat="33.149908" lon="-96.820699" />
      <trkpt lat="33.149954" lon="-96.820699" />
      <trkpt lat="33.150051" lon="-96.820697" />
      <trkpt lat="33.150299" lon="-96.820697" />
      <trkpt lat="33.150890" lon="-96.820680" />
      <trkpt lat="33.150957" lon="-96.820683" />
      <trkpt lat="33.151039" lon="-96.820688" />
      <trkpt lat="33.151670" lon="-96.820714" />
      <trkpt lat="33.151689" lon="-96.820715" />
      <trkpt lat="33.151957" lon="-96.820724" />
      <trkpt lat="33.152009" lon="-96.820726" />
      <trkpt lat="33.152059" lon="-96.820728" />
      <trkpt lat="33.152116" lon="-96.820729" />
      <trkpt lat="33.152212" lon="-96.820731" />
      <trkpt lat="33.152606" lon="-96.820724" />
      <trkpt lat="33.152651" lon="-96.820726" />
      <trkpt lat="33.152728" lon="-96.820729" />
      <trkpt lat="33.152966" lon="-96.820729" />
      <trkpt lat="33.153139" lon="-96.820730" />
      <trkpt lat="33.154113" lon="-96.820733" />
      <trkpt lat="33.155046" lon="-96.820723" />
      <trkpt lat="33.155734" lon="-96.820712" />
      <trkpt lat="33.156885" lon="-96.820706" />
      <trkpt lat="33.157737" lon="-96.820702" />
      <trkpt lat="33.157762" lon="-96.820702" />
      <trkpt lat="33.159214" lon="-96.820665" />
      <trkpt lat="33.159286" lon="-96.820663" />
      <trkpt lat="33.160078" lon="-96.820641" />
      <trkpt lat="33.160277" lon="-96.820639" />
      <trkpt lat="33.162367" lon="-96.820618" />
      <trkpt lat="33.163610" lon="-96.820576" />
      <trkpt lat="33.164294" lon="-96.820571" />
      <trkpt lat="33.165367" lon="-96.820555" />
      <trkpt lat="33.166569" lon="-96.820540" />
      <trkpt lat="33.167914" lon="-96.820524" />
      <trkpt lat="33.168761" lon="-96.820501" />
      <trkpt lat="33.169552" lon="-96.820486" />
      <trkpt lat="33.170343" lon="-96.820471" />
      <trkpt lat="33.170707" lon="-96.820463" />
      <trkpt lat="33.171114" lon="-96.820454" />
      <trkpt lat="33.171910" lon="-96.820437" />
      <trkpt lat="33.172723" lon="-96.820424" />
      <trkpt lat="33.174527" lon="-96.820381" />
      <trkpt lat="33.174617" lon="-96.820379" />
      <trkpt lat="33.174662" lon="-96.820378" />
    </trkseg>
  </trk>
  <trk>
    <name>Redhawk Mountain Bike Trail</name>
    <trkseg>
      <trkpt lat="33.199942" lon="-96.864267" />
      <trkpt lat="33.199909" lon="-96.864306" />
      <trkpt lat="33.199895" lon="-96.864326" />
      <trkpt lat="33.199875" lon="-96.864344" />
      <trkpt lat="33.199854" lon="-96.864359" />
      <trkpt lat="33.199831" lon="-96.864371" />
      <trkpt lat="33.199798" lon="-96.864376" />
      <trkpt lat="33.199764" lon="-96.864375" />
      <trkpt lat="33.199731" lon="-96.864368" />
      <trkpt lat="33.199699" lon="-96.864356" />
      <trkpt lat="33.199669" lon="-96.864337" />
      <trkpt lat="33.199649" lon="-96.864312" />
      <trkpt lat="33.199632" lon="-96.864285" />
      <trkpt lat="33.199618" lon="-96.864255" />
      <trkpt lat="33.199608" lon="-96.864235" />
      <trkpt lat="33.199601" lon="-96.864213" />
      <trkpt lat="33.199589" lon="-96.864107" />
      <trkpt lat="33.199590" lon="-96.864097" />
      <trkpt lat="33.199590" lon="-96.864086" />
      <trkpt lat="33.199587" lon="-96.864076" />
      <trkpt lat="33.199584" lon="-96.864066" />
      <trkpt lat="33.199579" lon="-96.864058" />
      <trkpt lat="33.199573" lon="-96.864050" />
      <trkpt lat="33.199566" lon="-96.864043" />
      <trkpt lat="33.199558" lon="-96.864039" />
      <trkpt lat="33.199517" lon="-96.864015" />
      <trkpt lat="33.199501" lon="-96.864012" />
      <trkpt lat="33.199486" lon="-96.864006" />
      <trkpt lat="33.199471" lon="-96.863997" />
      <trkpt lat="33.199458" lon="-96.863986" />
      <trkpt lat="33.199447" lon="-96.863971" />
      <trkpt lat="33.199439" lon="-96.863955" />
      <trkpt lat="33.199432" lon="-96.863937" />
      <trkpt lat="33.199429" lon="-96.863918" />
      <trkpt lat="33.199424" lon="-96.863854" />
      <trkpt lat="33.199424" lon="-96.863837" />
      <trkpt lat="33.199423" lon="-96.863820" />
      <trkpt lat="33.199419" lon="-96.863804" />
      <trkpt lat="33.199413" lon="-96.863789" />
      <trkpt lat="33.199405" lon="-96.863775" />
      <trkpt lat="33.199395" lon="-96.863762" />
      <trkpt lat="33.199309" lon="-96.863632" />
      <trkpt lat="33.199267" lon="-96.863561" />
      <trkpt lat="33.199263" lon="-96.863552" />
      <trkpt lat="33.199257" lon="-96.863544" />
      <trkpt lat="33.199250" lon="-96.863537" />
      <trkpt lat="33.199242" lon="-96.863531" />
      <trkpt lat="33.199234" lon="-96.863527" />
      <trkpt lat="33.199225" lon="-96.863525" />
      <trkpt lat="33.199216" lon="-96.863525" />
      <trkpt lat="33.199207" lon="-96.863526" />
      <trkpt lat="33.199198" lon="-96.863529" />
      <trkpt lat="33.199190" lon="-96.863534" />
      <trkpt lat="33.199183" lon="-96.863540" />
      <trkpt lat="33.199177" lon="-96.863548" />
      <trkpt lat="33.199157" lon="-96.863575" />
      <trkpt lat="33.199135" lon="-96.863599" />
      <trkpt lat="33.199109" lon="-96.863617" />
      <trkpt lat="33.199084" lon="-96.863631" />
      <trkpt lat="33.199061" lon="-96.863649" />
      <trkpt lat="33.199040" lon="-96.863672" />
      <trkpt lat="33.199024" lon="-96.863699" />
      <trkpt lat="33.199011" lon="-96.863729" />
      <trkpt lat="33.199003" lon="-96.863761" />
      <trkpt lat="33.199000" lon="-96.863794" />
      <trkpt lat="33.198999" lon="-96.863809" />
      <trkpt lat="33.199023" lon="-96.863901" />
      <trkpt lat="33.199031" lon="-96.863919" />
      <trkpt lat="33.199041" lon="-96.863935" />
      <trkpt lat="33.199053" lon="-96.863948" />
      <trkpt lat="33.199067" lon="-96.863960" />
      <trkpt lat="33.199082" lon="-96.863968" />
      <trkpt lat="33.199099" lon="-96.863974" />
      <trkpt lat="33.199112" lon="-96.863976" />
      <trkpt lat="33.199126" lon="-96.863974" />
      <trkpt lat="33.199140" lon="-96.863971" />
      <trkpt lat="33.199152" lon="-96.863964" />
      <trkpt lat="33.199220" lon="-96.863929" />
      <trkpt lat="33.199226" lon="-96.863927" />
      <trkpt lat="33.199232" lon="-96.863926" />
      <trkpt lat="33.199239" lon="-96.863926" />
      <trkpt lat="33.199245" lon="-96.863927" />
      <trkpt lat="33.199251" lon="-96.863929" />
      <trkpt lat="33.199257" lon="-96.863932" />
      <trkpt lat="33.199262" lon="-96.863937" />
      <trkpt lat="33.199267" lon="-96.863942" />
      <trkpt lat="33.199285" lon="-96.863985" />
      <trkpt lat="33.199287" lon="-96.863999" />
      <trkpt lat="33.199287" lon="-96.864013" />
      <trkpt lat="33.199285" lon="-96.864026" />
      <trkpt lat="33.199281" lon="-96.864040" />
      <trkpt lat="33.199276" lon="-96.864052" />
      <trkpt lat="33.199269" lon="-96.864063" />
      <trkpt lat="33.199255" lon="-96.864105" />
      <trkpt lat="33.199248" lon="-96.864149" />
      <trkpt lat="33.199248" lon="-96.864194" />
      <trkpt lat="33.199244" lon="-96.864249" />
      <trkpt lat="33.199238" lon="-96.864302" />
      <trkpt lat="33.199228" lon="-96.864355" />
      <trkpt lat="33.199220" lon="-96.864381" />
      <trkpt lat="33.199208" lon="-96.864405" />
      <trkpt lat="33.199194" lon="-96.864427" />
      <trkpt lat="33.199176" lon="-96.864446" />
      <trkpt lat="33.199157" lon="-96.864461" />
      <trkpt lat="33.199135" lon="-96.864472" />
      <trkpt lat="33.199113" lon="-96.864479" />
      <trkpt lat="33.199093" lon="-96.864477" />
      <trkpt lat="33.199073" lon="-96.864479" />
      <trkpt lat="33.199054" lon="-96.864485" />
      <trkpt lat="33.199035" lon="-96.864494" />
      <trkpt lat="33.199018" lon="-96.864507" />
      <trkpt lat="33.199003" lon="-96.864523" />
      <trkpt lat="33.198991" lon="-96.864541" />
      <trkpt lat="33.198987" lon="-96.864562" />
      <trkpt lat="33.198986" lon="-96.864583" />
      <trkpt lat="33.198988" lon="-96.864604" />
      <trkpt lat="33.198993" lon="-96.864624" />
      <trkpt lat="33.199000" lon="-96.864643" />
      <trkpt lat="33.199010" lon="-96.864660" />
      <trkpt lat="33.199030" lon="-96.864670" />
      <trkpt lat="33.199050" lon="-96.864677" />
      <trkpt lat="33.199071" lon="-96.864679" />
      <trkpt lat="33.199092" lon="-96.864678" />
      <trkpt lat="33.199113" lon="-96.864673" />
      <trkpt lat="33.199133" lon="-96.864664" />
      <trkpt lat="33.199151" lon="-96.864652" />
      <trkpt lat="33.199190" lon="-96.864631" />
      <trkpt lat="33.199231" lon="-96.864617" />
      <trkpt lat="33.199273" lon="-96.864612" />
      <trkpt lat="33.199428" lon="-96.864598" />
      <trkpt lat="33.199483" lon="-96.864609" />
      <trkpt lat="33.199536" lon="-96.864623" />
      <trkpt lat="33.199589" lon="-96.864642" />
      <trkpt lat="33.199640" lon="-96.864653" />
      <trkpt lat="33.199693" lon="-96.864656" />
      <trkpt lat="33.199745" lon="-96.864651" />
      <trkpt lat="33.199796" lon="-96.864638" />
      <trkpt lat="33.199800" lon="-96.864637" />
      <trkpt lat="33.199804" lon="-96.864637" />
      <trkpt lat="33.199808" lon="-96.864638" />
      <trkpt lat="33.199812" lon="-96.864639" />
      <trkpt lat="33.199816" lon="-96.864641" />
      <trkpt lat="33.199819" lon="-96.864644" />
      <trkpt lat="33.199822" lon="-96.864648" />
      <trkpt lat="33.199825" lon="-96.864652" />
      <trkpt lat="33.199827" lon="-96.864656" />
      <trkpt lat="33.199828" lon="-96.864661" />
      <trkpt lat="33.199828" lon="-96.864666" />
      <trkpt lat="33.199828" lon="-96.864671" />
      <trkpt lat="33.199825" lon="-96.864814" />
      <trkpt lat="33.199825" lon="-96.864821" />
      <trkpt lat="33.199824" lon="-96.864827" />
      <trkpt lat="33.199823" lon="-96.864834" />
      <trkpt lat="33.199820" lon="-96.864839" />
      <trkpt lat="33.199817" lon="-96.864845" />
      <trkpt lat="33.199813" lon="-96.864849" />
      <trkpt lat="33.199808" lon="-96.864853" />
      <trkpt lat="33.199803" lon="-96.864855" />
      <trkpt lat="33.199795" lon="-96.864862" />
      <trkpt lat="33.199788" lon="-96.864869" />
      <trkpt lat="33.199782" lon="-96.864878" />
      <trkpt lat="33.199776" lon="-96.864888" />
      <trkpt lat="33.199771" lon="-96.864901" />
      <trkpt lat="33.199767" lon="-96.864916" />
      <trkpt lat="33.199765" lon="-96.864931" />
      <trkpt lat="33.199759" lon="-96.864949" />
      <trkpt lat="33.199751" lon="-96.864965" />
      <trkpt lat="33.199741" lon="-96.864980" />
      <trkpt lat="33.199728" lon="-96.864992" />
      <trkpt lat="33.199715" lon="-96.865001" />
      <trkpt lat="33.199699" lon="-96.865008" />
      <trkpt lat="33.199685" lon="-96.865011" />
      <trkpt lat="33.199670" lon="-96.865011" />
      <trkpt lat="33.199655" lon="-96.865009" />
      <trkpt lat="33.199641" lon="-96.865003" />
      <trkpt lat="33.199627" lon="-96.864994" />
      <trkpt lat="33.199616" lon="-96.864983" />
      <trkpt lat="33.199606" lon="-96.864970" />
      <trkpt lat="33.199598" lon="-96.864955" />
      <trkpt lat="33.199592" lon="-96.864938" />
      <trkpt lat="33.199589" lon="-96.864920" />
      <trkpt lat="33.199589" lon="-96.864903" />
      <trkpt lat="33.199590" lon="-96.864863" />
      <trkpt lat="33.199585" lon="-96.864825" />
      <trkpt lat="33.199575" lon="-96.864787" />
      <trkpt lat="33.199567" lon="-96.864776" />
      <trkpt lat="33.199557" lon="-96.864766" />
      <trkpt lat="33.199546" lon="-96.864758" />
      <trkpt lat="33.199534" lon="-96.864752" />
      <trkpt lat="33.199522" lon="-96.864749" />
      <trkpt lat="33.199509" lon="-96.864748" />
      <trkpt lat="33.199496" lon="-96.864750" />
      <trkpt lat="33.199483" lon="-96.864754" />
      <trkpt lat="33.199471" lon="-96.864760" />
      <trkpt lat="33.199460" lon="-96.864769" />
      <trkpt lat="33.199449" lon="-96.864779" />
      <trkpt lat="33.199441" lon="-96.864793" />
      <trkpt lat="33.199434" lon="-96.864810" />
      <trkpt lat="33.199430" lon="-96.864827" />
      <trkpt lat="33.199428" lon="-96.864844" />
      <trkpt lat="33.199428" lon="-96.864862" />
      <trkpt lat="33.199432" lon="-96.864887" />
      <trkpt lat="33.199439" lon="-96.864911" />
      <trkpt lat="33.199449" lon="-96.864934" />
      <trkpt lat="33.199452" lon="-96.864945" />
      <trkpt lat="33.199454" lon="-96.864957" />
      <trkpt lat="33.199454" lon="-96.864970" />
      <trkpt lat="33.199453" lon="-96.864982" />
      <trkpt lat="33.199449" lon="-96.864994" />
      <trkpt lat="33.199444" lon="-96.865005" />
      <trkpt lat="33.199438" lon="-96.865014" />
      <trkpt lat="33.199430" lon="-96.865023" />
      <trkpt lat="33.199420" lon="-96.865031" />
      <trkpt lat="33.199410" lon="-96.865037" />
      <trkpt lat="33.199398" lon="-96.865041" />
      <trkpt lat="33.199387" lon="-96.865043" />
      <trkpt lat="33.199375" lon="-96.865042" />
      <trkpt lat="33.199363" lon="-96.865039" />
      <trkpt lat="33.199352" lon="-96.865034" />
      <trkpt lat="33.199304" lon="-96.864980" />
      <trkpt lat="33.199287" lon="-96.864944" />
      <trkpt lat="33.199275" lon="-96.864905" />
      <trkpt lat="33.199267" lon="-96.864865" />
      <trkpt lat="33.199259" lon="-96.864828" />
      <trkpt lat="33.199246" lon="-96.864793" />
      <trkpt lat="33.199228" lon="-96.864762" />
      <trkpt lat="33.199221" lon="-96.864752" />
      <trkpt lat="33.199212" lon="-96.864744" />
      <trkpt lat="33.199203" lon="-96.864738" />
      <trkpt lat="33.199193" lon="-96.864734" />
      <trkpt lat="33.199182" lon="-96.864731" />
      <trkpt lat="33.199171" lon="-96.864731" />
      <trkpt lat="33.199161" lon="-96.864733" />
      <trkpt lat="33.199150" lon="-96.864736" />
      <trkpt lat="33.199141" lon="-96.864742" />
      <trkpt lat="33.199132" lon="-96.864749" />
      <trkpt lat="33.199122" lon="-96.864765" />
      <trkpt lat="33.199115" lon="-96.864783" />
      <trkpt lat="33.199111" lon="-96.864801" />
      <trkpt lat="33.199109" lon="-96.864821" />
      <trkpt lat="33.199102" lon="-96.864907" />
      <trkpt lat="33.199096" lon="-96.864967" />
      <trkpt lat="33.199093" lon="-96.864978" />
      <trkpt lat="33.199088" lon="-96.864988" />
      <trkpt lat="33.199082" lon="-96.864996" />
      <trkpt lat="33.199074" lon="-96.865004" />
      <trkpt lat="33.199066" lon="-96.865010" />
      <trkpt lat="33.199057" lon="-96.865014" />
      <trkpt lat="33.199047" lon="-96.865016" />
      <trkpt lat="33.199037" lon="-96.865016" />
      <trkpt lat="33.199028" lon="-96.865015" />
      <trkpt lat="33.199018" lon="-96.865011" />
      <trkpt lat="33.199010" lon="-96.865006" />
      <trkpt lat="33.199002" lon="-96.864999" />
      <trkpt lat="33.198995" lon="-96.864991" />
      <trkpt lat="33.198990" lon="-96.864981" />
      <trkpt lat="33.198986" lon="-96.864970" />
      <trkpt lat="33.198983" lon="-96.864959" />
      <trkpt lat="33.198983" lon="-96.864948" />
      <trkpt lat="33.198983" lon="-96.864936" />
      <trkpt lat="33.198986" lon="-96.864925" />
      <trkpt lat="33.198990" lon="-96.864914" />
      <trkpt lat="33.199021" lon="-96.864845" />
      <trkpt lat="33.199021" lon="-96.864836" />
      <trkpt lat="33.199020" lon="-96.864826" />
      <trkpt lat="33.199018" lon="-96.864817" />
      <trkpt lat="33.199015" lon="-96.864809" />
      <trkpt lat="33.199010" lon="-96.864801" />
      <trkpt lat="33.199005" lon="-96.864794" />
      <trkpt lat="33.198998" lon="-96.864788" />
      <trkpt lat="33.198991" lon="-96.864784" />
      <trkpt lat="33.198984" lon="-96.864781" />
      <trkpt lat="33.198976" lon="-96.864779" />
      <trkpt lat="33.198968" lon="-96.864779" />
      <trkpt lat="33.198864" lon="-96.864774" />
      <trkpt lat="33.198847" lon="-96.864773" />
      <trkpt lat="33.198830" lon="-96.864775" />
      <trkpt lat="33.198814" lon="-96.864781" />
      <trkpt lat="33.198799" lon="-96.864790" />
      <trkpt lat="33.198772" lon="-96.864802" />
      <trkpt lat="33.198745" lon="-96.864818" />
      <trkpt lat="33.198721" lon="-96.864837" />
      <trkpt lat="33.198700" lon="-96.864857" />
      <trkpt lat="33.198682" lon="-96.864880" />
      <trkpt lat="33.198668" lon="-96.864906" />
      <trkpt lat="33.198657" lon="-96.864935" />
      <trkpt lat="33.198651" lon="-96.864965" />
      <trkpt lat="33.198640" lon="-96.865044" />
      <trkpt lat="33.198638" lon="-96.865060" />
      <trkpt lat="33.198634" lon="-96.865075" />
      <trkpt lat="33.198628" lon="-96.865089" />
      <trkpt lat="33.198620" lon="-96.865101" />
      <trkpt lat="33.198610" lon="-96.865112" />
      <trkpt lat="33.198599" lon="-96.865121" />
      <trkpt lat="33.198587" lon="-96.865127" />
      <trkpt lat="33.198574" lon="-96.865131" />
      <trkpt lat="33.198517" lon="-96.865147" />
      <trkpt lat="33.198433" lon="-96.865190" />
      <trkpt lat="33.198405" lon="-96.865217" />
      <trkpt lat="33.198382" lon="-96.865250" />
      <trkpt lat="33.198363" lon="-96.865286" />
      <trkpt lat="33.198350" lon="-96.865326" />
      <trkpt lat="33.198345" lon="-96.865355" />
      <trkpt lat="33.198343" lon="-96.865384" />
      <trkpt lat="33.198346" lon="-96.865413" />
      <trkpt lat="33.198352" lon="-96.865442" />
      <trkpt lat="33.198362" lon="-96.865469" />
      <trkpt lat="33.198375" lon="-96.865494" />
      <trkpt lat="33.198385" lon="-96.865507" />
      <trkpt lat="33.198396" lon="-96.865518" />
      <trkpt lat="33.198409" lon="-96.865527" />
      <trkpt lat="33.198423" lon="-96.865533" />
      <trkpt lat="33.198437" lon="-96.865537" />
      <trkpt lat="33.198452" lon="-96.865539" />
      <trkpt lat="33.198553" lon="-96.865544" />
      <trkpt lat="33.198685" lon="-96.865546" />
      <trkpt lat="33.198702" lon="-96.865548" />
      <trkpt lat="33.198719" lon="-96.865553" />
      <trkpt lat="33.198735" lon="-96.865561" />
      <trkpt lat="33.198776" lon="-96.865596" />
      <trkpt lat="33.198790" lon="-96.865620" />
      <trkpt lat="33.198801" lon="-96.865645" />
      <trkpt lat="33.198808" lon="-96.865672" />
      <trkpt lat="33.198843" lon="-96.865827" />
      <trkpt lat="33.198847" lon="-96.865849" />
      <trkpt lat="33.198854" lon="-96.865870" />
      <trkpt lat="33.198865" lon="-96.865889" />
      <trkpt lat="33.198878" lon="-96.865906" />
      <trkpt lat="33.198893" lon="-96.865919" />
      <trkpt lat="33.198910" lon="-96.865930" />
      <trkpt lat="33.198928" lon="-96.865937" />
      <trkpt lat="33.198938" lon="-96.865932" />
      <trkpt lat="33.198947" lon="-96.865925" />
      <trkpt lat="33.198955" lon="-96.865917" />
      <trkpt lat="33.198961" lon="-96.865907" />
      <trkpt lat="33.198966" lon="-96.865896" />
      <trkpt lat="33.198970" lon="-96.865884" />
      <trkpt lat="33.198972" lon="-96.865872" />
      <trkpt lat="33.198972" lon="-96.865860" />
      <trkpt lat="33.198970" lon="-96.865847" />
      <trkpt lat="33.198967" lon="-96.865835" />
      <trkpt lat="33.198963" lon="-96.865830" />
      <trkpt lat="33.198959" lon="-96.865823" />
      <trkpt lat="33.198957" lon="-96.865816" />
      <trkpt lat="33.198956" lon="-96.865808" />
      <trkpt lat="33.198955" lon="-96.865801" />
      <trkpt lat="33.198956" lon="-96.865793" />
      <trkpt lat="33.198958" lon="-96.865786" />
      <trkpt lat="33.198961" lon="-96.865779" />
      <trkpt lat="33.198965" lon="-96.865773" />
      <trkpt lat="33.198969" lon="-96.865768" />
      <trkpt lat="33.198975" lon="-96.865763" />
      <trkpt lat="33.198981" lon="-96.865760" />
      <trkpt lat="33.198987" lon="-96.865758" />
      <trkpt lat="33.198993" lon="-96.865757" />
      <trkpt lat="33.198998" lon="-96.865758" />
      <trkpt lat="33.199003" lon="-96.865757" />
      <trkpt lat="33.199007" lon="-96.865756" />
      <trkpt lat="33.199012" lon="-96.865754" />
      <trkpt lat="33.199016" lon="-96.865750" />
      <trkpt lat="33.199019" lon="-96.865746" />
      <trkpt lat="33.199022" lon="-96.865742" />
      <trkpt lat="33.199025" lon="-96.865737" />
      <trkpt lat="33.199026" lon="-96.865731" />
      <trkpt lat="33.199027" lon="-96.865726" />
      <trkpt lat="33.199027" lon="-96.865720" />
      <trkpt lat="33.199026" lon="-96.865715" />
      <trkpt lat="33.199025" lon="-96.865709" />
      <trkpt lat="33.199022" lon="-96.865704" />
      <trkpt lat="33.199019" lon="-96.865700" />
      <trkpt lat="33.199016" lon="-96.865696" />
      <trkpt lat="33.199014" lon="-96.865692" />
      <trkpt lat="33.199012" lon="-96.865687" />
      <trkpt lat="33.199010" lon="-96.865683" />
      <trkpt lat="33.199010" lon="-96.865678" />
      <trkpt lat="33.199010" lon="-96.865673" />
      <trkpt lat="33.199011" lon="-96.865668" />
      <trkpt lat="33.199012" lon="-96.865663" />
      <trkpt lat="33.199015" lon="-96.865658" />
      <trkpt lat="33.199017" lon="-96.865655" />
      <trkpt lat="33.199021" lon="-96.865651" />
      <trkpt lat="33.199024" lon="-96.865649" />
      <trkpt lat="33.199028" lon="-96.865647" />
      <trkpt lat="33.199033" lon="-96.865640" />
      <trkpt lat="33.199038" lon="-96.865633" />
      <trkpt lat="33.199041" lon="-96.865624" />
      <trkpt lat="33.199043" lon="-96.865616" />
      <trkpt lat="33.199043" lon="-96.865607" />
      <trkpt lat="33.199042" lon="-96.865598" />
      <trkpt lat="33.199040" lon="-96.865589" />
      <trkpt lat="33.199037" lon="-96.865581" />
      <trkpt lat="33.199032" lon="-96.865573" />
      <trkpt lat="33.199027" lon="-96.865567" />
      <trkpt lat="33.199021" lon="-96.865562" />
      <trkpt lat="33.198920" lon="-96.865510" />
      <trkpt lat="33.198736" lon="-96.865388" />
      <trkpt lat="33.198704" lon="-96.865355" />
      <trkpt lat="33.198700" lon="-96.865349" />
      <trkpt lat="33.198697" lon="-96.865341" />
      <trkpt lat="33.198695" lon="-96.865334" />
      <trkpt lat="33.198695" lon="-96.865326" />
      <trkpt lat="33.198695" lon="-96.865318" />
      <trkpt lat="33.198696" lon="-96.865310" />
      <trkpt lat="33.198699" lon="-96.865303" />
      <trkpt lat="33.198703" lon="-96.865296" />
      <trkpt lat="33.198707" lon="-96.865290" />
      <trkpt lat="33.198712" lon="-96.865285" />
      <trkpt lat="33.198718" lon="-96.865281" />
      <trkpt lat="33.198725" lon="-96.865278" />
      <trkpt lat="33.198731" lon="-96.865277" />
      <trkpt lat="33.198738" lon="-96.865277" />
      <trkpt lat="33.198745" lon="-96.865278" />
      <trkpt lat="33.198751" lon="-96.865281" />
      <trkpt lat="33.198786" lon="-96.865307" />
      <trkpt lat="33.198796" lon="-96.865312" />
      <trkpt lat="33.198807" lon="-96.865315" />
      <trkpt lat="33.198818" lon="-96.865315" />
      <trkpt lat="33.198828" lon="-96.865314" />
      <trkpt lat="33.198839" lon="-96.865310" />
      <trkpt lat="33.198849" lon="-96.865305" />
      <trkpt lat="33.198857" lon="-96.865298" />
      <trkpt lat="33.198865" lon="-96.865289" />
      <trkpt lat="33.198872" lon="-96.865278" />
      <trkpt lat="33.198919" lon="-96.865215" />
      <trkpt lat="33.198970" lon="-96.865156" />
      <trkpt lat="33.199000" lon="-96.865131" />
      <trkpt lat="33.199032" lon="-96.865111" />
      <trkpt lat="33.199067" lon="-96.865099" />
      <trkpt lat="33.199103" lon="-96.865093" />
      <trkpt lat="33.199140" lon="-96.865095" />
      <trkpt lat="33.199411" lon="-96.865108" />
      <trkpt lat="33.199529" lon="-96.865128" />
      <trkpt lat="33.199574" lon="-96.865118" />
      <trkpt lat="33.199808" lon="-96.865081" />
      <trkpt lat="33.199811" lon="-96.865080" />
      <trkpt lat="33.199815" lon="-96.865080" />
      <trkpt lat="33.199819" lon="-96.865081" />
      <trkpt lat="33.199822" lon="-96.865082" />
      <trkpt lat="33.199825" lon="-96.865085" />
      <trkpt lat="33.199828" lon="-96.865088" />
      <trkpt lat="33.199831" lon="-96.865091" />
      <trkpt lat="33.199832" lon="-96.865095" />
      <trkpt lat="33.199834" lon="-96.865099" />
      <trkpt lat="33.199835" lon="-96.865103" />
      <trkpt lat="33.199835" lon="-96.865107" />
      <trkpt lat="33.199834" lon="-96.865112" />
      <trkpt lat="33.199833" lon="-96.865116" />
      <trkpt lat="33.199832" lon="-96.865120" />
      <trkpt lat="33.199829" lon="-96.865123" />
      <trkpt lat="33.199827" lon="-96.865126" />
      <trkpt lat="33.199737" lon="-96.865208" />
      <trkpt lat="33.199711" lon="-96.865230" />
      <trkpt lat="33.199682" lon="-96.865248" />
      <trkpt lat="33.199652" lon="-96.865259" />
      <trkpt lat="33.199620" lon="-96.865265" />
      <trkpt lat="33.199613" lon="-96.865267" />
      <trkpt lat="33.199606" lon="-96.865270" />
      <trkpt lat="33.199600" lon="-96.865274" />
      <trkpt lat="33.199594" lon="-96.865279" />
      <trkpt lat="33.199590" lon="-96.865286" />
      <trkpt lat="33.199586" lon="-96.865293" />
      <trkpt lat="33.199584" lon="-96.865301" />
      <trkpt lat="33.199582" lon="-96.865309" />
      <trkpt lat="33.199582" lon="-96.865318" />
      <trkpt lat="33.199583" lon="-96.865326" />
      <trkpt lat="33.199594" lon="-96.865367" />
      <trkpt lat="33.199602" lon="-96.865410" />
      <trkpt lat="33.199603" lon="-96.865420" />
      <trkpt lat="33.199602" lon="-96.865431" />
      <trkpt lat="33.199599" lon="-96.865441" />
      <trkpt lat="33.199595" lon="-96.865450" />
      <trkpt lat="33.199590" lon="-96.865459" />
      <trkpt lat="33.199584" lon="-96.865467" />
      <trkpt lat="33.199577" lon="-96.865473" />
      <trkpt lat="33.199570" lon="-96.865478" />
      <trkpt lat="33.199563" lon="-96.865481" />
      <trkpt lat="33.199556" lon="-96.865482" />
      <trkpt lat="33.199549" lon="-96.865482" />
      <trkpt lat="33.199542" lon="-96.865481" />
      <trkpt lat="33.199535" lon="-96.865479" />
      <trkpt lat="33.199528" lon="-96.865475" />
      <trkpt lat="33.199514" lon="-96.865462" />
      <trkpt lat="33.199501" lon="-96.865447" />
      <trkpt lat="33.199491" lon="-96.865429" />
      <trkpt lat="33.199483" lon="-96.865413" />
      <trkpt lat="33.199474" lon="-96.865399" />
      <trkpt lat="33.199462" lon="-96.865387" />
      <trkpt lat="33.199449" lon="-96.865377" />
      <trkpt lat="33.199435" lon="-96.865370" />
      <trkpt lat="33.199419" lon="-96.865366" />
      <trkpt lat="33.199404" lon="-96.865366" />
      <trkpt lat="33.199296" lon="-96.865378" />
      <trkpt lat="33.199276" lon="-96.865381" />
      <trkpt lat="33.199256" lon="-96.865388" />
      <trkpt lat="33.199238" lon="-96.865399" />
      <trkpt lat="33.199222" lon="-96.865412" />
      <trkpt lat="33.199207" lon="-96.865429" />
      <trkpt lat="33.199194" lon="-96.865448" />
      <trkpt lat="33.199134" lon="-96.865579" />
      <trkpt lat="33.199115" lon="-96.865625" />
      <trkpt lat="33.199102" lon="-96.865673" />
      <trkpt lat="33.199094" lon="-96.865724" />
      <trkpt lat="33.199093" lon="-96.865775" />
      <trkpt lat="33.199098" lon="-96.865826" />
      <trkpt lat="33.199103" lon="-96.865871" />
      <trkpt lat="33.199101" lon="-96.865917" />
      <trkpt lat="33.199101" lon="-96.865962" />
      <trkpt lat="33.199105" lon="-96.866008" />
      <trkpt lat="33.199113" lon="-96.866053" />
      <trkpt lat="33.199125" lon="-96.866093" />
      <trkpt lat="33.199142" lon="-96.866131" />
      <trkpt lat="33.199163" lon="-96.866166" />
      <trkpt lat="33.199188" lon="-96.866197" />
      <trkpt lat="33.199205" lon="-96.866217" />
      <trkpt lat="33.199224" lon="-96.866233" />
      <trkpt lat="33.199245" lon="-96.866245" />
      <trkpt lat="33.199268" lon="-96.866252" />
      <trkpt lat="33.199292" lon="-96.866255" />
      <trkpt lat="33.199302" lon="-96.866254" />
      <trkpt lat="33.199313" lon="-96.866251" />
      <trkpt lat="33.199323" lon="-96.866246" />
      <trkpt lat="33.199332" lon="-96.866239" />
      <trkpt lat="33.199340" lon="-96.866230" />
      <trkpt lat="33.199347" lon="-96.866221" />
      <trkpt lat="33.199352" lon="-96.866210" />
      <trkpt lat="33.199372" lon="-96.866142" />
      <trkpt lat="33.199373" lon="-96.866129" />
      <trkpt lat="33.199372" lon="-96.866116" />
      <trkpt lat="33.199369" lon="-96.866103" />
      <trkpt lat="33.199364" lon="-96.866092" />
      <trkpt lat="33.199358" lon="-96.866081" />
      <trkpt lat="33.199350" lon="-96.866072" />
      <trkpt lat="33.199341" lon="-96.866064" />
      <trkpt lat="33.199311" lon="-96.866052" />
      <trkpt lat="33.199282" lon="-96.866036" />
      <trkpt lat="33.199254" lon="-96.866017" />
      <trkpt lat="33.199247" lon="-96.866012" />
      <trkpt lat="33.199241" lon="-96.866005" />
      <trkpt lat="33.199236" lon="-96.865998" />
      <trkpt lat="33.199232" lon="-96.865990" />
      <trkpt lat="33.199229" lon="-96.865981" />
      <trkpt lat="33.199228" lon="-96.865971" />
      <trkpt lat="33.199230" lon="-96.865962" />
      <trkpt lat="33.199233" lon="-96.865953" />
      <trkpt lat="33.199237" lon="-96.865945" />
      <trkpt lat="33.199242" lon="-96.865938" />
      <trkpt lat="33.199248" lon="-96.865932" />
      <trkpt lat="33.199255" lon="-96.865927" />
      <trkpt lat="33.199262" lon="-96.865924" />
      <trkpt lat="33.199280" lon="-96.865922" />
      <trkpt lat="33.199299" lon="-96.865924" />
      <trkpt lat="33.199317" lon="-96.865930" />
      <trkpt lat="33.199377" lon="-96.865952" />
      <trkpt lat="33.199394" lon="-96.865955" />
      <trkpt lat="33.199411" lon="-96.865956" />
      <trkpt lat="33.199428" lon="-96.865953" />
      <trkpt lat="33.199438" lon="-96.865951" />
      <trkpt lat="33.199448" lon="-96.865946" />
      <trkpt lat="33.199457" lon="-96.865939" />
      <trkpt lat="33.199461" lon="-96.865933" />
      <trkpt lat="33.199464" lon="-96.865926" />
      <trkpt lat="33.199466" lon="-96.865919" />
      <trkpt lat="33.199467" lon="-96.865912" />
      <trkpt lat="33.199467" lon="-96.865905" />
      <trkpt lat="33.199466" lon="-96.865897" />
      <trkpt lat="33.199464" lon="-96.865890" />
      <trkpt lat="33.199461" lon="-96.865884" />
      <trkpt lat="33.199447" lon="-96.865863" />
      <trkpt lat="33.199430" lon="-96.865845" />
      <trkpt lat="33.199411" lon="-96.865830" />
      <trkpt lat="33.199376" lon="-96.865808" />
      <trkpt lat="33.199344" lon="-96.865780" />
      <trkpt lat="33.199316" lon="-96.865746" />
      <trkpt lat="33.199308" lon="-96.865734" />
      <trkpt lat="33.199301" lon="-96.865721" />
      <trkpt lat="33.199297" lon="-96.865706" />
      <trkpt lat="33.199294" lon="-96.865691" />
      <trkpt lat="33.199294" lon="-96.865675" />
      <trkpt lat="33.199295" lon="-96.865660" />
      <trkpt lat="33.199299" lon="-96.865645" />
      <trkpt lat="33.199304" lon="-96.865631" />
      <trkpt lat="33.199309" lon="-96.865624" />
      <trkpt lat="33.199315" lon="-96.865618" />
      <trkpt lat="33.199322" lon="-96.865613" />
      <trkpt lat="33.199329" lon="-96.865609" />
      <trkpt lat="33.199336" lon="-96.865607" />
      <trkpt lat="33.199344" lon="-96.865607" />
      <trkpt lat="33.199352" lon="-96.865608" />
      <trkpt lat="33.199359" lon="-96.865610" />
      <trkpt lat="33.199366" lon="-96.865615" />
      <trkpt lat="33.199373" lon="-96.865620" />
      <trkpt lat="33.199396" lon="-96.865646" />
      <trkpt lat="33.199423" lon="-96.865667" />
      <trkpt lat="33.199452" lon="-96.865684" />
      <trkpt lat="33.199483" lon="-96.865696" />
      <trkpt lat="33.199549" lon="-96.865715" />
      <trkpt lat="33.199588" lon="-96.865726" />
      <trkpt lat="33.199629" lon="-96.865730" />
      <trkpt lat="33.199670" lon="-96.865729" />
      <trkpt lat="33.199711" lon="-96.865714" />
      <trkpt lat="33.199750" lon="-96.865693" />
      <trkpt lat="33.199787" lon="-96.865665" />
      <trkpt lat="33.199800" lon="-96.865652" />
      <trkpt lat="33.199811" lon="-96.865637" />
      <trkpt lat="33.199821" lon="-96.865620" />
      <trkpt lat="33.199823" lon="-96.865617" />
      <trkpt lat="33.199824" lon="-96.865613" />
      <trkpt lat="33.199825" lon="-96.865609" />
      <trkpt lat="33.199825" lon="-96.865605" />
      <trkpt lat="33.199825" lon="-96.865601" />
      <trkpt lat="33.199824" lon="-96.865597" />
      <trkpt lat="33.199822" lon="-96.865593" />
      <trkpt lat="33.199820" lon="-96.865590" />
      <trkpt lat="33.199818" lon="-96.865587" />
      <trkpt lat="33.199815" lon="-96.865584" />
      <trkpt lat="33.199812" lon="-96.865583" />
      <trkpt lat="33.199808" lon="-96.865582" />
      <trkpt lat="33.199787" lon="-96.865577" />
      <trkpt lat="33.199766" lon="-96.865568" />
      <trkpt lat="33.199747" lon="-96.865555" />
      <trkpt lat="33.199730" lon="-96.865538" />
      <trkpt lat="33.199722" lon="-96.865529" />
      <trkpt lat="33.199716" lon="-96.865518" />
      <trkpt lat="33.199711" lon="-96.865506" />
      <trkpt lat="33.199708" lon="-96.865494" />
      <trkpt lat="33.199706" lon="-96.865481" />
      <trkpt lat="33.199705" lon="-96.865470" />
      <trkpt lat="33.199706" lon="-96.865460" />
      <trkpt lat="33.199708" lon="-96.865450" />
      <trkpt lat="33.199711" lon="-96.865440" />
      <trkpt lat="33.199715" lon="-96.865431" />
      <trkpt lat="33.199721" lon="-96.865423" />
      <trkpt lat="33.199727" lon="-96.865416" />
      <trkpt lat="33.199735" lon="-96.865410" />
      <trkpt lat="33.199743" lon="-96.865406" />
      <trkpt lat="33.199751" lon="-96.865403" />
      <trkpt lat="33.199760" lon="-96.865402" />
      <trkpt lat="33.199769" lon="-96.865404" />
      <trkpt lat="33.199778" lon="-96.865406" />
      <trkpt lat="33.199796" lon="-96.865416" />
      <trkpt lat="33.199814" lon="-96.865427" />
      <trkpt lat="33.199838" lon="-96.865448" />
      <trkpt lat="33.199856" lon="-96.865459" />
      <trkpt lat="33.199875" lon="-96.865468" />
      <trkpt lat="33.199886" lon="-96.865471" />
      <trkpt lat="33.199897" lon="-96.865473" />
      <trkpt lat="33.199909" lon="-96.865472" />
      <trkpt lat="33.199920" lon="-96.865470" />
      <trkpt lat="33.199931" lon="-96.865465" />
      <trkpt lat="33.199941" lon="-96.865459" />
      <trkpt lat="33.199950" lon="-96.865451" />
      <trkpt lat="33.199954" lon="-96.865447" />
      <trkpt lat="33.199957" lon="-96.865443" />
      <trkpt lat="33.199959" lon="-96.865438" />
      <trkpt lat="33.199961" lon="-96.865433" />
      <trkpt lat="33.199961" lon="-96.865427" />
      <trkpt lat="33.199962" lon="-96.865422" />
      <trkpt lat="33.199961" lon="-96.865416" />
      <trkpt lat="33.199959" lon="-96.865411" />
      <trkpt lat="33.199957" lon="-96.865406" />
      <trkpt lat="33.199954" lon="-96.865402" />
      <trkpt lat="33.199950" lon="-96.865398" />
      <trkpt lat="33.199946" lon="-96.865395" />
      <trkpt lat="33.199904" lon="-96.865367" />
      <trkpt lat="33.199899" lon="-96.865364" />
      <trkpt lat="33.199894" lon="-96.865359" />
      <trkpt lat="33.199890" lon="-96.865354" />
      <trkpt lat="33.199887" lon="-96.865348" />
      <trkpt lat="33.199885" lon="-96.865342" />
      <trkpt lat="33.199883" lon="-96.865335" />
      <trkpt lat="33.199883" lon="-96.865328" />
      <trkpt lat="33.199883" lon="-96.865320" />
      <trkpt lat="33.199885" lon="-96.865314" />
      <trkpt lat="33.199888" lon="-96.865307" />
      <trkpt lat="33.199891" lon="-96.865301" />
      <trkpt lat="33.199895" lon="-96.865296" />
      <trkpt lat="33.199900" lon="-96.865292" />
      <trkpt lat="33.199905" lon="-96.865288" />
      <trkpt lat="33.199911" lon="-96.865286" />
      <trkpt lat="33.199917" lon="-96.865285" />
      <trkpt lat="33.199962" lon="-96.865268" />
      <trkpt lat="33.200009" lon="-96.865258" />
      <trkpt lat="33.200057" lon="-96.865258" />
      <trkpt lat="33.200104" lon="-96.865265" />
      <trkpt lat="33.200147" lon="-96.865290" />
      <trkpt lat="33.200188" lon="-96.865321" />
      <trkpt lat="33.200225" lon="-96.865358" />
      <trkpt lat="33.200232" lon="-96.865369" />
      <trkpt lat="33.200238" lon="-96.865382" />
      <trkpt lat="33.200242" lon="-96.865395" />
      <trkpt lat="33.200244" lon="-96.865409" />
      <trkpt lat="33.200244" lon="-96.865424" />
      <trkpt lat="33.200241" lon="-96.865444" />
      <trkpt lat="33.200235" lon="-96.865464" />
      <trkpt lat="33.200226" lon="-96.865483" />
      <trkpt lat="33.200215" lon="-96.865499" />
      <trkpt lat="33.200174" lon="-96.865527" />
      <trkpt lat="33.200131" lon="-96.865549" />
      <trkpt lat="33.200086" lon="-96.865566" />
      <trkpt lat="33.200019" lon="-96.865594" />
      <trkpt lat="33.200012" lon="-96.865597" />
      <trkpt lat="33.200006" lon="-96.865601" />
      <trkpt lat="33.200000" lon="-96.865606" />
      <trkpt lat="33.199996" lon="-96.865612" />
      <trkpt lat="33.199992" lon="-96.865619" />
      <trkpt lat="33.199988" lon="-96.865626" />
      <trkpt lat="33.199986" lon="-96.865634" />
      <trkpt lat="33.199935" lon="-96.865722" />
      <trkpt lat="33.199906" lon="-96.865775" />
      <trkpt lat="33.199872" lon="-96.865823" />
      <trkpt lat="33.199832" lon="-96.865865" />
      <trkpt lat="33.199789" lon="-96.865900" />
      <trkpt lat="33.199741" lon="-96.865927" />
      <trkpt lat="33.199691" lon="-96.865947" />
      <trkpt lat="33.199608" lon="-96.865978" />
      <trkpt lat="33.199593" lon="-96.865990" />
      <trkpt lat="33.199580" lon="-96.866005" />
      <trkpt lat="33.199569" lon="-96.866023" />
      <trkpt lat="33.199562" lon="-96.866042" />
      <trkpt lat="33.199557" lon="-96.866063" />
      <trkpt lat="33.199555" lon="-96.866084" />
      <trkpt lat="33.199556" lon="-96.866106" />
      <trkpt lat="33.199561" lon="-96.866127" />
      <trkpt lat="33.199568" lon="-96.866146" />
      <trkpt lat="33.199626" lon="-96.866252" />
      <trkpt lat="33.199641" lon="-96.866288" />
      <trkpt lat="33.199651" lon="-96.866327" />
      <trkpt lat="33.199656" lon="-96.866367" />
      <trkpt lat="33.199655" lon="-96.866387" />
      <trkpt lat="33.199657" lon="-96.866408" />
      <trkpt lat="33.199661" lon="-96.866428" />
      <trkpt lat="33.199668" lon="-96.866447" />
      <trkpt lat="33.199678" lon="-96.866464" />
      <trkpt lat="33.199689" lon="-96.866480" />
      <trkpt lat="33.199703" lon="-96.866493" />
      <trkpt lat="33.199758" lon="-96.866537" />
      <trkpt lat="33.199775" lon="-96.866551" />
      <trkpt lat="33.199790" lon="-96.866567" />
      <trkpt lat="33.199802" lon="-96.866587" />
      <trkpt lat="33.199811" lon="-96.866609" />
      <trkpt lat="33.199817" lon="-96.866632" />
      <trkpt lat="33.199819" lon="-96.866656" />
      <trkpt lat="33.199817" lon="-96.866681" />
      <trkpt lat="33.199825" lon="-96.866822" />
      <trkpt lat="33.199827" lon="-96.866838" />
      <trkpt lat="33.199830" lon="-96.866855" />
      <trkpt lat="33.199836" lon="-96.866870" />
      <trkpt lat="33.199844" lon="-96.866885" />
      <trkpt lat="33.199854" lon="-96.866897" />
      <trkpt lat="33.199866" lon="-96.866907" />
      <trkpt lat="33.199879" lon="-96.866915" />
      <trkpt lat="33.199892" lon="-96.866920" />
      <trkpt lat="33.199906" lon="-96.866922" />
      <trkpt lat="33.199921" lon="-96.866922" />
      <trkpt lat="33.199935" lon="-96.866918" />
      <trkpt lat="33.200047" lon="-96.866870" />
      <trkpt lat="33.200058" lon="-96.866868" />
      <trkpt lat="33.200069" lon="-96.866868" />
      <trkpt lat="33.200080" lon="-96.866870" />
      <trkpt lat="33.200090" lon="-96.866875" />
      <trkpt lat="33.200099" lon="-96.866881" />
      <trkpt lat="33.200108" lon="-96.866889" />
      <trkpt lat="33.200128" lon="-96.866930" />
      <trkpt lat="33.200142" lon="-96.866974" />
      <trkpt lat="33.200149" lon="-96.867020" />
      <trkpt lat="33.200154" lon="-96.867049" />
      <trkpt lat="33.200162" lon="-96.867076" />
      <trkpt lat="33.200174" lon="-96.867102" />
      <trkpt lat="33.200182" lon="-96.867107" />
      <trkpt lat="33.200190" lon="-96.867109" />
      <trkpt lat="33.200198" lon="-96.867110" />
      <trkpt lat="33.200207" lon="-96.867109" />
      <trkpt lat="33.200215" lon="-96.867107" />
      <trkpt lat="33.200223" lon="-96.867103" />
      <trkpt lat="33.200230" lon="-96.867097" />
      <trkpt lat="33.200236" lon="-96.867090" />
      <trkpt lat="33.200241" lon="-96.867082" />
      <trkpt lat="33.200245" lon="-96.867073" />
      <trkpt lat="33.200300" lon="-96.866977" />
      <trkpt lat="33.200306" lon="-96.866968" />
      <trkpt lat="33.200311" lon="-96.866958" />
      <trkpt lat="33.200314" lon="-96.866947" />
      <trkpt lat="33.200315" lon="-96.866935" />
      <trkpt lat="33.200315" lon="-96.866924" />
      <trkpt lat="33.200314" lon="-96.866912" />
      <trkpt lat="33.200310" lon="-96.866901" />
      <trkpt lat="33.200305" lon="-96.866891" />
      <trkpt lat="33.200299" lon="-96.866882" />
      <trkpt lat="33.200291" lon="-96.866874" />
      <trkpt lat="33.200256" lon="-96.866849" />
      <trkpt lat="33.200215" lon="-96.866823" />
      <trkpt lat="33.200178" lon="-96.866792" />
      <trkpt lat="33.200144" lon="-96.866756" />
      <trkpt lat="33.200114" lon="-96.866715" />
      <trkpt lat="33.200105" lon="-96.866704" />
      <trkpt lat="33.200095" lon="-96.866695" />
      <trkpt lat="33.200084" lon="-96.866687" />
      <trkpt lat="33.200072" lon="-96.866682" />
      <trkpt lat="33.200066" lon="-96.866676" />
      <trkpt lat="33.200062" lon="-96.866668" />
      <trkpt lat="33.200059" lon="-96.866660" />
      <trkpt lat="33.200056" lon="-96.866651" />
      <trkpt lat="33.200056" lon="-96.866643" />
      <trkpt lat="33.200056" lon="-96.866634" />
      <trkpt lat="33.200058" lon="-96.866625" />
      <trkpt lat="33.200060" lon="-96.866616" />
      <trkpt lat="33.200064" lon="-96.866609" />
      <trkpt lat="33.200069" lon="-96.866602" />
      <trkpt lat="33.200075" lon="-96.866596" />
      <trkpt lat="33.200082" lon="-96.866592" />
      <trkpt lat="33.200089" lon="-96.866589" />
      <trkpt lat="33.200096" lon="-96.866587" />
      <trkpt lat="33.200104" lon="-96.866587" />
      <trkpt lat="33.200111" lon="-96.866588" />
      <trkpt lat="33.200145" lon="-96.866592" />
      <trkpt lat="33.200179" lon="-96.866601" />
      <trkpt lat="33.200212" lon="-96.866614" />
      <trkpt lat="33.200231" lon="-96.866621" />
      <trkpt lat="33.200250" lon="-96.866624" />
      <trkpt lat="33.200270" lon="-96.866624" />
      <trkpt lat="33.200289" lon="-96.866621" />
      <trkpt lat="33.200308" lon="-96.866614" />
      <trkpt lat="33.200326" lon="-96.866603" />
      <trkpt lat="33.200364" lon="-96.866594" />
      <trkpt lat="33.200403" lon="-96.866592" />
      <trkpt lat="33.200442" lon="-96.866597" />
      <trkpt lat="33.200470" lon="-96.866597" />
      <trkpt lat="33.200498" lon="-96.866592" />
      <trkpt lat="33.200524" lon="-96.866581" />
      <trkpt lat="33.200549" lon="-96.866566" />
      <trkpt lat="33.200571" lon="-96.866546" />
      <trkpt lat="33.200590" lon="-96.866522" />
      <trkpt lat="33.200612" lon="-96.866480" />
      <trkpt lat="33.200629" lon="-96.866436" />
      <trkpt lat="33.200643" lon="-96.866390" />
      <trkpt lat="33.200653" lon="-96.866342" />
      <trkpt lat="33.200654" lon="-96.866328" />
      <trkpt lat="33.200654" lon="-96.866315" />
      <trkpt lat="33.200652" lon="-96.866301" />
      <trkpt lat="33.200648" lon="-96.866288" />
      <trkpt lat="33.200643" lon="-96.866276" />
      <trkpt lat="33.200633" lon="-96.866264" />
      <trkpt lat="33.200623" lon="-96.866254" />
      <trkpt lat="33.200611" lon="-96.866246" />
      <trkpt lat="33.200598" lon="-96.866240" />
      <trkpt lat="33.200582" lon="-96.866238" />
      <trkpt lat="33.200566" lon="-96.866238" />
      <trkpt lat="33.200550" lon="-96.866241" />
      <trkpt lat="33.200535" lon="-96.866247" />
      <trkpt lat="33.200501" lon="-96.866265" />
      <trkpt lat="33.200469" lon="-96.866288" />
      <trkpt lat="33.200451" lon="-96.866304" />
      <trkpt lat="33.200432" lon="-96.866317" />
      <trkpt lat="33.200411" lon="-96.866325" />
      <trkpt lat="33.200388" lon="-96.866330" />
      <trkpt lat="33.200365" lon="-96.866332" />
      <trkpt lat="33.200343" lon="-96.866330" />
      <trkpt lat="33.200302" lon="-96.866332" />
      <trkpt lat="33.200261" lon="-96.866341" />
      <trkpt lat="33.200222" lon="-96.866355" />
      <trkpt lat="33.200196" lon="-96.866362" />
      <trkpt lat="33.200170" lon="-96.866364" />
      <trkpt lat="33.200144" lon="-96.866361" />
      <trkpt lat="33.200118" lon="-96.866353" />
      <trkpt lat="33.200094" lon="-96.866340" />
      <trkpt lat="33.200072" lon="-96.866323" />
      <trkpt lat="33.200052" lon="-96.866302" />
      <trkpt lat="33.200038" lon="-96.866278" />
      <trkpt lat="33.200027" lon="-96.866252" />
      <trkpt lat="33.200019" lon="-96.866224" />
      <trkpt lat="33.200015" lon="-96.866194" />
      <trkpt lat="33.200015" lon="-96.866165" />
      <trkpt lat="33.200015" lon="-96.866160" />
      <trkpt lat="33.200014" lon="-96.866155" />
      <trkpt lat="33.200013" lon="-96.866151" />
      <trkpt lat="33.200012" lon="-96.866143" />
      <trkpt lat="33.200011" lon="-96.866135" />
      <trkpt lat="33.200011" lon="-96.866127" />
      <trkpt lat="33.200013" lon="-96.866119" />
      <trkpt lat="33.200015" lon="-96.866111" />
      <trkpt lat="33.200019" lon="-96.866104" />
      <trkpt lat="33.200024" lon="-96.866098" />
      <trkpt lat="33.200029" lon="-96.866093" />
      <trkpt lat="33.200036" lon="-96.866089" />
      <trkpt lat="33.200042" lon="-96.866087" />
      <trkpt lat="33.200049" lon="-96.866086" />
      <trkpt lat="33.200056" lon="-96.866086" />
      <trkpt lat="33.200063" lon="-96.866088" />
      <trkpt lat="33.200069" lon="-96.866091" />
      <trkpt lat="33.200075" lon="-96.866096" />
      <trkpt lat="33.200142" lon="-96.866167" />
      <trkpt lat="33.200186" lon="-96.866206" />
      <trkpt lat="33.200193" lon="-96.866211" />
      <trkpt lat="33.200201" lon="-96.866215" />
      <trkpt lat="33.200210" lon="-96.866217" />
      <trkpt lat="33.200218" lon="-96.866218" />
      <trkpt lat="33.200227" lon="-96.866217" />
      <trkpt lat="33.200235" lon="-96.866214" />
      <trkpt lat="33.200243" lon="-96.866210" />
      <trkpt lat="33.200250" lon="-96.866205" />
      <trkpt lat="33.200259" lon="-96.866190" />
      <trkpt lat="33.200266" lon="-96.866173" />
      <trkpt lat="33.200270" lon="-96.866155" />
      <trkpt lat="33.200271" lon="-96.866144" />
      <trkpt lat="33.200270" lon="-96.866132" />
      <trkpt lat="33.200268" lon="-96.866121" />
      <trkpt lat="33.200264" lon="-96.866110" />
      <trkpt lat="33.200259" lon="-96.866100" />
      <trkpt lat="33.200252" lon="-96.866092" />
      <trkpt lat="33.200245" lon="-96.866084" />
      <trkpt lat="33.200165" lon="-96.866061" />
      <trkpt lat="33.200130" lon="-96.866040" />
      <trkpt lat="33.200021" lon="-96.865949" />
      <trkpt lat="33.200018" lon="-96.865947" />
      <trkpt lat="33.200016" lon="-96.865944" />
      <trkpt lat="33.200014" lon="-96.865940" />
      <trkpt lat="33.200012" lon="-96.865937" />
      <trkpt lat="33.200011" lon="-96.865933" />
      <trkpt lat="33.200011" lon="-96.865928" />
      <trkpt lat="33.200011" lon="-96.865924" />
      <trkpt lat="33.200012" lon="-96.865920" />
      <trkpt lat="33.200013" lon="-96.865916" />
      <trkpt lat="33.200015" lon="-96.865913" />
      <trkpt lat="33.200017" lon="-96.865910" />
      <trkpt lat="33.200020" lon="-96.865907" />
      <trkpt lat="33.200023" lon="-96.865905" />
      <trkpt lat="33.200026" lon="-96.865903" />
      <trkpt lat="33.200159" lon="-96.865883" />
      <trkpt lat="33.200164" lon="-96.865882" />
      <trkpt lat="33.200168" lon="-96.865881" />
      <trkpt lat="33.200172" lon="-96.865879" />
      <trkpt lat="33.200175" lon="-96.865876" />
      <trkpt lat="33.200179" lon="-96.865873" />
      <trkpt lat="33.200181" lon="-96.865869" />
      <trkpt lat="33.200183" lon="-96.865864" />
      <trkpt lat="33.200185" lon="-96.865859" />
      <trkpt lat="33.200185" lon="-96.865854" />
      <trkpt lat="33.200185" lon="-96.865849" />
      <trkpt lat="33.200184" lon="-96.865844" />
      <trkpt lat="33.200183" lon="-96.865839" />
      <trkpt lat="33.200181" lon="-96.865835" />
      <trkpt lat="33.200178" lon="-96.865831" />
      <trkpt lat="33.200174" lon="-96.865828" />
      <trkpt lat="33.200171" lon="-96.865825" />
      <trkpt lat="33.200167" lon="-96.865823" />
      <trkpt lat="33.200162" lon="-96.865822" />
      <trkpt lat="33.200140" lon="-96.865798" />
      <trkpt lat="33.200135" lon="-96.865788" />
      <trkpt lat="33.200132" lon="-96.865777" />
      <trkpt lat="33.200130" lon="-96.865765" />
      <trkpt lat="33.200130" lon="-96.865753" />
      <trkpt lat="33.200132" lon="-96.865742" />
      <trkpt lat="33.200135" lon="-96.865731" />
      <trkpt lat="33.200139" lon="-96.865720" />
      <trkpt lat="33.200145" lon="-96.865711" />
      <trkpt lat="33.200152" lon="-96.865703" />
      <trkpt lat="33.200160" lon="-96.865696" />
      <trkpt lat="33.200168" lon="-96.865691" />
      <trkpt lat="33.200247" lon="-96.865657" />
      <trkpt lat="33.200263" lon="-96.865657" />
      <trkpt lat="33.200278" lon="-96.865659" />
      <trkpt lat="33.200293" lon="-96.865665" />
      <trkpt lat="33.200307" lon="-96.865673" />
      <trkpt lat="33.200320" lon="-96.865683" />
      <trkpt lat="33.200331" lon="-96.865696" />
      <trkpt lat="33.200447" lon="-96.865912" />
      <trkpt lat="33.200471" lon="-96.865944" />
      <trkpt lat="33.200498" lon="-96.865971" />
      <trkpt lat="33.200516" lon="-96.865984" />
      <trkpt lat="33.200536" lon="-96.865994" />
      <trkpt lat="33.200557" lon="-96.865999" />
      <trkpt lat="33.200577" lon="-96.866003" />
      <trkpt lat="33.200598" lon="-96.866004" />
      <trkpt lat="33.200619" lon="-96.866000" />
      <trkpt lat="33.200639" lon="-96.865993" />
      <trkpt lat="33.200658" lon="-96.865983" />
      <trkpt lat="33.200675" lon="-96.865969" />
      <trkpt lat="33.200678" lon="-96.865965" />
      <trkpt lat="33.200680" lon="-96.865960" />
      <trkpt lat="33.200682" lon="-96.865955" />
      <trkpt lat="33.200683" lon="-96.865950" />
      <trkpt lat="33.200683" lon="-96.865945" />
      <trkpt lat="33.200682" lon="-96.865939" />
      <trkpt lat="33.200681" lon="-96.865934" />
      <trkpt lat="33.200679" lon="-96.865929" />
      <trkpt lat="33.200677" lon="-96.865925" />
      <trkpt lat="33.200674" lon="-96.865921" />
      <trkpt lat="33.200639" lon="-96.865896" />
      <trkpt lat="33.200602" lon="-96.865877" />
      <trkpt lat="33.200591" lon="-96.865871" />
      <trkpt lat="33.200580" lon="-96.865863" />
      <trkpt lat="33.200570" lon="-96.865853" />
      <trkpt lat="33.200562" lon="-96.865841" />
      <trkpt lat="33.200556" lon="-96.865829" />
      <trkpt lat="33.200551" lon="-96.865815" />
      <trkpt lat="33.200548" lon="-96.865801" />
      <trkpt lat="33.200547" lon="-96.865796" />
      <trkpt lat="33.200547" lon="-96.865791" />
      <trkpt lat="33.200548" lon="-96.865787" />
      <trkpt lat="33.200550" lon="-96.865782" />
      <trkpt lat="33.200552" lon="-96.865778" />
      <trkpt lat="33.200555" lon="-96.865775" />
      <trkpt lat="33.200558" lon="-96.865772" />
      <trkpt lat="33.200561" lon="-96.865770" />
      <trkpt lat="33.200578" lon="-96.865760" />
      <trkpt lat="33.200596" lon="-96.865753" />
      <trkpt lat="33.200614" lon="-96.865749" />
      <trkpt lat="33.200617" lon="-96.865747" />
      <trkpt lat="33.200620" lon="-96.865744" />
      <trkpt lat="33.200622" lon="-96.865741" />
      <trkpt lat="33.200624" lon="-96.865737" />
      <trkpt lat="33.200625" lon="-96.865733" />
      <trkpt lat="33.200625" lon="-96.865729" />
      <trkpt lat="33.200625" lon="-96.865725" />
      <trkpt lat="33.200625" lon="-96.865721" />
      <trkpt lat="33.200624" lon="-96.865717" />
      <trkpt lat="33.200622" lon="-96.865713" />
      <trkpt lat="33.200620" lon="-96.865710" />
      <trkpt lat="33.200617" lon="-96.865707" />
      <trkpt lat="33.200614" lon="-96.865705" />
      <trkpt lat="33.200611" lon="-96.865704" />
      <trkpt lat="33.200607" lon="-96.865703" />
      <trkpt lat="33.200604" lon="-96.865702" />
      <trkpt lat="33.200571" lon="-96.865695" />
      <trkpt lat="33.200539" lon="-96.865683" />
      <trkpt lat="33.200508" lon="-96.865665" />
      <trkpt lat="33.200480" lon="-96.865642" />
      <trkpt lat="33.200455" lon="-96.865615" />
      <trkpt lat="33.200451" lon="-96.865609" />
      <trkpt lat="33.200448" lon="-96.865603" />
      <trkpt lat="33.200446" lon="-96.865596" />
      <trkpt lat="33.200445" lon="-96.865589" />
      <trkpt lat="33.200445" lon="-96.865581" />
      <trkpt lat="33.200446" lon="-96.865574" />
      <trkpt lat="33.200448" lon="-96.865567" />
      <trkpt lat="33.200451" lon="-96.865560" />
      <trkpt lat="33.200455" lon="-96.865554" />
      <trkpt lat="33.200460" lon="-96.865550" />
      <trkpt lat="33.200465" lon="-96.865546" />
      <trkpt lat="33.200471" lon="-96.865543" />
      <trkpt lat="33.200477" lon="-96.865542" />
      <trkpt lat="33.200484" lon="-96.865542" />
      <trkpt lat="33.200556" lon="-96.865541" />
      <trkpt lat="33.200579" lon="-96.865544" />
      <trkpt lat="33.200602" lon="-96.865542" />
      <trkpt lat="33.200625" lon="-96.865535" />
      <trkpt lat="33.200647" lon="-96.865525" />
      <trkpt lat="33.200667" lon="-96.865511" />
      <trkpt lat="33.200706" lon="-96.865471" />
      <trkpt lat="33.200742" lon="-96.865427" />
      <trkpt lat="33.200773" lon="-96.865378" />
      <trkpt lat="33.200842" lon="-96.865256" />
      <trkpt lat="33.200845" lon="-96.865244" />
      <trkpt lat="33.200846" lon="-96.865232" />
      <trkpt lat="33.200845" lon="-96.865221" />
      <trkpt lat="33.200843" lon="-96.865209" />
      <trkpt lat="33.200840" lon="-96.865198" />
      <trkpt lat="33.200832" lon="-96.865185" />
      <trkpt lat="33.200824" lon="-96.865174" />
      <trkpt lat="33.200814" lon="-96.865164" />
      <trkpt lat="33.200803" lon="-96.865156" />
      <trkpt lat="33.200791" lon="-96.865150" />
      <trkpt lat="33.200686" lon="-96.865104" />
      <trkpt lat="33.200679" lon="-96.865100" />
      <trkpt lat="33.200671" lon="-96.865097" />
      <trkpt lat="33.200664" lon="-96.865095" />
      <trkpt lat="33.200656" lon="-96.865095" />
      <trkpt lat="33.200648" lon="-96.865096" />
      <trkpt lat="33.200641" lon="-96.865099" />
      <trkpt lat="33.200634" lon="-96.865103" />
      <trkpt lat="33.200627" lon="-96.865109" />
      <trkpt lat="33.200622" lon="-96.865115" />
      <trkpt lat="33.200571" lon="-96.865157" />
      <trkpt lat="33.200517" lon="-96.865193" />
      <trkpt lat="33.200461" lon="-96.865223" />
      <trkpt lat="33.200403" lon="-96.865248" />
      <trkpt lat="33.200343" lon="-96.865266" />
      <trkpt lat="33.200337" lon="-96.865266" />
      <trkpt lat="33.200332" lon="-96.865264" />
      <trkpt lat="33.200327" lon="-96.865261" />
      <trkpt lat="33.200322" lon="-96.865257" />
      <trkpt lat="33.200318" lon="-96.865253" />
      <trkpt lat="33.200314" lon="-96.865247" />
      <trkpt lat="33.200311" lon="-96.865241" />
      <trkpt lat="33.200309" lon="-96.865235" />
      <trkpt lat="33.200315" lon="-96.865203" />
      <trkpt lat="33.200325" lon="-96.865173" />
      <trkpt lat="33.200339" lon="-96.865144" />
      <trkpt lat="33.200357" lon="-96.865119" />
      <trkpt lat="33.200458" lon="-96.865012" />
      <trkpt lat="33.200466" lon="-96.865006" />
      <trkpt lat="33.200472" lon="-96.864999" />
      <trkpt lat="33.200477" lon="-96.864991" />
      <trkpt lat="33.200482" lon="-96.864982" />
      <trkpt lat="33.200485" lon="-96.864973" />
      <trkpt lat="33.200487" lon="-96.864963" />
      <trkpt lat="33.200487" lon="-96.864952" />
      <trkpt lat="33.200484" lon="-96.864945" />
      <trkpt lat="33.200481" lon="-96.864938" />
      <trkpt lat="33.200476" lon="-96.864931" />
      <trkpt lat="33.200471" lon="-96.864926" />
      <trkpt lat="33.200464" lon="-96.864922" />
      <trkpt lat="33.200458" lon="-96.864919" />
      <trkpt lat="33.200451" lon="-96.864918" />
      <trkpt lat="33.200444" lon="-96.864918" />
      <trkpt lat="33.200437" lon="-96.864920" />
      <trkpt lat="33.200430" lon="-96.864923" />
      <trkpt lat="33.200424" lon="-96.864927" />
      <trkpt lat="33.200419" lon="-96.864932" />
      <trkpt lat="33.200404" lon="-96.864955" />
      <trkpt lat="33.200392" lon="-96.864964" />
      <trkpt lat="33.200378" lon="-96.864972" />
      <trkpt lat="33.200364" lon="-96.864976" />
      <trkpt lat="33.200349" lon="-96.864978" />
      <trkpt lat="33.200335" lon="-96.864978" />
      <trkpt lat="33.200325" lon="-96.864972" />
      <trkpt lat="33.200316" lon="-96.864968" />
      <trkpt lat="33.200305" lon="-96.864966" />
      <trkpt lat="33.200295" lon="-96.864966" />
      <trkpt lat="33.200284" lon="-96.864968" />
      <trkpt lat="33.200274" lon="-96.864971" />
      <trkpt lat="33.200265" lon="-96.864977" />
      <trkpt lat="33.200256" lon="-96.864984" />
      <trkpt lat="33.200192" lon="-96.865048" />
      <trkpt lat="33.200190" lon="-96.865050" />
      <trkpt lat="33.200188" lon="-96.865053" />
      <trkpt lat="33.200186" lon="-96.865055" />
      <trkpt lat="33.200183" lon="-96.865057" />
      <trkpt lat="33.200181" lon="-96.865058" />
      <trkpt lat="33.200178" lon="-96.865059" />
      <trkpt lat="33.200175" lon="-96.865059" />
      <trkpt lat="33.200172" lon="-96.865058" />
      <trkpt lat="33.200169" lon="-96.865057" />
      <trkpt lat="33.200167" lon="-96.865055" />
      <trkpt lat="33.200165" lon="-96.865053" />
      <trkpt lat="33.200163" lon="-96.865051" />
      <trkpt lat="33.200137" lon="-96.865020" />
      <trkpt lat="33.200133" lon="-96.865013" />
      <trkpt lat="33.200130" lon="-96.865006" />
      <trkpt lat="33.200128" lon="-96.864998" />
      <trkpt lat="33.200127" lon="-96.864990" />
      <trkpt lat="33.200126" lon="-96.864981" />
      <trkpt lat="33.200131" lon="-96.864967" />
      <trkpt lat="33.200134" lon="-96.864953" />
      <trkpt lat="33.200134" lon="-96.864938" />
      <trkpt lat="33.200133" lon="-96.864923" />
      <trkpt lat="33.200130" lon="-96.864909" />
      <trkpt lat="33.200125" lon="-96.864895" />
      <trkpt lat="33.200099" lon="-96.864864" />
      <trkpt lat="33.200096" lon="-96.864860" />
      <trkpt lat="33.200094" lon="-96.864857" />
      <trkpt lat="33.200092" lon="-96.864852" />
      <trkpt lat="33.200091" lon="-96.864848" />
      <trkpt lat="33.200091" lon="-96.864843" />
      <trkpt lat="33.200091" lon="-96.864838" />
      <trkpt lat="33.200092" lon="-96.864834" />
      <trkpt lat="33.200094" lon="-96.864829" />
      <trkpt lat="33.200096" lon="-96.864825" />
      <trkpt lat="33.200099" lon="-96.864822" />
      <trkpt lat="33.200102" lon="-96.864819" />
      <trkpt lat="33.200105" lon="-96.864816" />
      <trkpt lat="33.200113" lon="-96.864806" />
      <trkpt lat="33.200118" lon="-96.864794" />
      <trkpt lat="33.200123" lon="-96.864781" />
      <trkpt lat="33.200125" lon="-96.864767" />
      <trkpt lat="33.200125" lon="-96.864753" />
      <trkpt lat="33.200124" lon="-96.864740" />
      <trkpt lat="33.200120" lon="-96.864726" />
      <trkpt lat="33.200115" lon="-96.864714" />
      <trkpt lat="33.200108" lon="-96.864703" />
      <trkpt lat="33.200065" lon="-96.864635" />
      <trkpt lat="33.200060" lon="-96.864623" />
      <trkpt lat="33.200056" lon="-96.864611" />
      <trkpt lat="33.200054" lon="-96.864598" />
      <trkpt lat="33.200054" lon="-96.864584" />
      <trkpt lat="33.200056" lon="-96.864571" />
      <trkpt lat="33.200059" lon="-96.864559" />
      <trkpt lat="33.200063" lon="-96.864547" />
      <trkpt lat="33.200164" lon="-96.864380" />
      <trkpt lat="33.200181" lon="-96.864359" />
      <trkpt lat="33.200199" lon="-96.864341" />
      <trkpt lat="33.200237" lon="-96.864307" />
    </trkseg>
  </trk>
  <trk>
    <name>Trail 16</name>
    <trkseg>
      <trkpt lat="33.126798" lon="-96.793495" />
      <trkpt lat="33.126855" lon="-96.793578" />
      <trkpt lat="33.128158" lon="-96.795456" />
      <trkpt lat="33.128545" lon="-96.796006" />
      <trkpt lat="33.128622" lon="-96.796117" />
      <trkpt lat="33.128644" lon="-96.796150" />
      <trkpt lat="33.128724" lon="-96.796263" />
      <trkpt lat="33.129207" lon="-96.796976" />
      <trkpt lat="33.129273" lon="-96.797089" />
      <trkpt lat="33.129429" lon="-96.797441" />
      <trkpt lat="33.129570" lon="-96.797923" />
      <trkpt lat="33.129665" lon="-96.798414" />
      <trkpt lat="33.129689" lon="-96.798632" />
      <trkpt lat="33.129694" lon="-96.798851" />
      <trkpt lat="33.129693" lon="-96.798881" />
      <trkpt lat="33.129680" lon="-96.799282" />
      <trkpt lat="33.129607" lon="-96.799701" />
      <trkpt lat="33.129534" lon="-96.799996" />
      <trkpt lat="33.129416" lon="-96.800340" />
      <trkpt lat="33.129370" lon="-96.800443" />
      <trkpt lat="33.129136" lon="-96.800877" />
      <trkpt lat="33.129030" lon="-96.801038" />
      <trkpt lat="33.128617" lon="-96.801668" />
      <trkpt lat="33.128411" lon="-96.802103" />
      <trkpt lat="33.128379" lon="-96.802189" />
      <trkpt lat="33.128260" lon="-96.802522" />
      <trkpt lat="33.128201" lon="-96.802761" />
      <trkpt lat="33.128140" lon="-96.803118" />
      <trkpt lat="33.128108" lon="-96.803512" />
      <trkpt lat="33.128105" lon="-96.803696" />
      <trkpt lat="33.128119" lon="-96.804012" />
      <trkpt lat="33.128238" lon="-96.804971" />
      <trkpt lat="33.128241" lon="-96.804997" />
      <trkpt lat="33.128268" lon="-96.805170" />
      <trkpt lat="33.128271" lon="-96.805192" />
      <trkpt lat="33.128399" lon="-96.805877" />
      <trkpt lat="33.128538" lon="-96.806392" />
      <trkpt lat="33.128622" lon="-96.806634" />
      <trkpt lat="33.128961" lon="-96.807418" />
      <trkpt lat="33.129114" lon="-96.807817" />
      <trkpt lat="33.129230" lon="-96.808166" />
      <trkpt lat="33.129247" lon="-96.808222" />
      <trkpt lat="33.129373" lon="-96.808664" />
      <trkpt lat="33.129444" lon="-96.808995" />
      <trkpt lat="33.129529" lon="-96.809435" />
      <trkpt lat="33.129598" lon="-96.809949" />
      <trkpt lat="33.129628" lon="-96.810366" />
      <trkpt lat="33.129637" lon="-96.811565" />
      <trkpt lat="33.129636" lon="-96.811568" />
      <trkpt lat="33.129626" lon="-96.812121" />
      <trkpt lat="33.129604" lon="-96.812374" />
      <trkpt lat="33.129519" lon="-96.812950" />
      <trkpt lat="33.129381" lon="-96.813540" />
      <trkpt lat="33.129272" lon="-96.813859" />
      <trkpt lat="33.129184" lon="-96.814055" />
      <trkpt lat="33.129069" lon="-96.814241" />
      <trkpt lat="33.128866" lon="-96.814517" />
      <trkpt lat="33.128734" lon="-96.814696" />
      <trkpt lat="33.128577" lon="-96.814912" />
      <trkpt lat="33.128223" lon="-96.815662" />
      <trkpt lat="33.127984" lon="-96.816090" />
      <trkpt lat="33.127731" lon="-96.816479" />
      <trkpt lat="33.127455" lon="-96.816858" />
      <trkpt lat="33.126966" lon="-96.817487" />
      <trkpt lat="33.126901" lon="-96.817556" />
    </trkseg>
  </trk>
  <trk>
    <name>Trail 17</name>
    <trkseg>
      <trkpt lat="33.174800" lon="-96.832225" />
      <trkpt lat="33.174636" lon="-96.832227" />
      <trkpt lat="33.174407" lon="-96.832245" />
      <trkpt lat="33.174175" lon="-96.832282" />
      <trkpt lat="33.173946" lon="-96.832337" />
      <trkpt lat="33.173633" lon="-96.832435" />
      <trkpt lat="33.173271" lon="-96.832585" />
      <trkpt lat="33.172517" lon="-96.832996" />
      <trkpt lat="33.172322" lon="-96.833088" />
      <trkpt lat="33.171956" lon="-96.833236" />
      <trkpt lat="33.171644" lon="-96.833335" />
      <trkpt lat="33.171145" lon="-96.833450" />
      <trkpt lat="33.170830" lon="-96.833505" />
      <trkpt lat="33.170563" lon="-96.833524" />
      <trkpt lat="33.170053" lon="-96.833532" />
      <trkpt lat="33.163902" lon="-96.833607" />
      <trkpt lat="33.163901" lon="-96.833607" />
      <trkpt lat="33.163787" lon="-96.833609" />
      <trkpt lat="33.163785" lon="-96.833609" />
      <trkpt lat="33.161884" lon="-96.833654" />
      <trkpt lat="33.159327" lon="-96.833715" />
      <trkpt lat="33.159325" lon="-96.833715" />
      <trkpt lat="33.158226" lon="-96.833737" />
      <trkpt lat="33.157893" lon="-96.833718" />
      <trkpt lat="33.157695" lon="-96.833684" />
      <trkpt lat="33.157456" lon="-96.833621" />
      <trkpt lat="33.157235" lon="-96.833543" />
      <trkpt lat="33.157093" lon="-96.833477" />
      <trkpt lat="33.157021" lon="-96.833442" />
      <trkpt lat="33.156780" lon="-96.833307" />
      <trkpt lat="33.156504" lon="-96.833107" />
      <trkpt lat="33.155897" lon="-96.832556" />
      <trkpt lat="33.155672" lon="-96.832383" />
      <trkpt lat="33.155378" lon="-96.832202" />
      <trkpt lat="33.155009" lon="-96.832036" />
      <trkpt lat="33.154536" lon="-96.831914" />
      <trkpt lat="33.154225" lon="-96.831878" />
      <trkpt lat="33.153796" lon="-96.831877" />
      <trkpt lat="33.153015" lon="-96.831969" />
      <trkpt lat="33.153003" lon="-96.831970" />
      <trkpt lat="33.152955" lon="-96.831976" />
      <trkpt lat="33.152948" lon="-96.831977" />
    </trkseg>
  </trk>
  <trk>
    <name>Trail 18</name>
    <trkseg>
      <trkpt lat="33.106835" lon="-96.841497" />
      <trkpt lat="33.106736" lon="-96.841497" />
      <trkpt lat="33.106730" lon="-96.841498" />
      <trkpt lat="33.106037" lon="-96.841503" />
      <trkpt lat="33.103307" lon="-96.841555" />
      <trkpt lat="33.102924" lon="-96.841573" />
      <trkpt lat="33.101914" lon="-96.841686" />
      <trkpt lat="33.100922" lon="-96.841807" />
      <trkpt lat="33.100912" lon="-96.841808" />
      <trkpt lat="33.100784" lon="-96.841825" />
      <trkpt lat="33.100773" lon="-96.841827" />
      <trkpt lat="33.099631" lon="-96.841949" />
      <trkpt lat="33.099236" lon="-96.841980" />
      <trkpt lat="33.098699" lon="-96.841978" />
      <trkpt lat="33.098111" lon="-96.841938" />
      <trkpt lat="33.098097" lon="-96.841936" />
      <trkpt lat="33.097936" lon="-96.841913" />
      <trkpt lat="33.097907" lon="-96.841910" />
      <trkpt lat="33.097651" lon="-96.841875" />
      <trkpt lat="33.097249" lon="-96.841785" />
      <trkpt lat="33.096684" lon="-96.841608" />
      <trkpt lat="33.096647" lon="-96.841594" />
      <trkpt lat="33.096209" lon="-96.841436" />
      <trkpt lat="33.095845" lon="-96.841276" />
      <trkpt lat="33.095339" lon="-96.841000" />
      <trkpt lat="33.095282" lon="-96.840970" />
      <trkpt lat="33.095243" lon="-96.840950" />
      <trkpt lat="33.095182" lon="-96.840921" />
      <trkpt lat="33.094843" lon="-96.840755" />
      <trkpt lat="33.093920" lon="-96.840267" />
      <trkpt lat="33.093834" lon="-96.840221" />
      <trkpt lat="33.092878" lon="-96.839731" />
      <trkpt lat="33.092705" lon="-96.839654" />
      <trkpt lat="33.092637" lon="-96.839629" />
      <trkpt lat="33.092548" lon="-96.839592" />
      <trkpt lat="33.092480" lon="-96.839565" />
      <trkpt lat="33.092268" lon="-96.839478" />
      <trkpt lat="33.091817" lon="-96.839343" />
      <trkpt lat="33.091215" lon="-96.839224" />
      <trkpt lat="33.091014" lon="-96.839208" />
      <trkpt lat="33.091000" lon="-96.839207" />
      <trkpt lat="33.089953" lon="-96.839204" />
      <trkpt lat="33.089936" lon="-96.839204" />
      <trkpt lat="33.089864" lon="-96.839207" />
      <trkpt lat="33.089787" lon="-96.839210" />
      <trkpt lat="33.089778" lon="-96.839210" />
      <trkpt lat="33.089218" lon="-96.839225" />
      <trkpt lat="33.087988" lon="-96.839218" />
      <trkpt lat="33.087736" lon="-96.839179" />
      <trkpt lat="33.087250" lon="-96.839053" />
      <trkpt lat="33.087184" lon="-96.839033" />
      <trkpt lat="33.086060" lon="-96.838689" />
      <trkpt lat="33.085998" lon="-96.838669" />
      <trkpt lat="33.085578" lon="-96.838554" />
    </trkseg>
  </trk>
  <trk>
    <name>Trail 19</name>
    <trkseg>
      <trkpt lat="33.107086" lon="-96.817207" />
      <trkpt lat="33.107087" lon="-96.817323" />
      <trkpt lat="33.107087" lon="-96.817324" />
      <trkpt lat="33.107064" lon="-96.818367" />
      <trkpt lat="33.107012" lon="-96.818866" />
      <trkpt lat="33.106961" lon="-96.819166" />
      <trkpt lat="33.106950" lon="-96.819224" />
      <trkpt lat="33.106696" lon="-96.820611" />
      <trkpt lat="33.106689" lon="-96.820649" />
      <trkpt lat="33.106651" lon="-96.821160" />
      <trkpt lat="33.106640" lon="-96.822688" />
      <trkpt lat="33.106640" lon="-96.822753" />
      <trkpt lat="33.106643" lon="-96.823163" />
      <trkpt lat="33.106645" lon="-96.823578" />
      <trkpt lat="33.106646" lon="-96.823638" />
      <trkpt lat="33.106670" lon="-96.824871" />
      <trkpt lat="33.106714" lon="-96.826279" />
      <trkpt lat="33.106716" lon="-96.826396" />
      <trkpt lat="33.106717" lon="-96.826513" />
      <trkpt lat="33.106736" lon="-96.827946" />
      <trkpt lat="33.106754" lon="-96.829350" />
      <trkpt lat="33.106755" lon="-96.829450" />
      <trkpt lat="33.106755" lon="-96.829451" />
      <trkpt lat="33.106760" lon="-96.831038" />
      <trkpt lat="33.106782" lon="-96.833117" />
      <trkpt lat="33.106782" lon="-96.833118" />
      <trkpt lat="33.106784" lon="-96.833372" />
      <trkpt lat="33.106812" lon="-96.838032" />
      <trkpt lat="33.106823" lon="-96.839868" />
      <trkpt lat="33.106823" lon="-96.839872" />
      <trkpt lat="33.106836" lon="-96.841405" />
      <trkpt lat="33.106835" lon="-96.841497" />
    </trkseg>
  </trk>
  <trk>
    <name>Mountain Bike Trail Service Road</name>
    <trkseg>
      <trkpt lat="33.201441" lon="-96.866990" />
      <trkpt lat="33.201394" lon="-96.866978" />
      <trkpt lat="33.201169" lon="-96.866922" />
      <trkpt lat="33.201002" lon="-96.866843" />
      <trkpt lat="33.200827" lon="-96.866839" />
      <trkpt lat="33.200698" lon="-96.866944" />
      <trkpt lat="33.200625" lon="-96.867098" />
      <trkpt lat="33.200580" lon="-96.867256" />
      <trkpt lat="33.200549" lon="-96.867400" />
      <trkpt lat="33.200486" lon="-96.867459" />
      <trkpt lat="33.200384" lon="-96.867472" />
      <trkpt lat="33.200144" lon="-96.867451" />
      <trkpt lat="33.199914" lon="-96.867463" />
      <trkpt lat="33.199670" lon="-96.867451" />
      <trkpt lat="33.199418" lon="-96.867338" />
      <trkpt lat="33.199220" lon="-96.867191" />
      <trkpt lat="33.199083" lon="-96.866881" />
      <trkpt lat="33.198879" lon="-96.866470" />
      <trkpt lat="33.198702" lon="-96.866325" />
      <trkpt lat="33.198423" lon="-96.866237" />
      <trkpt lat="33.198152" lon="-96.866144" />
      <trkpt lat="33.197939" lon="-96.866010" />
      <trkpt lat="33.197717" lon="-96.866023" />
      <trkpt lat="33.197508" lon="-96.865944" />
      <trkpt lat="33.197312" lon="-96.865822" />
      <trkpt lat="33.197236" lon="-96.865628" />
      <trkpt lat="33.197133" lon="-96.865410" />
      <trkpt lat="33.196971" lon="-96.865278" />
      <trkpt lat="33.196795" lon="-96.865108" />
      <trkpt lat="33.196625" lon="-96.865097" />
      <trkpt lat="33.196431" lon="-96.865050" />
      <trkpt lat="33.196256" lon="-96.864963" />
      <trkpt lat="33.196092" lon="-96.864841" />
      <trkpt lat="33.195951" lon="-96.864685" />
      <trkpt lat="33.195802" lon="-96.864481" />
      <trkpt lat="33.195693" lon="-96.864124" />
      <trkpt lat="33.195655" lon="-96.864046" />
      <trkpt lat="33.195378" lon="-96.863894" />
      <trkpt lat="33.195334" lon="-96.863761" />
      <trkpt lat="33.195405" lon="-96.863544" />
      <trkpt lat="33.195515" lon="-96.863319" />
      <trkpt lat="33.195569" lon="-96.863146" />
      <trkpt lat="33.195512" lon="-96.862895" />
      <trkpt lat="33.195576" lon="-96.862678" />
      <trkpt lat="33.195810" lon="-96.862459" />
      <trkpt lat="33.196075" lon="-96.862304" />
      <trkpt lat="33.196264" lon="-96.862130" />
      <trkpt lat="33.196381" lon="-96.861813" />
      <trkpt lat="33.196488" lon="-96.861457" />
      <trkpt lat="33.196541" lon="-96.861411" />
      <trkpt lat="33.196760" lon="-96.861457" />
      <trkpt lat="33.196995" lon="-96.861549" />
      <trkpt lat="33.197211" lon="-96.861662" />
      <trkpt lat="33.197442" lon="-96.861797" />
      <trkpt lat="33.197715" lon="-96.861908" />
      <trkpt lat="33.197980" lon="-96.861896" />
      <trkpt lat="33.198331" lon="-96.861740" />
      <trkpt lat="33.198633" lon="-96.861602" />
      <trkpt lat="33.198947" lon="-96.861568" />
      <trkpt lat="33.199137" lon="-96.861677" />
      <trkpt lat="33.199442" lon="-96.861939" />
      <trkpt lat="33.199643" lon="-96.862220" />
      <trkpt lat="33.199875" lon="-96.862510" />
      <trkpt lat="33.200012" lon="-96.862873" />
      <trkpt lat="33.200152" lon="-96.863196" />
      <trkpt lat="33.200281" lon="-96.863594" />
      <trkpt lat="33.200324" lon="-96.863834" />
      <trkpt lat="33.200332" lon="-96.864217" />
      <trkpt lat="33.200357" lon="-96.864481" />
      <trkpt lat="33.200397" lon="-96.864656" />
      <trkpt lat="33.200451" lon="-96.864732" />
      <trkpt lat="33.200539" lon="-96.864761" />
      <trkpt lat="33.200745" lon="-96.864760" />
      <trkpt lat="33.200807" lon="-96.864779" />
      <trkpt lat="33.200853" lon="-96.864855" />
      <trkpt lat="33.200881" lon="-96.864954" />
      <trkpt lat="33.200904" lon="-96.865129" />
      <trkpt lat="33.200955" lon="-96.865330" />
      <trkpt lat="33.201026" lon="-96.865479" />
      <trkpt lat="33.201102" lon="-96.865600" />
      <trkpt lat="33.201143" lon="-96.865670" />
      <trkpt lat="33.201166" lon="-96.865814" />
      <trkpt lat="33.201156" lon="-96.865942" />
      <trkpt lat="33.201135" lon="-96.866175" />
      <trkpt lat="33.201128" lon="-96.866377" />
      <trkpt lat="33.201127" lon="-96.866604" />
      <trkpt lat="33.201131" lon="-96.866794" />
      <trkpt lat="33.201159" lon="-96.866859" />
    </trkseg>
  </trk>
  <trk>
    <name>Trail 21</name>
    <trkseg>
      <trkpt lat="33.132008" lon="-96.904373" />
      <trkpt lat="33.132026" lon="-96.904430" />
      <trkpt lat="33.132043" lon="-96.904479" />
      <trkpt lat="33.132054" lon="-96.904516" />
      <trkpt lat="33.132060" lon="-96.904538" />
      <trkpt lat="33.132065" lon="-96.904558" />
      <trkpt lat="33.132067" lon="-96.904575" />
      <trkpt lat="33.132069" lon="-96.904594" />
      <trkpt lat="33.132069" lon="-96.904613" />
      <trkpt lat="33.132069" lon="-96.904634" />
      <trkpt lat="33.132068" lon="-96.904655" />
      <trkpt lat="33.132067" lon="-96.904681" />
      <trkpt lat="33.132059" lon="-96.904743" />
      <trkpt lat="33.132048" lon="-96.904824" />
      <trkpt lat="33.132036" lon="-96.904911" />
      <trkpt lat="33.132030" lon="-96.904949" />
      <trkpt lat="33.132024" lon="-96.904974" />
      <trkpt lat="33.132018" lon="-96.904993" />
      <trkpt lat="33.132011" lon="-96.905008" />
      <trkpt lat="33.132003" lon="-96.905022" />
      <trkpt lat="33.131993" lon="-96.905034" />
      <trkpt lat="33.131984" lon="-96.905042" />
      <trkpt lat="33.131974" lon="-96.905049" />
      <trkpt lat="33.131965" lon="-96.905053" />
      <trkpt lat="33.131955" lon="-96.905055" />
      <trkpt lat="33.131944" lon="-96.905056" />
      <trkpt lat="33.131934" lon="-96.905056" />
      <trkpt lat="33.131919" lon="-96.905058" />
      <trkpt lat="33.131908" lon="-96.905059" />
      <trkpt lat="33.131895" lon="-96.905062" />
      <trkpt lat="33.131882" lon="-96.905065" />
      <trkpt lat="33.131867" lon="-96.905069" />
      <trkpt lat="33.131850" lon="-96.905075" />
      <trkpt lat="33.131832" lon="-96.905082" />
      <trkpt lat="33.131808" lon="-96.905092" />
      <trkpt lat="33.131777" lon="-96.905106" />
      <trkpt lat="33.131733" lon="-96.905125" />
      <trkpt lat="33.131691" lon="-96.905142" />
      <trkpt lat="33.131662" lon="-96.905155" />
      <trkpt lat="33.131635" lon="-96.905169" />
      <trkpt lat="33.131607" lon="-96.905182" />
      <trkpt lat="33.131576" lon="-96.905201" />
      <trkpt lat="33.131545" lon="-96.905218" />
      <trkpt lat="33.131518" lon="-96.905233" />
      <trkpt lat="33.131487" lon="-96.905252" />
      <trkpt lat="33.131468" lon="-96.905264" />
      <trkpt lat="33.131447" lon="-96.905277" />
      <trkpt lat="33.131427" lon="-96.905291" />
      <trkpt lat="33.131406" lon="-96.905303" />
      <trkpt lat="33.131387" lon="-96.905316" />
      <trkpt lat="33.131366" lon="-96.905330" />
      <trkpt lat="33.131342" lon="-96.905348" />
      <trkpt lat="33.131317" lon="-96.905367" />
      <trkpt lat="33.131293" lon="-96.905385" />
      <trkpt lat="33.131267" lon="-96.905408" />
      <trkpt lat="33.131240" lon="-96.905430" />
      <trkpt lat="33.131212" lon="-96.905456" />
      <trkpt lat="33.131185" lon="-96.905479" />
      <trkpt lat="33.131164" lon="-96.905498" />
      <trkpt lat="33.131141" lon="-96.905521" />
      <trkpt lat="33.131119" lon="-96.905542" />
      <trkpt lat="33.131094" lon="-96.905567" />
      <trkpt lat="33.131068" lon="-96.905593" />
      <trkpt lat="33.131048" lon="-96.905615" />
      <trkpt lat="33.131028" lon="-96.905638" />
      <trkpt lat="33.131003" lon="-96.905666" />
      <trkpt lat="33.130973" lon="-96.905700" />
      <trkpt lat="33.130945" lon="-96.905735" />
      <trkpt lat="33.130923" lon="-96.905762" />
      <trkpt lat="33.130902" lon="-96.905789" />
      <trkpt lat="33.130886" lon="-96.905811" />
      <trkpt lat="33.130869" lon="-96.905834" />
      <trkpt lat="33.130854" lon="-96.905854" />
      <trkpt lat="33.130840" lon="-96.905875" />
      <trkpt lat="33.130825" lon="-96.905898" />
      <trkpt lat="33.130806" lon="-96.905926" />
      <trkpt lat="33.130788" lon="-96.905955" />
      <trkpt lat="33.130768" lon="-96.905988" />
      <trkpt lat="33.130746" lon="-96.906023" />
      <trkpt lat="33.130731" lon="-96.906051" />
      <trkpt lat="33.130717" lon="-96.906075" />
      <trkpt lat="33.130702" lon="-96.906101" />
      <trkpt lat="33.130691" lon="-96.906124" />
      <trkpt lat="33.130678" lon="-96.906150" />
      <trkpt lat="33.130661" lon="-96.906181" />
      <trkpt lat="33.130646" lon="-96.906213" />
      <trkpt lat="33.130630" lon="-96.906247" />
      <trkpt lat="33.130620" lon="-96.906271" />
      <trkpt lat="33.130609" lon="-96.906293" />
      <trkpt lat="33.130600" lon="-96.906315" />
      <trkpt lat="33.130591" lon="-96.906338" />
      <trkpt lat="33.130582" lon="-96.906360" />
      <trkpt lat="33.130570" lon="-96.906390" />
      <trkpt lat="33.130559" lon="-96.906420" />
      <trkpt lat="33.130547" lon="-96.906449" />
      <trkpt lat="33.130521" lon="-96.906520" />
      <trkpt lat="33.130512" lon="-96.906547" />
      <trkpt lat="33.130501" lon="-96.906572" />
      <trkpt lat="33.130492" lon="-96.906595" />
      <trkpt lat="33.130484" lon="-96.906613" />
      <trkpt lat="33.130475" lon="-96.906631" />
      <trkpt lat="33.130466" lon="-96.906647" />
      <trkpt lat="33.130457" lon="-96.906664" />
      <trkpt lat="33.130445" lon="-96.906684" />
      <trkpt lat="33.130432" lon="-96.906707" />
      <trkpt lat="33.130421" lon="-96.906725" />
      <trkpt lat="33.130410" lon="-96.906740" />
      <trkpt lat="33.130399" lon="-96.906757" />
      <trkpt lat="33.130386" lon="-96.906776" />
      <trkpt lat="33.130375" lon="-96.906791" />
      <trkpt lat="33.130365" lon="-96.906803" />
      <trkpt lat="33.130354" lon="-96.906818" />
      <trkpt lat="33.130342" lon="-96.906831" />
      <trkpt lat="33.130331" lon="-96.906845" />
      <trkpt lat="33.130317" lon="-96.906859" />
      <trkpt lat="33.130304" lon="-96.906874" />
      <trkpt lat="33.130293" lon="-96.906885" />
      <trkpt lat="33.130282" lon="-96.906898" />
      <trkpt lat="33.130271" lon="-96.906910" />
      <trkpt lat="33.130261" lon="-96.906923" />
      <trkpt lat="33.130247" lon="-96.906939" />
      <trkpt lat="33.130232" lon="-96.906958" />
      <trkpt lat="33.130221" lon="-96.906974" />
      <trkpt lat="33.130208" lon="-96.906994" />
      <trkpt lat="33.130194" lon="-96.907014" />
      <trkpt lat="33.130186" lon="-96.907026" />
      <trkpt lat="33.130176" lon="-96.907042" />
      <trkpt lat="33.130168" lon="-96.907055" />
      <trkpt lat="33.130156" lon="-96.907074" />
      <trkpt lat="33.130147" lon="-96.907093" />
      <trkpt lat="33.130136" lon="-96.907117" />
      <trkpt lat="33.130126" lon="-96.907139" />
      <trkpt lat="33.130115" lon="-96.907164" />
      <trkpt lat="33.130108" lon="-96.907181" />
      <trkpt lat="33.130101" lon="-96.907201" />
      <trkpt lat="33.130091" lon="-96.907227" />
      <trkpt lat="33.130071" lon="-96.907286" />
      <trkpt lat="33.130058" lon="-96.907324" />
      <trkpt lat="33.130047" lon="-96.907359" />
      <trkpt lat="33.130030" lon="-96.907405" />
      <trkpt lat="33.130009" lon="-96.907465" />
      <trkpt lat="33.129992" lon="-96.907510" />
      <trkpt lat="33.129967" lon="-96.907570" />
      <trkpt lat="33.129947" lon="-96.907618" />
      <trkpt lat="33.129925" lon="-96.907669" />
      <trkpt lat="33.129915" lon="-96.907694" />
      <trkpt lat="33.129908" lon="-96.907710" />
      <trkpt lat="33.129900" lon="-96.907727" />
      <trkpt lat="33.129892" lon="-96.907742" />
      <trkpt lat="33.129882" lon="-96.907760" />
      <trkpt lat="33.129873" lon="-96.907774" />
      <trkpt lat="33.129864" lon="-96.907790" />
      <trkpt lat="33.129851" lon="-96.907814" />
      <trkpt lat="33.129839" lon="-96.907837" />
      <trkpt lat="33.129823" lon="-96.907867" />
      <trkpt lat="33.129811" lon="-96.907891" />
      <trkpt lat="33.129803" lon="-96.907912" />
      <trkpt lat="33.129789" lon="-96.907946" />
      <trkpt lat="33.129778" lon="-96.907974" />
      <trkpt lat="33.129771" lon="-96.907995" />
      <trkpt lat="33.129762" lon="-96.908021" />
      <trkpt lat="33.129756" lon="-96.908042" />
      <trkpt lat="33.129751" lon="-96.908060" />
      <trkpt lat="33.129746" lon="-96.908079" />
      <trkpt lat="33.129740" lon="-96.908098" />
      <trkpt lat="33.129734" lon="-96.908114" />
      <trkpt lat="33.129725" lon="-96.908132" />
      <trkpt lat="33.129716" lon="-96.908146" />
      <trkpt lat="33.129706" lon="-96.908159" />
      <trkpt lat="33.129694" lon="-96.908174" />
      <trkpt lat="33.129683" lon="-96.908185" />
      <trkpt lat="33.129672" lon="-96.908195" />
      <trkpt lat="33.129658" lon="-96.908203" />
      <trkpt lat="33.129642" lon="-96.908214" />
      <trkpt lat="33.129622" lon="-96.908223" />
      <trkpt lat="33.129607" lon="-96.908229" />
      <trkpt lat="33.129591" lon="-96.908234" />
      <trkpt lat="33.129570" lon="-96.908238" />
      <trkpt lat="33.129554" lon="-96.908238" />
      <trkpt lat="33.129537" lon="-96.908238" />
      <trkpt lat="33.129521" lon="-96.908236" />
      <trkpt lat="33.129505" lon="-96.908232" />
      <trkpt lat="33.129484" lon="-96.908227" />
      <trkpt lat="33.129467" lon="-96.908218" />
      <trkpt lat="33.129450" lon="-96.908208" />
      <trkpt lat="33.129433" lon="-96.908195" />
      <trkpt lat="33.129418" lon="-96.908181" />
      <trkpt lat="33.129403" lon="-96.908164" />
      <trkpt lat="33.129392" lon="-96.908150" />
      <trkpt lat="33.129383" lon="-96.908137" />
      <trkpt lat="33.129375" lon="-96.908122" />
      <trkpt lat="33.129369" lon="-96.908110" />
      <trkpt lat="33.129364" lon="-96.908097" />
      <trkpt lat="33.129359" lon="-96.908081" />
      <trkpt lat="33.129355" lon="-96.908061" />
      <trkpt lat="33.129352" lon="-96.908041" />
      <trkpt lat="33.129348" lon="-96.908021" />
      <trkpt lat="33.129345" lon="-96.907999" />
      <trkpt lat="33.129342" lon="-96.907981" />
      <trkpt lat="33.129338" lon="-96.907961" />
      <trkpt lat="33.129335" lon="-96.907941" />
      <trkpt lat="33.129331" lon="-96.907922" />
      <trkpt lat="33.129328" lon="-96.907906" />
      <trkpt lat="33.129324" lon="-96.907890" />
      <trkpt lat="33.129319" lon="-96.907873" />
      <trkpt lat="33.129314" lon="-96.907858" />
      <trkpt lat="33.129306" lon="-96.907833" />
      <trkpt lat="33.129299" lon="-96.907811" />
      <trkpt lat="33.129289" lon="-96.907781" />
      <trkpt lat="33.129281" lon="-96.907755" />
      <trkpt lat="33.129272" lon="-96.907727" />
      <trkpt lat="33.129263" lon="-96.907701" />
      <trkpt lat="33.129258" lon="-96.907683" />
      <trkpt lat="33.129254" lon="-96.907669" />
      <trkpt lat="33.129250" lon="-96.907655" />
      <trkpt lat="33.129246" lon="-96.907638" />
      <trkpt lat="33.129243" lon="-96.907615" />
      <trkpt lat="33.129242" lon="-96.907597" />
      <trkpt lat="33.129238" lon="-96.907570" />
      <trkpt lat="33.129237" lon="-96.907541" />
      <trkpt lat="33.129234" lon="-96.907516" />
      <trkpt lat="33.129233" lon="-96.907490" />
      <trkpt lat="33.129232" lon="-96.907470" />
      <trkpt lat="33.129232" lon="-96.907455" />
      <trkpt lat="33.129232" lon="-96.907440" />
      <trkpt lat="33.129231" lon="-96.907425" />
      <trkpt lat="33.129230" lon="-96.907408" />
      <trkpt lat="33.129228" lon="-96.907391" />
      <trkpt lat="33.129225" lon="-96.907375" />
      <trkpt lat="33.129223" lon="-96.907359" />
      <trkpt lat="33.129221" lon="-96.907343" />
      <trkpt lat="33.129217" lon="-96.907326" />
      <trkpt lat="33.129213" lon="-96.907310" />
      <trkpt lat="33.129208" lon="-96.907293" />
      <trkpt lat="33.129204" lon="-96.907277" />
      <trkpt lat="33.129198" lon="-96.907261" />
      <trkpt lat="33.129192" lon="-96.907240" />
      <trkpt lat="33.129187" lon="-96.907222" />
      <trkpt lat="33.129182" lon="-96.907205" />
      <trkpt lat="33.129176" lon="-96.907187" />
      <trkpt lat="33.129171" lon="-96.907174" />
      <trkpt lat="33.129165" lon="-96.907155" />
      <trkpt lat="33.129160" lon="-96.907139" />
      <trkpt lat="33.129158" lon="-96.907128" />
      <trkpt lat="33.129156" lon="-96.907118" />
      <trkpt lat="33.129153" lon="-96.907103" />
      <trkpt lat="33.129151" lon="-96.907086" />
      <trkpt lat="33.129148" lon="-96.907068" />
      <trkpt lat="33.129145" lon="-96.907049" />
      <trkpt lat="33.129143" lon="-96.907030" />
      <trkpt lat="33.129141" lon="-96.907005" />
      <trkpt lat="33.129140" lon="-96.906985" />
      <trkpt lat="33.129139" lon="-96.906960" />
      <trkpt lat="33.129136" lon="-96.906934" />
      <trkpt lat="33.129134" lon="-96.906908" />
      <trkpt lat="33.129132" lon="-96.906887" />
      <trkpt lat="33.129131" lon="-96.906866" />
      <trkpt lat="33.129128" lon="-96.906845" />
      <trkpt lat="33.129126" lon="-96.906824" />
      <trkpt lat="33.129124" lon="-96.906803" />
      <trkpt lat="33.129121" lon="-96.906783" />
      <trkpt lat="33.129118" lon="-96.906758" />
      <trkpt lat="33.129113" lon="-96.906726" />
      <trkpt lat="33.129109" lon="-96.906698" />
      <trkpt lat="33.129106" lon="-96.906675" />
      <trkpt lat="33.129103" lon="-96.906654" />
      <trkpt lat="33.129098" lon="-96.906629" />
      <trkpt lat="33.129093" lon="-96.906602" />
      <trkpt lat="33.129090" lon="-96.906581" />
      <trkpt lat="33.129084" lon="-96.906551" />
      <trkpt lat="33.129077" lon="-96.906518" />
      <trkpt lat="33.129072" lon="-96.906493" />
      <trkpt lat="33.129064" lon="-96.906458" />
      <trkpt lat="33.129056" lon="-96.906428" />
      <trkpt lat="33.129051" lon="-96.906406" />
      <trkpt lat="33.129046" lon="-96.906384" />
      <trkpt lat="33.129041" lon="-96.906366" />
      <trkpt lat="33.129034" lon="-96.906342" />
      <trkpt lat="33.129028" lon="-96.906318" />
      <trkpt lat="33.129021" lon="-96.906288" />
      <trkpt lat="33.129014" lon="-96.906258" />
      <trkpt lat="33.129008" lon="-96.906231" />
      <trkpt lat="33.129000" lon="-96.906202" />
      <trkpt lat="33.128994" lon="-96.906175" />
      <trkpt lat="33.128987" lon="-96.906149" />
      <trkpt lat="33.128982" lon="-96.906123" />
      <trkpt lat="33.128977" lon="-96.906094" />
      <trkpt lat="33.128973" lon="-96.906070" />
      <trkpt lat="33.128969" lon="-96.906044" />
      <trkpt lat="33.128965" lon="-96.906016" />
      <trkpt lat="33.128961" lon="-96.905992" />
      <trkpt lat="33.128957" lon="-96.905966" />
      <trkpt lat="33.128955" lon="-96.905939" />
      <trkpt lat="33.128952" lon="-96.905912" />
      <trkpt lat="33.128950" lon="-96.905884" />
      <trkpt lat="33.128948" lon="-96.905858" />
      <trkpt lat="33.128947" lon="-96.905831" />
      <trkpt lat="33.128946" lon="-96.905807" />
      <trkpt lat="33.128945" lon="-96.905784" />
      <trkpt lat="33.128944" lon="-96.905752" />
      <trkpt lat="33.128944" lon="-96.905725" />
      <trkpt lat="33.128944" lon="-96.905697" />
      <trkpt lat="33.128945" lon="-96.905678" />
      <trkpt lat="33.128946" lon="-96.905647" />
      <trkpt lat="33.128947" lon="-96.905620" />
      <trkpt lat="33.128948" lon="-96.905594" />
      <trkpt lat="33.128950" lon="-96.905566" />
      <trkpt lat="33.128951" lon="-96.905547" />
      <trkpt lat="33.128954" lon="-96.905516" />
      <trkpt lat="33.128957" lon="-96.905490" />
      <trkpt lat="33.128960" lon="-96.905458" />
      <trkpt lat="33.128965" lon="-96.905426" />
      <trkpt lat="33.128969" lon="-96.905394" />
      <trkpt lat="33.128974" lon="-96.905361" />
      <trkpt lat="33.128979" lon="-96.905334" />
      <trkpt lat="33.128983" lon="-96.905316" />
      <trkpt lat="33.128990" lon="-96.905281" />
      <trkpt lat="33.128994" lon="-96.905263" />
      <trkpt lat="33.129001" lon="-96.905239" />
      <trkpt lat="33.129006" lon="-96.905212" />
      <trkpt lat="33.129011" lon="-96.905187" />
      <trkpt lat="33.129016" lon="-96.905162" />
      <trkpt lat="33.129020" lon="-96.905139" />
      <trkpt lat="33.129024" lon="-96.905116" />
      <trkpt lat="33.129028" lon="-96.905095" />
      <trkpt lat="33.129031" lon="-96.905075" />
      <trkpt lat="33.129034" lon="-96.905056" />
      <trkpt lat="33.129038" lon="-96.905036" />
      <trkpt lat="33.129040" lon="-96.905016" />
      <trkpt lat="33.129043" lon="-96.904997" />
      <trkpt lat="33.129045" lon="-96.904982" />
      <trkpt lat="33.129047" lon="-96.904963" />
      <trkpt lat="33.129049" lon="-96.904945" />
      <trkpt lat="33.129051" lon="-96.904925" />
      <trkpt lat="33.129053" lon="-96.904908" />
      <trkpt lat="33.129056" lon="-96.904880" />
      <trkpt lat="33.129059" lon="-96.904855" />
      <trkpt lat="33.129061" lon="-96.904833" />
      <trkpt lat="33.129063" lon="-96.904810" />
      <trkpt lat="33.129064" lon="-96.904786" />
      <trkpt lat="33.129066" lon="-96.904759" />
      <trkpt lat="33.129068" lon="-96.904737" />
      <trkpt lat="33.129069" lon="-96.904717" />
      <trkpt lat="33.129070" lon="-96.904699" />
      <trkpt lat="33.129070" lon="-96.904681" />
      <trkpt lat="33.129071" lon="-96.904657" />
      <trkpt lat="33.129073" lon="-96.904633" />
      <trkpt lat="33.129074" lon="-96.904602" />
      <trkpt lat="33.129074" lon="-96.904571" />
      <trkpt lat="33.129074" lon="-96.904552" />
      <trkpt lat="33.129074" lon="-96.904530" />
      <trkpt lat="33.129074" lon="-96.904510" />
      <trkpt lat="33.129074" lon="-96.904493" />
      <trkpt lat="33.129073" lon="-96.904469" />
      <trkpt lat="33.129073" lon="-96.904446" />
      <trkpt lat="33.129072" lon="-96.904423" />
      <trkpt lat="33.129072" lon="-96.904403" />
      <trkpt lat="33.129071" lon="-96.904380" />
      <trkpt lat="33.129070" lon="-96.904361" />
      <trkpt lat="33.129070" lon="-96.904340" />
      <trkpt lat="33.129069" lon="-96.904322" />
      <trkpt lat="33.129067" lon="-96.904303" />
      <trkpt lat="33.129066" lon="-96.904286" />
      <trkpt lat="33.129065" lon="-96.904269" />
      <trkpt lat="33.129063" lon="-96.904253" />
      <trkpt lat="33.129063" lon="-96.904233" />
      <trkpt lat="33.129061" lon="-96.904215" />
      <trkpt lat="33.129061" lon="-96.904197" />
      <trkpt lat="33.129060" lon="-96.904175" />
      <trkpt lat="33.129061" lon="-96.904160" />
      <trkpt lat="33.129060" lon="-96.904140" />
      <trkpt lat="33.129060" lon="-96.904121" />
      <trkpt lat="33.129061" lon="-96.904101" />
      <trkpt lat="33.129063" lon="-96.904080" />
      <trkpt lat="33.129063" lon="-96.904061" />
      <trkpt lat="33.129065" lon="-96.904042" />
      <trkpt lat="33.129067" lon="-96.904024" />
      <trkpt lat="33.129067" lon="-96.904005" />
      <trkpt lat="33.129069" lon="-96.903987" />
      <trkpt lat="33.129070" lon="-96.903968" />
      <trkpt lat="33.129072" lon="-96.903948" />
      <trkpt lat="33.129074" lon="-96.903927" />
      <trkpt lat="33.129077" lon="-96.903903" />
      <trkpt lat="33.129081" lon="-96.903878" />
      <trkpt lat="33.129084" lon="-96.903856" />
      <trkpt lat="33.129088" lon="-96.903827" />
      <trkpt lat="33.129092" lon="-96.903798" />
      <trkpt lat="33.129098" lon="-96.903768" />
      <trkpt lat="33.129105" lon="-96.903733" />
      <trkpt lat="33.129113" lon="-96.903701" />
      <trkpt lat="33.129120" lon="-96.903671" />
      <trkpt lat="33.129130" lon="-96.903630" />
      <trkpt lat="33.129141" lon="-96.903591" />
      <trkpt lat="33.129151" lon="-96.903558" />
      <trkpt lat="33.129161" lon="-96.903527" />
      <trkpt lat="33.129172" lon="-96.903497" />
      <trkpt lat="33.129182" lon="-96.903467" />
      <trkpt lat="33.129194" lon="-96.903434" />
      <trkpt lat="33.129208" lon="-96.903400" />
      <trkpt lat="33.129224" lon="-96.903363" />
      <trkpt lat="33.129240" lon="-96.903330" />
      <trkpt lat="33.129256" lon="-96.903297" />
      <trkpt lat="33.129267" lon="-96.903275" />
      <trkpt lat="33.129277" lon="-96.903256" />
      <trkpt lat="33.129286" lon="-96.903240" />
      <trkpt lat="33.129296" lon="-96.903224" />
      <trkpt lat="33.129304" lon="-96.903204" />
      <trkpt lat="33.129312" lon="-96.903187" />
      <trkpt lat="33.129322" lon="-96.903167" />
      <trkpt lat="33.129333" lon="-96.903141" />
      <trkpt lat="33.129355" lon="-96.903089" />
      <trkpt lat="33.129383" lon="-96.903025" />
      <trkpt lat="33.129396" lon="-96.902995" />
      <trkpt lat="33.129408" lon="-96.902964" />
      <trkpt lat="33.129420" lon="-96.902935" />
      <trkpt lat="33.129431" lon="-96.902905" />
      <trkpt lat="33.129441" lon="-96.902876" />
      <trkpt lat="33.129452" lon="-96.902843" />
      <trkpt lat="33.129463" lon="-96.902808" />
      <trkpt lat="33.129472" lon="-96.902778" />
      <trkpt lat="33.129482" lon="-96.902745" />
      <trkpt lat="33.129488" lon="-96.902725" />
      <trkpt lat="33.129490" lon="-96.902714" />
      <trkpt lat="33.129493" lon="-96.902705" />
      <trkpt lat="33.129495" lon="-96.902696" />
      <trkpt lat="33.129497" lon="-96.902684" />
      <trkpt lat="33.129498" lon="-96.902668" />
      <trkpt lat="33.129500" lon="-96.902649" />
      <trkpt lat="33.129501" lon="-96.902634" />
      <trkpt lat="33.129502" lon="-96.902617" />
      <trkpt lat="33.129503" lon="-96.902605" />
      <trkpt lat="33.129505" lon="-96.902594" />
      <trkpt lat="33.129507" lon="-96.902582" />
      <trkpt lat="33.129508" lon="-96.902570" />
      <trkpt lat="33.129510" lon="-96.902560" />
      <trkpt lat="33.129511" lon="-96.902550" />
      <trkpt lat="33.129512" lon="-96.902539" />
      <trkpt lat="33.129513" lon="-96.902522" />
      <trkpt lat="33.129515" lon="-96.902511" />
      <trkpt lat="33.129518" lon="-96.902499" />
      <trkpt lat="33.129523" lon="-96.902485" />
      <trkpt lat="33.129527" lon="-96.902473" />
      <trkpt lat="33.129533" lon="-96.902463" />
      <trkpt lat="33.129538" lon="-96.902451" />
      <trkpt lat="33.129546" lon="-96.902438" />
      <trkpt lat="33.129553" lon="-96.902426" />
      <trkpt lat="33.129562" lon="-96.902413" />
      <trkpt lat="33.129570" lon="-96.902393" />
      <trkpt lat="33.129577" lon="-96.902378" />
      <trkpt lat="33.129582" lon="-96.902364" />
      <trkpt lat="33.129587" lon="-96.902349" />
      <trkpt lat="33.129592" lon="-96.902332" />
      <trkpt lat="33.129597" lon="-96.902316" />
      <trkpt lat="33.129603" lon="-96.902300" />
      <trkpt lat="33.129608" lon="-96.902286" />
      <trkpt lat="33.129612" lon="-96.902271" />
      <trkpt lat="33.129619" lon="-96.902256" />
      <trkpt lat="33.129627" lon="-96.902238" />
      <trkpt lat="33.129634" lon="-96.902222" />
      <trkpt lat="33.129639" lon="-96.902207" />
      <trkpt lat="33.129646" lon="-96.902191" />
      <trkpt lat="33.129653" lon="-96.902177" />
      <trkpt lat="33.129659" lon="-96.902166" />
      <trkpt lat="33.129664" lon="-96.902155" />
      <trkpt lat="33.129669" lon="-96.902143" />
      <trkpt lat="33.129672" lon="-96.902133" />
      <trkpt lat="33.129678" lon="-96.902120" />
      <trkpt lat="33.129685" lon="-96.902106" />
      <trkpt lat="33.129691" lon="-96.902092" />
      <trkpt lat="33.129698" lon="-96.902078" />
      <trkpt lat="33.129705" lon="-96.902065" />
      <trkpt lat="33.129712" lon="-96.902053" />
      <trkpt lat="33.129720" lon="-96.902041" />
      <trkpt lat="33.129726" lon="-96.902032" />
      <trkpt lat="33.129731" lon="-96.902019" />
      <trkpt lat="33.129737" lon="-96.902005" />
      <trkpt lat="33.129744" lon="-96.901988" />
      <trkpt lat="33.129751" lon="-96.901973" />
      <trkpt lat="33.129757" lon="-96.901960" />
      <trkpt lat="33.129763" lon="-96.901946" />
      <trkpt lat="33.129771" lon="-96.901928" />
      <trkpt lat="33.129778" lon="-96.901912" />
      <trkpt lat="33.129787" lon="-96.901898" />
      <trkpt lat="33.129798" lon="-96.901880" />
      <trkpt lat="33.129807" lon="-96.901861" />
      <trkpt lat="33.129818" lon="-96.901845" />
      <trkpt lat="33.129831" lon="-96.901823" />
      <trkpt lat="33.129842" lon="-96.901806" />
      <trkpt lat="33.129852" lon="-96.901791" />
      <trkpt lat="33.129866" lon="-96.901769" />
      <trkpt lat="33.129880" lon="-96.901751" />
      <trkpt lat="33.129894" lon="-96.901730" />
      <trkpt lat="33.129908" lon="-96.901712" />
      <trkpt lat="33.129918" lon="-96.901700" />
      <trkpt lat="33.129930" lon="-96.901687" />
      <trkpt lat="33.129942" lon="-96.901672" />
      <trkpt lat="33.129954" lon="-96.901661" />
      <trkpt lat="33.129966" lon="-96.901649" />
      <trkpt lat="33.129978" lon="-96.901639" />
      <trkpt lat="33.129993" lon="-96.901623" />
      <trkpt lat="33.130006" lon="-96.901610" />
      <trkpt lat="33.130017" lon="-96.901597" />
      <trkpt lat="33.130027" lon="-96.901585" />
      <trkpt lat="33.130035" lon="-96.901572" />
      <trkpt lat="33.130046" lon="-96.901559" />
      <trkpt lat="33.130057" lon="-96.901546" />
      <trkpt lat="33.130076" lon="-96.901526" />
      <trkpt lat="33.130094" lon="-96.901506" />
      <trkpt lat="33.130112" lon="-96.901486" />
      <trkpt lat="33.130130" lon="-96.901467" />
      <trkpt lat="33.130144" lon="-96.901454" />
      <trkpt lat="33.130160" lon="-96.901438" />
      <trkpt lat="33.130178" lon="-96.901421" />
      <trkpt lat="33.130191" lon="-96.901407" />
      <trkpt lat="33.130202" lon="-96.901395" />
      <trkpt lat="33.130215" lon="-96.901381" />
      <trkpt lat="33.130226" lon="-96.901368" />
      <trkpt lat="33.130236" lon="-96.901355" />
      <trkpt lat="33.130247" lon="-96.901338" />
      <trkpt lat="33.130257" lon="-96.901320" />
      <trkpt lat="33.130269" lon="-96.901298" />
      <trkpt lat="33.130281" lon="-96.901272" />
      <trkpt lat="33.130300" lon="-96.901233" />
      <trkpt lat="33.130326" lon="-96.901173" />
      <trkpt lat="33.130358" lon="-96.901099" />
      <trkpt lat="33.130386" lon="-96.901035" />
      <trkpt lat="33.130414" lon="-96.900967" />
      <trkpt lat="33.130442" lon="-96.900902" />
      <trkpt lat="33.130483" lon="-96.900806" />
      <trkpt lat="33.130499" lon="-96.900771" />
      <trkpt lat="33.130512" lon="-96.900745" />
      <trkpt lat="33.130523" lon="-96.900722" />
      <trkpt lat="33.130535" lon="-96.900693" />
      <trkpt lat="33.130548" lon="-96.900669" />
      <trkpt lat="33.130560" lon="-96.900645" />
      <trkpt lat="33.130573" lon="-96.900621" />
      <trkpt lat="33.130588" lon="-96.900595" />
      <trkpt lat="33.130604" lon="-96.900569" />
      <trkpt lat="33.130620" lon="-96.900541" />
      <trkpt lat="33.130634" lon="-96.900520" />
      <trkpt lat="33.130645" lon="-96.900505" />
      <trkpt lat="33.130656" lon="-96.900490" />
      <trkpt lat="33.130671" lon="-96.900470" />
      <trkpt lat="33.130687" lon="-96.900450" />
      <trkpt lat="33.130706" lon="-96.900429" />
      <trkpt lat="33.130727" lon="-96.900406" />
      <trkpt lat="33.130747" lon="-96.900384" />
      <trkpt lat="33.130768" lon="-96.900365" />
      <trkpt lat="33.130787" lon="-96.900348" />
      <trkpt lat="33.130812" lon="-96.900326" />
      <trkpt lat="33.130836" lon="-96.900304" />
      <trkpt lat="33.130856" lon="-96.900287" />
      <trkpt lat="33.130883" lon="-96.900268" />
      <trkpt lat="33.130911" lon="-96.900246" />
      <trkpt lat="33.130940" lon="-96.900225" />
      <trkpt lat="33.130968" lon="-96.900205" />
      <trkpt lat="33.131003" lon="-96.900180" />
      <trkpt lat="33.131044" lon="-96.900152" />
      <trkpt lat="33.131075" lon="-96.900133" />
      <trkpt lat="33.131105" lon="-96.900116" />
      <trkpt lat="33.131141" lon="-96.900096" />
      <trkpt lat="33.131172" lon="-96.900080" />
      <trkpt lat="33.131203" lon="-96.900065" />
      <trkpt lat="33.131232" lon="-96.900051" />
      <trkpt lat="33.131267" lon="-96.900036" />
      <trkpt lat="33.131291" lon="-96.900027" />
      <trkpt lat="33.131319" lon="-96.900018" />
      <trkpt lat="33.131345" lon="-96.900009" />
      <trkpt lat="33.131368" lon="-96.900002" />
      <trkpt lat="33.131396" lon="-96.899996" />
      <trkpt lat="33.131423" lon="-96.899989" />
      <trkpt lat="33.131456" lon="-96.899983" />
      <trkpt lat="33.131487" lon="-96.899978" />
      <trkpt lat="33.131516" lon="-96.899975" />
      <trkpt lat="33.131546" lon="-96.899973" />
      <trkpt lat="33.131580" lon="-96.899971" />
      <trkpt lat="33.131610" lon="-96.899971" />
      <trkpt lat="33.131632" lon="-96.899972" />
      <trkpt lat="33.131655" lon="-96.899975" />
      <trkpt lat="33.131676" lon="-96.899978" />
      <trkpt lat="33.131701" lon="-96.899983" />
      <trkpt lat="33.131724" lon="-96.899988" />
      <trkpt lat="33.131746" lon="-96.899994" />
      <trkpt lat="33.131767" lon="-96.900002" />
      <trkpt lat="33.131791" lon="-96.900012" />
      <trkpt lat="33.131813" lon="-96.900023" />
      <trkpt lat="33.131841" lon="-96.900040" />
      <trkpt lat="33.131873" lon="-96.900061" />
      <trkpt lat="33.131901" lon="-96.900084" />
      <trkpt lat="33.131921" lon="-96.900099" />
      <trkpt lat="33.131941" lon="-96.900112" />
      <trkpt lat="33.131961" lon="-96.900126" />
      <trkpt lat="33.131983" lon="-96.900140" />
      <trkpt lat="33.131998" lon="-96.900151" />
      <trkpt lat="33.132012" lon="-96.900160" />
      <trkpt lat="33.132026" lon="-96.900170" />
      <trkpt lat="33.132036" lon="-96.900179" />
      <trkpt lat="33.132049" lon="-96.900190" />
      <trkpt lat="33.132057" lon="-96.900199" />
      <trkpt lat="33.132065" lon="-96.900208" />
      <trkpt lat="33.132074" lon="-96.900215" />
      <trkpt lat="33.132083" lon="-96.900220" />
      <trkpt lat="33.132093" lon="-96.900226" />
      <trkpt lat="33.132103" lon="-96.900229" />
      <trkpt lat="33.132113" lon="-96.900231" />
      <trkpt lat="33.132120" lon="-96.900231" />
      <trkpt lat="33.132128" lon="-96.900230" />
      <trkpt lat="33.132135" lon="-96.900230" />
      <trkpt lat="33.132148" lon="-96.900230" />
      <trkpt lat="33.132161" lon="-96.900230" />
      <trkpt lat="33.132174" lon="-96.900231" />
      <trkpt lat="33.132190" lon="-96.900232" />
      <trkpt lat="33.132204" lon="-96.900232" />
      <trkpt lat="33.132215" lon="-96.900235" />
      <trkpt lat="33.132229" lon="-96.900239" />
      <trkpt lat="33.132242" lon="-96.900243" />
      <trkpt lat="33.132257" lon="-96.900247" />
      <trkpt lat="33.132272" lon="-96.900251" />
      <trkpt lat="33.132281" lon="-96.900253" />
      <trkpt lat="33.132290" lon="-96.900252" />
      <trkpt lat="33.132299" lon="-96.900253" />
      <trkpt lat="33.132311" lon="-96.900253" />
      <trkpt lat="33.132321" lon="-96.900252" />
      <trkpt lat="33.132331" lon="-96.900251" />
      <trkpt lat="33.132340" lon="-96.900249" />
      <trkpt lat="33.132352" lon="-96.900247" />
      <trkpt lat="33.132362" lon="-96.900245" />
      <trkpt lat="33.132373" lon="-96.900244" />
      <trkpt lat="33.132385" lon="-96.900243" />
      <trkpt lat="33.132395" lon="-96.900244" />
      <trkpt lat="33.132407" lon="-96.900245" />
      <trkpt lat="33.132420" lon="-96.900247" />
      <trkpt lat="33.132435" lon="-96.900249" />
      <trkpt lat="33.132452" lon="-96.900250" />
      <trkpt lat="33.132463" lon="-96.900251" />
      <trkpt lat="33.132475" lon="-96.900253" />
      <trkpt lat="33.132485" lon="-96.900254" />
      <trkpt lat="33.132495" lon="-96.900257" />
      <trkpt lat="33.132507" lon="-96.900260" />
      <trkpt lat="33.132520" lon="-96.900266" />
      <trkpt lat="33.132532" lon="-96.900272" />
      <trkpt lat="33.132545" lon="-96.900280" />
      <trkpt lat="33.132560" lon="-96.900291" />
      <trkpt lat="33.132573" lon="-96.900298" />
      <trkpt lat="33.132588" lon="-96.900307" />
      <trkpt lat="33.132601" lon="-96.900318" />
      <trkpt lat="33.132616" lon="-96.900328" />
      <trkpt lat="33.132633" lon="-96.900339" />
      <trkpt lat="33.132644" lon="-96.900348" />
      <trkpt lat="33.132659" lon="-96.900360" />
      <trkpt lat="33.132672" lon="-96.900370" />
      <trkpt lat="33.132683" lon="-96.900378" />
      <trkpt lat="33.132695" lon="-96.900386" />
      <trkpt lat="33.132707" lon="-96.900393" />
      <trkpt lat="33.132722" lon="-96.900399" />
      <trkpt lat="33.132739" lon="-96.900405" />
      <trkpt lat="33.132752" lon="-96.900410" />
      <trkpt lat="33.132762" lon="-96.900412" />
      <trkpt lat="33.132780" lon="-96.900416" />
      <trkpt lat="33.132802" lon="-96.900420" />
      <trkpt lat="33.132814" lon="-96.900422" />
      <trkpt lat="33.132832" lon="-96.900424" />
      <trkpt lat="33.132853" lon="-96.900426" />
      <trkpt lat="33.132868" lon="-96.900427" />
      <trkpt lat="33.132881" lon="-96.900429" />
      <trkpt lat="33.132896" lon="-96.900430" />
      <trkpt lat="33.132909" lon="-96.900432" />
      <trkpt lat="33.132917" lon="-96.900436" />
      <trkpt lat="33.132928" lon="-96.900438" />
      <trkpt lat="33.132939" lon="-96.900443" />
      <trkpt lat="33.132949" lon="-96.900448" />
      <trkpt lat="33.132958" lon="-96.900454" />
      <trkpt lat="33.132967" lon="-96.900459" />
      <trkpt lat="33.132978" lon="-96.900467" />
      <trkpt lat="33.132987" lon="-96.900475" />
      <trkpt lat="33.132997" lon="-96.900484" />
      <trkpt lat="33.133007" lon="-96.900494" />
      <trkpt lat="33.133015" lon="-96.900500" />
      <trkpt lat="33.133022" lon="-96.900511" />
      <trkpt lat="33.133028" lon="-96.900520" />
      <trkpt lat="33.133032" lon="-96.900529" />
      <trkpt lat="33.133037" lon="-96.900543" />
      <trkpt lat="33.133041" lon="-96.900555" />
      <trkpt lat="33.133046" lon="-96.900568" />
      <trkpt lat="33.133051" lon="-96.900579" />
      <trkpt lat="33.133057" lon="-96.900589" />
      <trkpt lat="33.133062" lon="-96.900599" />
      <trkpt lat="33.133067" lon="-96.900607" />
      <trkpt lat="33.133072" lon="-96.900614" />
      <trkpt lat="33.133078" lon="-96.900618" />
      <trkpt lat="33.133086" lon="-96.900625" />
      <trkpt lat="33.133093" lon="-96.900630" />
      <trkpt lat="33.133101" lon="-96.900636" />
      <trkpt lat="33.133107" lon="-96.900641" />
      <trkpt lat="33.133114" lon="-96.900645" />
      <trkpt lat="33.133121" lon="-96.900653" />
      <trkpt lat="33.133126" lon="-96.900658" />
      <trkpt lat="33.133133" lon="-96.900667" />
      <trkpt lat="33.133140" lon="-96.900677" />
      <trkpt lat="33.133145" lon="-96.900686" />
      <trkpt lat="33.133152" lon="-96.900699" />
      <trkpt lat="33.133157" lon="-96.900712" />
      <trkpt lat="33.133163" lon="-96.900724" />
      <trkpt lat="33.133169" lon="-96.900737" />
      <trkpt lat="33.133174" lon="-96.900748" />
      <trkpt lat="33.133182" lon="-96.900762" />
      <trkpt lat="33.133190" lon="-96.900773" />
      <trkpt lat="33.133197" lon="-96.900784" />
      <trkpt lat="33.133204" lon="-96.900790" />
      <trkpt lat="33.133215" lon="-96.900799" />
      <trkpt lat="33.133225" lon="-96.900805" />
      <trkpt lat="33.133233" lon="-96.900809" />
      <trkpt lat="33.133242" lon="-96.900815" />
      <trkpt lat="33.133251" lon="-96.900820" />
      <trkpt lat="33.133265" lon="-96.900829" />
      <trkpt lat="33.133279" lon="-96.900840" />
      <trkpt lat="33.133289" lon="-96.900847" />
      <trkpt lat="33.133302" lon="-96.900856" />
      <trkpt lat="33.133315" lon="-96.900865" />
      <trkpt lat="33.133331" lon="-96.900875" />
      <trkpt lat="33.133346" lon="-96.900887" />
      <trkpt lat="33.133361" lon="-96.900896" />
      <trkpt lat="33.133371" lon="-96.900900" />
      <trkpt lat="33.133384" lon="-96.900905" />
      <trkpt lat="33.133400" lon="-96.900909" />
      <trkpt lat="33.133431" lon="-96.900917" />
      <trkpt lat="33.133476" lon="-96.900929" />
      <trkpt lat="33.133504" lon="-96.900937" />
      <trkpt lat="33.133532" lon="-96.900945" />
      <trkpt lat="33.133556" lon="-96.900953" />
      <trkpt lat="33.133581" lon="-96.900962" />
      <trkpt lat="33.133608" lon="-96.900972" />
      <trkpt lat="33.133631" lon="-96.900983" />
      <trkpt lat="33.133654" lon="-96.900994" />
      <trkpt lat="33.133669" lon="-96.901001" />
      <trkpt lat="33.133687" lon="-96.901009" />
      <trkpt lat="33.133701" lon="-96.901015" />
      <trkpt lat="33.133723" lon="-96.901025" />
      <trkpt lat="33.133737" lon="-96.901032" />
      <trkpt lat="33.133749" lon="-96.901037" />
      <trkpt lat="33.133762" lon="-96.901047" />
      <trkpt lat="33.133771" lon="-96.901054" />
      <trkpt lat="33.133784" lon="-96.901067" />
      <trkpt lat="33.133793" lon="-96.901076" />
      <trkpt lat="33.133803" lon="-96.901088" />
      <trkpt lat="33.133814" lon="-96.901100" />
      <trkpt lat="33.133825" lon="-96.901116" />
      <trkpt lat="33.133834" lon="-96.901130" />
      <trkpt lat="33.133841" lon="-96.901143" />
      <trkpt lat="33.133855" lon="-96.901167" />
      <trkpt lat="33.133868" lon="-96.901190" />
      <trkpt lat="33.133887" lon="-96.901224" />
      <trkpt lat="33.133912" lon="-96.901266" />
      <trkpt lat="33.133936" lon="-96.901308" />
      <trkpt lat="33.133951" lon="-96.901332" />
      <trkpt lat="33.133966" lon="-96.901357" />
      <trkpt lat="33.133983" lon="-96.901385" />
      <trkpt lat="33.133996" lon="-96.901404" />
      <trkpt lat="33.134009" lon="-96.901423" />
      <trkpt lat="33.134018" lon="-96.901436" />
      <trkpt lat="33.134032" lon="-96.901456" />
      <trkpt lat="33.134045" lon="-96.901471" />
      <trkpt lat="33.134058" lon="-96.901486" />
      <trkpt lat="33.134071" lon="-96.901500" />
      <trkpt lat="33.134086" lon="-96.901516" />
      <trkpt lat="33.134100" lon="-96.901529" />
      <trkpt lat="33.134117" lon="-96.901546" />
      <trkpt lat="33.134137" lon="-96.901566" />
      <trkpt lat="33.134149" lon="-96.901576" />
      <trkpt lat="33.134163" lon="-96.901589" />
      <trkpt lat="33.134178" lon="-96.901601" />
      <trkpt lat="33.134194" lon="-96.901613" />
      <trkpt lat="33.134209" lon="-96.901623" />
      <trkpt lat="33.134222" lon="-96.901632" />
      <trkpt lat="33.134238" lon="-96.901642" />
      <trkpt lat="33.134251" lon="-96.901649" />
      <trkpt lat="33.134265" lon="-96.901657" />
      <trkpt lat="33.134279" lon="-96.901665" />
      <trkpt lat="33.134294" lon="-96.901672" />
      <trkpt lat="33.134310" lon="-96.901679" />
      <trkpt lat="33.134328" lon="-96.901686" />
      <trkpt lat="33.134350" lon="-96.901695" />
      <trkpt lat="33.134373" lon="-96.901703" />
      <trkpt lat="33.134399" lon="-96.901712" />
      <trkpt lat="33.134426" lon="-96.901720" />
      <trkpt lat="33.134444" lon="-96.901725" />
      <trkpt lat="33.134472" lon="-96.901733" />
      <trkpt lat="33.134492" lon="-96.901738" />
      <trkpt lat="33.134511" lon="-96.901742" />
      <trkpt lat="33.134530" lon="-96.901745" />
      <trkpt lat="33.134559" lon="-96.901750" />
      <trkpt lat="33.134595" lon="-96.901754" />
      <trkpt lat="33.134615" lon="-96.901754" />
      <trkpt lat="33.134638" lon="-96.901755" />
      <trkpt lat="33.134658" lon="-96.901754" />
      <trkpt lat="33.134674" lon="-96.901754" />
      <trkpt lat="33.134689" lon="-96.901752" />
      <trkpt lat="33.134705" lon="-96.901749" />
      <trkpt lat="33.134726" lon="-96.901746" />
      <trkpt lat="33.134747" lon="-96.901742" />
      <trkpt lat="33.134769" lon="-96.901737" />
      <trkpt lat="33.134789" lon="-96.901733" />
      <trkpt lat="33.134810" lon="-96.901726" />
      <trkpt lat="33.134830" lon="-96.901718" />
      <trkpt lat="33.134857" lon="-96.901709" />
      <trkpt lat="33.134886" lon="-96.901698" />
      <trkpt lat="33.134912" lon="-96.901688" />
      <trkpt lat="33.134948" lon="-96.901673" />
      <trkpt lat="33.134981" lon="-96.901659" />
      <trkpt lat="33.135016" lon="-96.901644" />
      <trkpt lat="33.135051" lon="-96.901628" />
      <trkpt lat="33.135090" lon="-96.901611" />
      <trkpt lat="33.135118" lon="-96.901600" />
      <trkpt lat="33.135135" lon="-96.901594" />
      <trkpt lat="33.135146" lon="-96.901590" />
      <trkpt lat="33.135161" lon="-96.901587" />
      <trkpt lat="33.135178" lon="-96.901584" />
      <trkpt lat="33.135197" lon="-96.901582" />
      <trkpt lat="33.135213" lon="-96.901580" />
      <trkpt lat="33.135227" lon="-96.901580" />
      <trkpt lat="33.135240" lon="-96.901581" />
      <trkpt lat="33.135255" lon="-96.901585" />
      <trkpt lat="33.135268" lon="-96.901589" />
      <trkpt lat="33.135279" lon="-96.901594" />
      <trkpt lat="33.135290" lon="-96.901599" />
      <trkpt lat="33.135303" lon="-96.901607" />
      <trkpt lat="33.135313" lon="-96.901614" />
      <trkpt lat="33.135324" lon="-96.901622" />
      <trkpt lat="33.135340" lon="-96.901639" />
      <trkpt lat="33.135356" lon="-96.901656" />
      <trkpt lat="33.135373" lon="-96.901673" />
      <trkpt lat="33.135386" lon="-96.901689" />
      <trkpt lat="33.135398" lon="-96.901703" />
      <trkpt lat="33.135409" lon="-96.901718" />
      <trkpt lat="33.135425" lon="-96.901736" />
      <trkpt lat="33.135440" lon="-96.901755" />
      <trkpt lat="33.135456" lon="-96.901778" />
      <trkpt lat="33.135471" lon="-96.901797" />
      <trkpt lat="33.135488" lon="-96.901820" />
      <trkpt lat="33.135501" lon="-96.901837" />
      <trkpt lat="33.135509" lon="-96.901848" />
      <trkpt lat="33.135515" lon="-96.901857" />
      <trkpt lat="33.135521" lon="-96.901868" />
      <trkpt lat="33.135527" lon="-96.901879" />
      <trkpt lat="33.135539" lon="-96.901899" />
      <trkpt lat="33.135549" lon="-96.901919" />
      <trkpt lat="33.135559" lon="-96.901938" />
      <trkpt lat="33.135567" lon="-96.901955" />
      <trkpt lat="33.135576" lon="-96.901975" />
      <trkpt lat="33.135583" lon="-96.901993" />
      <trkpt lat="33.135589" lon="-96.902010" />
      <trkpt lat="33.135596" lon="-96.902025" />
      <trkpt lat="33.135602" lon="-96.902042" />
      <trkpt lat="33.135607" lon="-96.902057" />
      <trkpt lat="33.135610" lon="-96.902068" />
      <trkpt lat="33.135613" lon="-96.902082" />
      <trkpt lat="33.135617" lon="-96.902094" />
      <trkpt lat="33.135620" lon="-96.902108" />
      <trkpt lat="33.135623" lon="-96.902122" />
      <trkpt lat="33.135626" lon="-96.902137" />
      <trkpt lat="33.135627" lon="-96.902148" />
      <trkpt lat="33.135628" lon="-96.902160" />
      <trkpt lat="33.135628" lon="-96.902172" />
      <trkpt lat="33.135629" lon="-96.902184" />
      <trkpt lat="33.135629" lon="-96.902205" />
      <trkpt lat="33.135629" lon="-96.902220" />
      <trkpt lat="33.135628" lon="-96.902238" />
      <trkpt lat="33.135628" lon="-96.902255" />
      <trkpt lat="33.135626" lon="-96.902274" />
      <trkpt lat="33.135623" lon="-96.902305" />
      <trkpt lat="33.135619" lon="-96.902334" />
      <trkpt lat="33.135615" lon="-96.902360" />
      <trkpt lat="33.135612" lon="-96.902382" />
      <trkpt lat="33.135609" lon="-96.902406" />
      <trkpt lat="33.135606" lon="-96.902429" />
      <trkpt lat="33.135602" lon="-96.902447" />
      <trkpt lat="33.135598" lon="-96.902464" />
      <trkpt lat="33.135594" lon="-96.902478" />
      <trkpt lat="33.135586" lon="-96.902501" />
      <trkpt lat="33.135580" lon="-96.902519" />
      <trkpt lat="33.135568" lon="-96.902554" />
      <trkpt lat="33.135556" lon="-96.902592" />
      <trkpt lat="33.135542" lon="-96.902632" />
      <trkpt lat="33.135532" lon="-96.902662" />
      <trkpt lat="33.135522" lon="-96.902690" />
      <trkpt lat="33.135514" lon="-96.902715" />
      <trkpt lat="33.135510" lon="-96.902730" />
      <trkpt lat="33.135506" lon="-96.902741" />
      <trkpt lat="33.135503" lon="-96.902751" />
      <trkpt lat="33.135500" lon="-96.902762" />
      <trkpt lat="33.135499" lon="-96.902771" />
      <trkpt lat="33.135496" lon="-96.902781" />
      <trkpt lat="33.135495" lon="-96.902790" />
      <trkpt lat="33.135494" lon="-96.902799" />
      <trkpt lat="33.135493" lon="-96.902807" />
      <trkpt lat="33.135494" lon="-96.902819" />
      <trkpt lat="33.135494" lon="-96.902828" />
    </trkseg>
  </trk>
  <trk>
    <name>Wolverine Mountain Bike Trail</name>
    <trkseg>
      <trkpt lat="33.197401" lon="-96.866738" />
      <trkpt lat="33.197400" lon="-96.866709" />
      <trkpt lat="33.197403" lon="-96.866682" />
      <trkpt lat="33.197409" lon="-96.866657" />
      <trkpt lat="33.197419" lon="-96.866633" />
      <trkpt lat="33.197463" lon="-96.866534" />
      <trkpt lat="33.197467" lon="-96.866526" />
      <trkpt lat="33.197471" lon="-96.866517" />
      <trkpt lat="33.197473" lon="-96.866507" />
      <trkpt lat="33.197473" lon="-96.866497" />
      <trkpt lat="33.197473" lon="-96.866487" />
      <trkpt lat="33.197471" lon="-96.866478" />
      <trkpt lat="33.197467" lon="-96.866469" />
      <trkpt lat="33.197463" lon="-96.866460" />
      <trkpt lat="33.197457" lon="-96.866453" />
      <trkpt lat="33.197450" lon="-96.866447" />
      <trkpt lat="33.197403" lon="-96.866410" />
      <trkpt lat="33.197398" lon="-96.866401" />
      <trkpt lat="33.197395" lon="-96.866391" />
      <trkpt lat="33.197392" lon="-96.866381" />
      <trkpt lat="33.197392" lon="-96.866370" />
      <trkpt lat="33.197392" lon="-96.866360" />
      <trkpt lat="33.197394" lon="-96.866349" />
      <trkpt lat="33.197398" lon="-96.866339" />
      <trkpt lat="33.197403" lon="-96.866330" />
      <trkpt lat="33.197409" lon="-96.866323" />
      <trkpt lat="33.197416" lon="-96.866316" />
      <trkpt lat="33.197450" lon="-96.866294" />
      <trkpt lat="33.197487" lon="-96.866279" />
      <trkpt lat="33.197507" lon="-96.866275" />
      <trkpt lat="33.197528" lon="-96.866275" />
      <trkpt lat="33.197547" lon="-96.866279" />
      <trkpt lat="33.197567" lon="-96.866286" />
      <trkpt lat="33.197611" lon="-96.866308" />
      <trkpt lat="33.197645" lon="-96.866326" />
      <trkpt lat="33.197681" lon="-96.866339" />
      <trkpt lat="33.197718" lon="-96.866347" />
      <trkpt lat="33.197723" lon="-96.866345" />
      <trkpt lat="33.197728" lon="-96.866341" />
      <trkpt lat="33.197733" lon="-96.866336" />
      <trkpt lat="33.197736" lon="-96.866331" />
      <trkpt lat="33.197739" lon="-96.866325" />
      <trkpt lat="33.197741" lon="-96.866318" />
      <trkpt lat="33.197742" lon="-96.866311" />
      <trkpt lat="33.197742" lon="-96.866304" />
      <trkpt lat="33.197742" lon="-96.866298" />
      <trkpt lat="33.197740" lon="-96.866291" />
      <trkpt lat="33.197737" lon="-96.866285" />
      <trkpt lat="33.197733" lon="-96.866279" />
      <trkpt lat="33.197725" lon="-96.866264" />
      <trkpt lat="33.197719" lon="-96.866248" />
      <trkpt lat="33.197714" lon="-96.866231" />
      <trkpt lat="33.197712" lon="-96.866227" />
      <trkpt lat="33.197711" lon="-96.866223" />
      <trkpt lat="33.197711" lon="-96.866218" />
      <trkpt lat="33.197711" lon="-96.866214" />
      <trkpt lat="33.197712" lon="-96.866209" />
      <trkpt lat="33.197713" lon="-96.866205" />
      <trkpt lat="33.197715" lon="-96.866201" />
      <trkpt lat="33.197718" lon="-96.866198" />
      <trkpt lat="33.197721" lon="-96.866195" />
      <trkpt lat="33.197724" lon="-96.866193" />
      <trkpt lat="33.197728" lon="-96.866191" />
      <trkpt lat="33.197740" lon="-96.866190" />
      <trkpt lat="33.197751" lon="-96.866192" />
      <trkpt lat="33.197763" lon="-96.866195" />
      <trkpt lat="33.197838" lon="-96.866206" />
      <trkpt lat="33.197844" lon="-96.866204" />
      <trkpt lat="33.197850" lon="-96.866201" />
      <trkpt lat="33.197856" lon="-96.866196" />
      <trkpt lat="33.197860" lon="-96.866191" />
      <trkpt lat="33.197864" lon="-96.866185" />
      <trkpt lat="33.197867" lon="-96.866178" />
      <trkpt lat="33.197869" lon="-96.866171" />
      <trkpt lat="33.197870" lon="-96.866163" />
      <trkpt lat="33.197870" lon="-96.866155" />
      <trkpt lat="33.197868" lon="-96.866148" />
      <trkpt lat="33.197866" lon="-96.866141" />
      <trkpt lat="33.197863" lon="-96.866134" />
      <trkpt lat="33.197854" lon="-96.866116" />
      <trkpt lat="33.197847" lon="-96.866096" />
      <trkpt lat="33.197843" lon="-96.866076" />
      <trkpt lat="33.197840" lon="-96.866055" />
      <trkpt lat="33.197843" lon="-96.866045" />
      <trkpt lat="33.197846" lon="-96.866036" />
      <trkpt lat="33.197851" lon="-96.866028" />
      <trkpt lat="33.197857" lon="-96.866020" />
      <trkpt lat="33.197864" lon="-96.866014" />
      <trkpt lat="33.197872" lon="-96.866010" />
      <trkpt lat="33.197880" lon="-96.866007" />
      <trkpt lat="33.197888" lon="-96.866005" />
      <trkpt lat="33.197918" lon="-96.866005" />
      <trkpt lat="33.197955" lon="-96.866010" />
      <trkpt lat="33.197991" lon="-96.866021" />
      <trkpt lat="33.198011" lon="-96.866031" />
      <trkpt lat="33.198030" lon="-96.866045" />
      <trkpt lat="33.198046" lon="-96.866062" />
      <trkpt lat="33.198060" lon="-96.866083" />
      <trkpt lat="33.198080" lon="-96.866119" />
      <trkpt lat="33.198094" lon="-96.866144" />
      <trkpt lat="33.198112" lon="-96.866167" />
      <trkpt lat="33.198132" lon="-96.866185" />
      <trkpt lat="33.198145" lon="-96.866197" />
      <trkpt lat="33.198154" lon="-96.866207" />
      <trkpt lat="33.198161" lon="-96.866219" />
      <trkpt lat="33.198167" lon="-96.866232" />
      <trkpt lat="33.198172" lon="-96.866245" />
      <trkpt lat="33.198174" lon="-96.866260" />
      <trkpt lat="33.198175" lon="-96.866275" />
      <trkpt lat="33.198176" lon="-96.866310" />
      <trkpt lat="33.198177" lon="-96.866320" />
      <trkpt lat="33.198178" lon="-96.866329" />
      <trkpt lat="33.198181" lon="-96.866338" />
      <trkpt lat="33.198185" lon="-96.866346" />
      <trkpt lat="33.198190" lon="-96.866353" />
      <trkpt lat="33.198196" lon="-96.866359" />
      <trkpt lat="33.198203" lon="-96.866365" />
      <trkpt lat="33.198232" lon="-96.866378" />
      <trkpt lat="33.198263" lon="-96.866385" />
      <trkpt lat="33.198268" lon="-96.866384" />
      <trkpt lat="33.198273" lon="-96.866383" />
      <trkpt lat="33.198277" lon="-96.866380" />
      <trkpt lat="33.198281" lon="-96.866377" />
      <trkpt lat="33.198285" lon="-96.866372" />
      <trkpt lat="33.198288" lon="-96.866368" />
      <trkpt lat="33.198291" lon="-96.866362" />
      <trkpt lat="33.198294" lon="-96.866357" />
      <trkpt lat="33.198298" lon="-96.866353" />
      <trkpt lat="33.198303" lon="-96.866350" />
      <trkpt lat="33.198308" lon="-96.866347" />
      <trkpt lat="33.198313" lon="-96.866346" />
      <trkpt lat="33.198319" lon="-96.866346" />
      <trkpt lat="33.198324" lon="-96.866347" />
      <trkpt lat="33.198329" lon="-96.866348" />
      <trkpt lat="33.198334" lon="-96.866351" />
      <trkpt lat="33.198338" lon="-96.866355" />
      <trkpt lat="33.198342" lon="-96.866359" />
      <trkpt lat="33.198345" lon="-96.866364" />
      <trkpt lat="33.198349" lon="-96.866376" />
      <trkpt lat="33.198351" lon="-96.866388" />
      <trkpt lat="33.198352" lon="-96.866400" />
      <trkpt lat="33.198351" lon="-96.866412" />
      <trkpt lat="33.198347" lon="-96.866427" />
      <trkpt lat="33.198341" lon="-96.866440" />
      <trkpt lat="33.198334" lon="-96.866453" />
      <trkpt lat="33.198325" lon="-96.866464" />
      <trkpt lat="33.198297" lon="-96.866502" />
      <trkpt lat="33.198271" lon="-96.866542" />
      <trkpt lat="33.198262" lon="-96.866549" />
      <trkpt lat="33.198256" lon="-96.866553" />
      <trkpt lat="33.198251" lon="-96.866555" />
      <trkpt lat="33.198244" lon="-96.866557" />
      <trkpt lat="33.198238" lon="-96.866557" />
      <trkpt lat="33.198232" lon="-96.866556" />
      <trkpt lat="33.198226" lon="-96.866555" />
      <trkpt lat="33.198223" lon="-96.866554" />
      <trkpt lat="33.198220" lon="-96.866554" />
      <trkpt lat="33.198217" lon="-96.866555" />
      <trkpt lat="33.198214" lon="-96.866556" />
      <trkpt lat="33.198212" lon="-96.866558" />
      <trkpt lat="33.198209" lon="-96.866560" />
      <trkpt lat="33.198207" lon="-96.866562" />
      <trkpt lat="33.198205" lon="-96.866566" />
      <trkpt lat="33.198204" lon="-96.866571" />
      <trkpt lat="33.198203" lon="-96.866576" />
      <trkpt lat="33.198203" lon="-96.866581" />
      <trkpt lat="33.198204" lon="-96.866585" />
      <trkpt lat="33.198205" lon="-96.866590" />
      <trkpt lat="33.198207" lon="-96.866594" />
      <trkpt lat="33.198209" lon="-96.866598" />
      <trkpt lat="33.198220" lon="-96.866613" />
      <trkpt lat="33.198232" lon="-96.866625" />
      <trkpt lat="33.198245" lon="-96.866635" />
      <trkpt lat="33.198252" lon="-96.866638" />
      <trkpt lat="33.198259" lon="-96.866640" />
      <trkpt lat="33.198266" lon="-96.866640" />
      <trkpt lat="33.198273" lon="-96.866640" />
      <trkpt lat="33.198279" lon="-96.866637" />
      <trkpt lat="33.198286" lon="-96.866634" />
      <trkpt lat="33.198291" lon="-96.866630" />
      <trkpt lat="33.198300" lon="-96.866618" />
      <trkpt lat="33.198308" lon="-96.866605" />
      <trkpt lat="33.198324" lon="-96.866574" />
      <trkpt lat="33.198343" lon="-96.866545" />
      <trkpt lat="33.198350" lon="-96.866539" />
      <trkpt lat="33.198359" lon="-96.866533" />
      <trkpt lat="33.198367" lon="-96.866530" />
      <trkpt lat="33.198376" lon="-96.866528" />
      <trkpt lat="33.198385" lon="-96.866527" />
      <trkpt lat="33.198395" lon="-96.866529" />
      <trkpt lat="33.198403" lon="-96.866533" />
      <trkpt lat="33.198414" lon="-96.866540" />
      <trkpt lat="33.198423" lon="-96.866548" />
      <trkpt lat="33.198432" lon="-96.866559" />
      <trkpt lat="33.198439" lon="-96.866570" />
      <trkpt lat="33.198443" lon="-96.866581" />
      <trkpt lat="33.198446" lon="-96.866593" />
      <trkpt lat="33.198447" lon="-96.866605" />
      <trkpt lat="33.198445" lon="-96.866615" />
      <trkpt lat="33.198442" lon="-96.866625" />
      <trkpt lat="33.198437" lon="-96.866634" />
      <trkpt lat="33.198431" lon="-96.866642" />
      <trkpt lat="33.198424" lon="-96.866650" />
      <trkpt lat="33.198417" lon="-96.866655" />
      <trkpt lat="33.198409" lon="-96.866660" />
      <trkpt lat="33.198393" lon="-96.866674" />
      <trkpt lat="33.198380" lon="-96.866690" />
      <trkpt lat="33.198370" lon="-96.866710" />
      <trkpt lat="33.198362" lon="-96.866731" />
      <trkpt lat="33.198357" lon="-96.866753" />
      <trkpt lat="33.198357" lon="-96.866758" />
      <trkpt lat="33.198358" lon="-96.866762" />
      <trkpt lat="33.198359" lon="-96.866767" />
      <trkpt lat="33.198361" lon="-96.866771" />
      <trkpt lat="33.198364" lon="-96.866775" />
      <trkpt lat="33.198367" lon="-96.866779" />
      <trkpt lat="33.198370" lon="-96.866781" />
      <trkpt lat="33.198374" lon="-96.866783" />
      <trkpt lat="33.198378" lon="-96.866784" />
      <trkpt lat="33.198382" lon="-96.866785" />
      <trkpt lat="33.198386" lon="-96.866784" />
      <trkpt lat="33.198398" lon="-96.866778" />
      <trkpt lat="33.198409" lon="-96.866770" />
      <trkpt lat="33.198438" lon="-96.866749" />
      <trkpt lat="33.198464" lon="-96.866724" />
      <trkpt lat="33.198486" lon="-96.866693" />
      <trkpt lat="33.198503" lon="-96.866659" />
      <trkpt lat="33.198512" lon="-96.866596" />
      <trkpt lat="33.198525" lon="-96.866534" />
      <trkpt lat="33.198529" lon="-96.866523" />
      <trkpt lat="33.198534" lon="-96.866512" />
      <trkpt lat="33.198540" lon="-96.866503" />
      <trkpt lat="33.198547" lon="-96.866495" />
      <trkpt lat="33.198555" lon="-96.866489" />
      <trkpt lat="33.198564" lon="-96.866484" />
      <trkpt lat="33.198579" lon="-96.866480" />
      <trkpt lat="33.198594" lon="-96.866480" />
      <trkpt lat="33.198609" lon="-96.866482" />
      <trkpt lat="33.198617" lon="-96.866488" />
      <trkpt lat="33.198623" lon="-96.866495" />
      <trkpt lat="33.198629" lon="-96.866504" />
      <trkpt lat="33.198634" lon="-96.866514" />
      <trkpt lat="33.198637" lon="-96.866524" />
      <trkpt lat="33.198638" lon="-96.866535" />
      <trkpt lat="33.198638" lon="-96.866547" />
      <trkpt lat="33.198636" lon="-96.866557" />
      <trkpt lat="33.198634" lon="-96.866589" />
      <trkpt lat="33.198636" lon="-96.866621" />
      <trkpt lat="33.198642" lon="-96.866652" />
      <trkpt lat="33.198653" lon="-96.866691" />
      <trkpt lat="33.198656" lon="-96.866706" />
      <trkpt lat="33.198657" lon="-96.866721" />
      <trkpt lat="33.198656" lon="-96.866736" />
      <trkpt lat="33.198653" lon="-96.866751" />
      <trkpt lat="33.198648" lon="-96.866765" />
      <trkpt lat="33.198645" lon="-96.866771" />
      <trkpt lat="33.198642" lon="-96.866777" />
      <trkpt lat="33.198640" lon="-96.866784" />
      <trkpt lat="33.198639" lon="-96.866792" />
      <trkpt lat="33.198639" lon="-96.866799" />
      <trkpt lat="33.198640" lon="-96.866808" />
      <trkpt lat="33.198639" lon="-96.866817" />
      <trkpt lat="33.198638" lon="-96.866826" />
      <trkpt lat="33.198635" lon="-96.866834" />
      <trkpt lat="33.198634" lon="-96.866841" />
      <trkpt lat="33.198632" lon="-96.866848" />
      <trkpt lat="33.198630" lon="-96.866855" />
      <trkpt lat="33.198626" lon="-96.866860" />
      <trkpt lat="33.198620" lon="-96.866861" />
      <trkpt lat="33.198614" lon="-96.866862" />
      <trkpt lat="33.198609" lon="-96.866860" />
      <trkpt lat="33.198603" lon="-96.866858" />
      <trkpt lat="33.198598" lon="-96.866855" />
      <trkpt lat="33.198593" lon="-96.866851" />
      <trkpt lat="33.198587" lon="-96.866847" />
      <trkpt lat="33.198580" lon="-96.866844" />
      <trkpt lat="33.198573" lon="-96.866843" />
      <trkpt lat="33.198566" lon="-96.866843" />
      <trkpt lat="33.198559" lon="-96.866844" />
      <trkpt lat="33.198552" lon="-96.866847" />
      <trkpt lat="33.198545" lon="-96.866851" />
      <trkpt lat="33.198485" lon="-96.866874" />
      <trkpt lat="33.198460" lon="-96.866884" />
      <trkpt lat="33.198437" lon="-96.866899" />
      <trkpt lat="33.198416" lon="-96.866918" />
      <trkpt lat="33.198398" lon="-96.866941" />
      <trkpt lat="33.198390" lon="-96.866952" />
      <trkpt lat="33.198384" lon="-96.866964" />
      <trkpt lat="33.198380" lon="-96.866978" />
      <trkpt lat="33.198378" lon="-96.866992" />
      <trkpt lat="33.198378" lon="-96.867006" />
      <trkpt lat="33.198379" lon="-96.867020" />
      <trkpt lat="33.198383" lon="-96.867033" />
      <trkpt lat="33.198389" lon="-96.867046" />
      <trkpt lat="33.198396" lon="-96.867057" />
      <trkpt lat="33.198403" lon="-96.867071" />
      <trkpt lat="33.198408" lon="-96.867086" />
      <trkpt lat="33.198411" lon="-96.867102" />
      <trkpt lat="33.198412" lon="-96.867118" />
      <trkpt lat="33.198413" lon="-96.867141" />
      <trkpt lat="33.198416" lon="-96.867150" />
      <trkpt lat="33.198420" lon="-96.867158" />
      <trkpt lat="33.198425" lon="-96.867166" />
      <trkpt lat="33.198431" lon="-96.867172" />
      <trkpt lat="33.198439" lon="-96.867176" />
      <trkpt lat="33.198446" lon="-96.867180" />
      <trkpt lat="33.198454" lon="-96.867181" />
      <trkpt lat="33.198487" lon="-96.867183" />
      <trkpt lat="33.198516" lon="-96.867182" />
      <trkpt lat="33.198526" lon="-96.867179" />
      <trkpt lat="33.198535" lon="-96.867175" />
      <trkpt lat="33.198543" lon="-96.867169" />
      <trkpt lat="33.198551" lon="-96.867161" />
      <trkpt lat="33.198557" lon="-96.867153" />
      <trkpt lat="33.198563" lon="-96.867143" />
      <trkpt lat="33.198573" lon="-96.867121" />
      <trkpt lat="33.198628" lon="-96.866959" />
      <trkpt lat="33.198631" lon="-96.866951" />
      <trkpt lat="33.198635" lon="-96.866943" />
      <trkpt lat="33.198640" lon="-96.866937" />
      <trkpt lat="33.198646" lon="-96.866932" />
      <trkpt lat="33.198652" lon="-96.866927" />
      <trkpt lat="33.198659" lon="-96.866924" />
      <trkpt lat="33.198666" lon="-96.866923" />
      <trkpt lat="33.198674" lon="-96.866923" />
      <trkpt lat="33.198681" lon="-96.866924" />
      <trkpt lat="33.198786" lon="-96.866983" />
      <trkpt lat="33.198795" lon="-96.866988" />
      <trkpt lat="33.198804" lon="-96.866990" />
      <trkpt lat="33.198813" lon="-96.866991" />
      <trkpt lat="33.198823" lon="-96.866990" />
      <trkpt lat="33.198832" lon="-96.866987" />
      <trkpt lat="33.198840" lon="-96.866982" />
      <trkpt lat="33.198848" lon="-96.866976" />
      <trkpt lat="33.198879" lon="-96.866944" />
      <trkpt lat="33.198907" lon="-96.866918" />
      <trkpt lat="33.198917" lon="-96.866912" />
      <trkpt lat="33.198927" lon="-96.866908" />
      <trkpt lat="33.198938" lon="-96.866907" />
      <trkpt lat="33.198949" lon="-96.866907" />
      <trkpt lat="33.198960" lon="-96.866910" />
      <trkpt lat="33.198971" lon="-96.866914" />
      <trkpt lat="33.198980" lon="-96.866920" />
      <trkpt lat="33.198987" lon="-96.866926" />
      <trkpt lat="33.198992" lon="-96.866933" />
      <trkpt lat="33.198996" lon="-96.866941" />
      <trkpt lat="33.199000" lon="-96.866950" />
      <trkpt lat="33.199002" lon="-96.866959" />
      <trkpt lat="33.199003" lon="-96.866969" />
      <trkpt lat="33.199001" lon="-96.866987" />
      <trkpt lat="33.198998" lon="-96.867005" />
      <trkpt lat="33.198992" lon="-96.867022" />
      <trkpt lat="33.198975" lon="-96.867078" />
      <trkpt lat="33.198958" lon="-96.867114" />
      <trkpt lat="33.198937" lon="-96.867148" />
      <trkpt lat="33.198912" lon="-96.867177" />
      <trkpt lat="33.198871" lon="-96.867220" />
      <trkpt lat="33.198863" lon="-96.867227" />
      <trkpt lat="33.198857" lon="-96.867234" />
      <trkpt lat="33.198851" lon="-96.867243" />
      <trkpt lat="33.198847" lon="-96.867253" />
      <trkpt lat="33.198844" lon="-96.867263" />
      <trkpt lat="33.198842" lon="-96.867274" />
      <trkpt lat="33.198842" lon="-96.867285" />
      <trkpt lat="33.198843" lon="-96.867296" />
      <trkpt lat="33.198845" lon="-96.867310" />
      <trkpt lat="33.198849" lon="-96.867323" />
      <trkpt lat="33.198854" lon="-96.867336" />
      <trkpt lat="33.198861" lon="-96.867348" />
      <trkpt lat="33.198873" lon="-96.867364" />
      <trkpt lat="33.198888" lon="-96.867378" />
      <trkpt lat="33.198894" lon="-96.867382" />
      <trkpt lat="33.198902" lon="-96.867385" />
      <trkpt lat="33.198909" lon="-96.867387" />
      <trkpt lat="33.198917" lon="-96.867387" />
      <trkpt lat="33.198924" lon="-96.867386" />
      <trkpt lat="33.198933" lon="-96.867382" />
      <trkpt lat="33.198941" lon="-96.867377" />
      <trkpt lat="33.198949" lon="-96.867370" />
      <trkpt lat="33.198956" lon="-96.867363" />
      <trkpt lat="33.198969" lon="-96.867342" />
      <trkpt lat="33.198992" lon="-96.867304" />
      <trkpt lat="33.198999" lon="-96.867295" />
      <trkpt lat="33.199008" lon="-96.867287" />
      <trkpt lat="33.199017" lon="-96.867281" />
      <trkpt lat="33.199027" lon="-96.867277" />
      <trkpt lat="33.199038" lon="-96.867275" />
      <trkpt lat="33.199049" lon="-96.867275" />
      <trkpt lat="33.199101" lon="-96.867271" />
      <trkpt lat="33.199106" lon="-96.867271" />
      <trkpt lat="33.199110" lon="-96.867271" />
      <trkpt lat="33.199115" lon="-96.867273" />
      <trkpt lat="33.199119" lon="-96.867275" />
      <trkpt lat="33.199123" lon="-96.867279" />
      <trkpt lat="33.199127" lon="-96.867283" />
      <trkpt lat="33.199129" lon="-96.867287" />
      <trkpt lat="33.199131" lon="-96.867292" />
      <trkpt lat="33.199133" lon="-96.867298" />
      <trkpt lat="33.199133" lon="-96.867304" />
      <trkpt lat="33.199133" lon="-96.867309" />
      <trkpt lat="33.199132" lon="-96.867315" />
      <trkpt lat="33.199130" lon="-96.867320" />
      <trkpt lat="33.199128" lon="-96.867325" />
      <trkpt lat="33.199125" lon="-96.867329" />
      <trkpt lat="33.199121" lon="-96.867333" />
      <trkpt lat="33.199099" lon="-96.867352" />
      <trkpt lat="33.199078" lon="-96.867374" />
      <trkpt lat="33.199060" lon="-96.867393" />
      <trkpt lat="33.199045" lon="-96.867414" />
      <trkpt lat="33.199033" lon="-96.867438" />
      <trkpt lat="33.199023" lon="-96.867463" />
      <trkpt lat="33.199015" lon="-96.867480" />
      <trkpt lat="33.199006" lon="-96.867495" />
      <trkpt lat="33.198994" lon="-96.867508" />
      <trkpt lat="33.198978" lon="-96.867527" />
      <trkpt lat="33.198975" lon="-96.867531" />
      <trkpt lat="33.198972" lon="-96.867536" />
      <trkpt lat="33.198971" lon="-96.867542" />
      <trkpt lat="33.198970" lon="-96.867547" />
      <trkpt lat="33.198970" lon="-96.867553" />
      <trkpt lat="33.198971" lon="-96.867559" />
      <trkpt lat="33.198972" lon="-96.867564" />
      <trkpt lat="33.198975" lon="-96.867569" />
      <trkpt lat="33.198982" lon="-96.867577" />
      <trkpt lat="33.198989" lon="-96.867583" />
      <trkpt lat="33.198998" lon="-96.867588" />
      <trkpt lat="33.199007" lon="-96.867591" />
      <trkpt lat="33.199017" lon="-96.867593" />
      <trkpt lat="33.199026" lon="-96.867593" />
      <trkpt lat="33.199050" lon="-96.867588" />
      <trkpt lat="33.199057" lon="-96.867586" />
      <trkpt lat="33.199064" lon="-96.867585" />
      <trkpt lat="33.199072" lon="-96.867585" />
      <trkpt lat="33.199079" lon="-96.867587" />
      <trkpt lat="33.199086" lon="-96.867590" />
      <trkpt lat="33.199093" lon="-96.867594" />
      <trkpt lat="33.199099" lon="-96.867600" />
      <trkpt lat="33.199104" lon="-96.867606" />
      <trkpt lat="33.199113" lon="-96.867615" />
      <trkpt lat="33.199118" lon="-96.867618" />
      <trkpt lat="33.199123" lon="-96.867621" />
      <trkpt lat="33.199129" lon="-96.867622" />
      <trkpt lat="33.199135" lon="-96.867622" />
      <trkpt lat="33.199141" lon="-96.867620" />
      <trkpt lat="33.199147" lon="-96.867618" />
      <trkpt lat="33.199152" lon="-96.867614" />
      <trkpt lat="33.199157" lon="-96.867610" />
      <trkpt lat="33.199160" lon="-96.867604" />
      <trkpt lat="33.199163" lon="-96.867598" />
      <trkpt lat="33.199165" lon="-96.867591" />
      <trkpt lat="33.199166" lon="-96.867584" />
      <trkpt lat="33.199173" lon="-96.867557" />
      <trkpt lat="33.199184" lon="-96.867532" />
      <trkpt lat="33.199197" lon="-96.867509" />
      <trkpt lat="33.199203" lon="-96.867501" />
      <trkpt lat="33.199210" lon="-96.867495" />
      <trkpt lat="33.199217" lon="-96.867490" />
      <trkpt lat="33.199225" lon="-96.867487" />
      <trkpt lat="33.199233" lon="-96.867485" />
      <trkpt lat="33.199241" lon="-96.867485" />
      <trkpt lat="33.199250" lon="-96.867486" />
      <trkpt lat="33.199261" lon="-96.867491" />
      <trkpt lat="33.199271" lon="-96.867497" />
      <trkpt lat="33.199280" lon="-96.867506" />
      <trkpt lat="33.199288" lon="-96.867516" />
      <trkpt lat="33.199293" lon="-96.867525" />
      <trkpt lat="33.199296" lon="-96.867535" />
      <trkpt lat="33.199299" lon="-96.867545" />
      <trkpt lat="33.199300" lon="-96.867555" />
      <trkpt lat="33.199299" lon="-96.867562" />
      <trkpt lat="33.199298" lon="-96.867569" />
      <trkpt lat="33.199295" lon="-96.867576" />
      <trkpt lat="33.199292" lon="-96.867582" />
      <trkpt lat="33.199288" lon="-96.867587" />
      <trkpt lat="33.199283" lon="-96.867591" />
      <trkpt lat="33.199278" lon="-96.867595" />
      <trkpt lat="33.199272" lon="-96.867598" />
      <trkpt lat="33.199217" lon="-96.867643" />
      <trkpt lat="33.199212" lon="-96.867647" />
      <trkpt lat="33.199207" lon="-96.867652" />
      <trkpt lat="33.199203" lon="-96.867657" />
      <trkpt lat="33.199200" lon="-96.867664" />
      <trkpt lat="33.199198" lon="-96.867671" />
      <trkpt lat="33.199197" lon="-96.867678" />
      <trkpt lat="33.199197" lon="-96.867686" />
      <trkpt lat="33.199199" lon="-96.867693" />
      <trkpt lat="33.199201" lon="-96.867700" />
      <trkpt lat="33.199206" lon="-96.867707" />
      <trkpt lat="33.199211" lon="-96.867713" />
      <trkpt lat="33.199218" lon="-96.867718" />
      <trkpt lat="33.199225" lon="-96.867721" />
      <trkpt lat="33.199232" lon="-96.867724" />
      <trkpt lat="33.199240" lon="-96.867724" />
      <trkpt lat="33.199247" lon="-96.867723" />
      <trkpt lat="33.199255" lon="-96.867721" />
      <trkpt lat="33.199274" lon="-96.867723" />
      <trkpt lat="33.199293" lon="-96.867729" />
      <trkpt lat="33.199311" lon="-96.867737" />
      <trkpt lat="33.199327" lon="-96.867749" />
      <trkpt lat="33.199385" lon="-96.867791" />
      <trkpt lat="33.199405" lon="-96.867801" />
      <trkpt lat="33.199426" lon="-96.867808" />
      <trkpt lat="33.199448" lon="-96.867811" />
      <trkpt lat="33.199469" lon="-96.867810" />
      <trkpt lat="33.199506" lon="-96.867807" />
      <trkpt lat="33.199543" lon="-96.867808" />
      <trkpt lat="33.199580" lon="-96.867817" />
      <trkpt lat="33.199598" lon="-96.867819" />
      <trkpt lat="33.199615" lon="-96.867819" />
      <trkpt lat="33.199632" lon="-96.867814" />
      <trkpt lat="33.199649" lon="-96.867807" />
      <trkpt lat="33.199664" lon="-96.867796" />
      <trkpt lat="33.199677" lon="-96.867782" />
      <trkpt lat="33.199688" lon="-96.867766" />
      <trkpt lat="33.199715" lon="-96.867714" />
      <trkpt lat="33.199733" lon="-96.867683" />
      <trkpt lat="33.199755" lon="-96.867657" />
      <trkpt lat="33.199780" lon="-96.867634" />
      <trkpt lat="33.199808" lon="-96.867617" />
      <trkpt lat="33.199840" lon="-96.867611" />
      <trkpt lat="33.199873" lon="-96.867612" />
      <trkpt lat="33.199905" lon="-96.867618" />
      <trkpt lat="33.199941" lon="-96.867619" />
      <trkpt lat="33.199978" lon="-96.867614" />
      <trkpt lat="33.200013" lon="-96.867603" />
      <trkpt lat="33.200046" lon="-96.867587" />
      <trkpt lat="33.200062" lon="-96.867576" />
      <trkpt lat="33.200078" lon="-96.867569" />
      <trkpt lat="33.200095" lon="-96.867564" />
      <trkpt lat="33.200113" lon="-96.867563" />
      <trkpt lat="33.200130" lon="-96.867565" />
      <trkpt lat="33.200166" lon="-96.867573" />
      <trkpt lat="33.200201" lon="-96.867586" />
      <trkpt lat="33.200235" lon="-96.867604" />
      <trkpt lat="33.200253" lon="-96.867611" />
      <trkpt lat="33.200273" lon="-96.867615" />
      <trkpt lat="33.200293" lon="-96.867615" />
      <trkpt lat="33.200313" lon="-96.867611" />
      <trkpt lat="33.200331" lon="-96.867604" />
      <trkpt lat="33.200349" lon="-96.867593" />
      <trkpt lat="33.200370" lon="-96.867576" />
      <trkpt lat="33.200389" lon="-96.867557" />
      <trkpt lat="33.200405" lon="-96.867534" />
      <trkpt lat="33.200419" lon="-96.867509" />
      <trkpt lat="33.200429" lon="-96.867481" />
      <trkpt lat="33.200442" lon="-96.867460" />
      <trkpt lat="33.200457" lon="-96.867442" />
      <trkpt lat="33.200474" lon="-96.867428" />
      <trkpt lat="33.200494" lon="-96.867417" />
      <trkpt lat="33.200549" lon="-96.867387" />
      <trkpt lat="33.200665" lon="-96.867340" />
      <trkpt lat="33.200678" lon="-96.867330" />
      <trkpt lat="33.200691" lon="-96.867317" />
      <trkpt lat="33.200701" lon="-96.867302" />
      <trkpt lat="33.200709" lon="-96.867286" />
      <trkpt lat="33.200715" lon="-96.867268" />
      <trkpt lat="33.200716" lon="-96.867248" />
      <trkpt lat="33.200714" lon="-96.867229" />
      <trkpt lat="33.200710" lon="-96.867210" />
      <trkpt lat="33.200705" lon="-96.867192" />
      <trkpt lat="33.200700" lon="-96.867186" />
      <trkpt lat="33.200695" lon="-96.867180" />
      <trkpt lat="33.200690" lon="-96.867176" />
      <trkpt lat="33.200683" lon="-96.867173" />
      <trkpt lat="33.200677" lon="-96.867171" />
      <trkpt lat="33.200670" lon="-96.867170" />
      <trkpt lat="33.200663" lon="-96.867171" />
      <trkpt lat="33.200657" lon="-96.867173" />
      <trkpt lat="33.200651" lon="-96.867176" />
      <trkpt lat="33.200645" lon="-96.867180" />
      <trkpt lat="33.200615" lon="-96.867211" />
      <trkpt lat="33.200585" lon="-96.867232" />
      <trkpt lat="33.200553" lon="-96.867246" />
      <trkpt lat="33.200519" lon="-96.867254" />
      <trkpt lat="33.200484" lon="-96.867255" />
      <trkpt lat="33.200395" lon="-96.867246" />
      <trkpt lat="33.200382" lon="-96.867248" />
      <trkpt lat="33.200368" lon="-96.867252" />
      <trkpt lat="33.200356" lon="-96.867258" />
      <trkpt lat="33.200344" lon="-96.867268" />
      <trkpt lat="33.200334" lon="-96.867279" />
      <trkpt lat="33.200322" lon="-96.867300" />
      <trkpt lat="33.200307" lon="-96.867319" />
      <trkpt lat="33.200290" lon="-96.867336" />
      <trkpt lat="33.200271" lon="-96.867349" />
      <trkpt lat="33.200261" lon="-96.867352" />
      <trkpt lat="33.200251" lon="-96.867353" />
      <trkpt lat="33.200240" lon="-96.867351" />
      <trkpt lat="33.200231" lon="-96.867347" />
      <trkpt lat="33.200222" lon="-96.867342" />
      <trkpt lat="33.200196" lon="-96.867324" />
      <trkpt lat="33.200160" lon="-96.867301" />
      <trkpt lat="33.200151" lon="-96.867297" />
      <trkpt lat="33.200141" lon="-96.867295" />
      <trkpt lat="33.200131" lon="-96.867294" />
      <trkpt lat="33.200121" lon="-96.867295" />
      <trkpt lat="33.200112" lon="-96.867298" />
      <trkpt lat="33.200103" lon="-96.867302" />
      <trkpt lat="33.200094" lon="-96.867309" />
      <trkpt lat="33.200087" lon="-96.867316" />
      <trkpt lat="33.200061" lon="-96.867344" />
      <trkpt lat="33.200032" lon="-96.867367" />
      <trkpt lat="33.200016" lon="-96.867374" />
      <trkpt lat="33.199999" lon="-96.867379" />
      <trkpt lat="33.199981" lon="-96.867381" />
      <trkpt lat="33.199964" lon="-96.867379" />
      <trkpt lat="33.199937" lon="-96.867367" />
      <trkpt lat="33.199913" lon="-96.867349" />
      <trkpt lat="33.199890" lon="-96.867328" />
      <trkpt lat="33.199878" lon="-96.867309" />
      <trkpt lat="33.199868" lon="-96.867288" />
      <trkpt lat="33.199861" lon="-96.867265" />
      <trkpt lat="33.199809" lon="-96.867130" />
      <trkpt lat="33.199806" lon="-96.867121" />
      <trkpt lat="33.199802" lon="-96.867112" />
      <trkpt lat="33.199797" lon="-96.867105" />
      <trkpt lat="33.199792" lon="-96.867099" />
      <trkpt lat="33.199785" lon="-96.867093" />
      <trkpt lat="33.199778" lon="-96.867089" />
      <trkpt lat="33.199770" lon="-96.867087" />
      <trkpt lat="33.199762" lon="-96.867086" />
      <trkpt lat="33.199711" lon="-96.867088" />
      <trkpt lat="33.199691" lon="-96.867096" />
      <trkpt lat="33.199672" lon="-96.867107" />
      <trkpt lat="33.199654" lon="-96.867122" />
      <trkpt lat="33.199639" lon="-96.867140" />
      <trkpt lat="33.199626" lon="-96.867160" />
      <trkpt lat="33.199615" lon="-96.867182" />
      <trkpt lat="33.199609" lon="-96.867201" />
      <trkpt lat="33.199605" lon="-96.867221" />
      <trkpt lat="33.199603" lon="-96.867241" />
      <trkpt lat="33.199605" lon="-96.867262" />
      <trkpt lat="33.199609" lon="-96.867282" />
      <trkpt lat="33.199614" lon="-96.867315" />
      <trkpt lat="33.199614" lon="-96.867340" />
      <trkpt lat="33.199610" lon="-96.867366" />
      <trkpt lat="33.199603" lon="-96.867390" />
      <trkpt lat="33.199593" lon="-96.867413" />
      <trkpt lat="33.199580" lon="-96.867434" />
      <trkpt lat="33.199564" lon="-96.867452" />
      <trkpt lat="33.199547" lon="-96.867467" />
      <trkpt lat="33.199537" lon="-96.867473" />
      <trkpt lat="33.199527" lon="-96.867478" />
      <trkpt lat="33.199517" lon="-96.867481" />
      <trkpt lat="33.199506" lon="-96.867482" />
      <trkpt lat="33.199496" lon="-96.867481" />
      <trkpt lat="33.199476" lon="-96.867473" />
      <trkpt lat="33.199458" lon="-96.867461" />
      <trkpt lat="33.199441" lon="-96.867447" />
      <trkpt lat="33.199432" lon="-96.867438" />
      <trkpt lat="33.199425" lon="-96.867427" />
      <trkpt lat="33.199419" lon="-96.867416" />
      <trkpt lat="33.199415" lon="-96.867403" />
      <trkpt lat="33.199412" lon="-96.867390" />
      <trkpt lat="33.199412" lon="-96.867376" />
      <trkpt lat="33.199413" lon="-96.867363" />
      <trkpt lat="33.199418" lon="-96.867308" />
      <trkpt lat="33.199417" lon="-96.867294" />
      <trkpt lat="33.199414" lon="-96.867280" />
      <trkpt lat="33.199409" lon="-96.867267" />
      <trkpt lat="33.199402" lon="-96.867255" />
      <trkpt lat="33.199393" lon="-96.867245" />
      <trkpt lat="33.199383" lon="-96.867237" />
      <trkpt lat="33.199373" lon="-96.867231" />
      <trkpt lat="33.199338" lon="-96.867214" />
      <trkpt lat="33.199306" lon="-96.867193" />
      <trkpt lat="33.199297" lon="-96.867184" />
      <trkpt lat="33.199290" lon="-96.867174" />
      <trkpt lat="33.199285" lon="-96.867162" />
      <trkpt lat="33.199281" lon="-96.867149" />
      <trkpt lat="33.199279" lon="-96.867136" />
      <trkpt lat="33.199279" lon="-96.867123" />
      <trkpt lat="33.199282" lon="-96.867105" />
      <trkpt lat="33.199287" lon="-96.867087" />
      <trkpt lat="33.199294" lon="-96.867072" />
      <trkpt lat="33.199304" lon="-96.867057" />
      <trkpt lat="33.199315" lon="-96.867045" />
      <trkpt lat="33.199328" lon="-96.867036" />
      <trkpt lat="33.199343" lon="-96.867029" />
      <trkpt lat="33.199357" lon="-96.867025" />
      <trkpt lat="33.199373" lon="-96.867024" />
      <trkpt lat="33.199388" lon="-96.867026" />
      <trkpt lat="33.199440" lon="-96.867047" />
      <trkpt lat="33.199453" lon="-96.867051" />
      <trkpt lat="33.199467" lon="-96.867052" />
      <trkpt lat="33.199481" lon="-96.867051" />
      <trkpt lat="33.199494" lon="-96.867047" />
      <trkpt lat="33.199507" lon="-96.867040" />
      <trkpt lat="33.199518" lon="-96.867031" />
      <trkpt lat="33.199532" lon="-96.867022" />
      <trkpt lat="33.199546" lon="-96.867017" />
      <trkpt lat="33.199561" lon="-96.867014" />
      <trkpt lat="33.199577" lon="-96.867014" />
      <trkpt lat="33.199602" lon="-96.867016" />
      <trkpt lat="33.199609" lon="-96.867015" />
      <trkpt lat="33.199616" lon="-96.867013" />
      <trkpt lat="33.199622" lon="-96.867009" />
      <trkpt lat="33.199628" lon="-96.867004" />
      <trkpt lat="33.199633" lon="-96.866998" />
      <trkpt lat="33.199637" lon="-96.866991" />
      <trkpt lat="33.199640" lon="-96.866983" />
      <trkpt lat="33.199642" lon="-96.866975" />
      <trkpt lat="33.199642" lon="-96.866966" />
      <trkpt lat="33.199634" lon="-96.866912" />
      <trkpt lat="33.199628" lon="-96.866881" />
      <trkpt lat="33.199618" lon="-96.866851" />
      <trkpt lat="33.199606" lon="-96.866823" />
      <trkpt lat="33.199600" lon="-96.866814" />
      <trkpt lat="33.199593" lon="-96.866806" />
      <trkpt lat="33.199585" lon="-96.866800" />
      <trkpt lat="33.199576" lon="-96.866796" />
      <trkpt lat="33.199567" lon="-96.866793" />
      <trkpt lat="33.199545" lon="-96.866780" />
      <trkpt lat="33.199525" lon="-96.866763" />
      <trkpt lat="33.199507" lon="-96.866743" />
      <trkpt lat="33.199492" lon="-96.866720" />
      <trkpt lat="33.199480" lon="-96.866694" />
      <trkpt lat="33.199472" lon="-96.866667" />
      <trkpt lat="33.199467" lon="-96.866612" />
      <trkpt lat="33.199462" lon="-96.866595" />
      <trkpt lat="33.199456" lon="-96.866580" />
      <trkpt lat="33.199448" lon="-96.866566" />
      <trkpt lat="33.199441" lon="-96.866555" />
      <trkpt lat="33.199432" lon="-96.866546" />
      <trkpt lat="33.199423" lon="-96.866538" />
      <trkpt lat="33.199413" lon="-96.866532" />
      <trkpt lat="33.199397" lon="-96.866523" />
      <trkpt lat="33.199379" lon="-96.866518" />
      <trkpt lat="33.199362" lon="-96.866516" />
      <trkpt lat="33.199344" lon="-96.866517" />
      <trkpt lat="33.199335" lon="-96.866520" />
      <trkpt lat="33.199326" lon="-96.866524" />
      <trkpt lat="33.199318" lon="-96.866530" />
      <trkpt lat="33.199311" lon="-96.866537" />
      <trkpt lat="33.199305" lon="-96.866546" />
      <trkpt lat="33.199301" lon="-96.866556" />
      <trkpt lat="33.199297" lon="-96.866566" />
      <trkpt lat="33.199295" lon="-96.866577" />
      <trkpt lat="33.199295" lon="-96.866588" />
      <trkpt lat="33.199296" lon="-96.866600" />
      <trkpt lat="33.199298" lon="-96.866610" />
      <trkpt lat="33.199319" lon="-96.866660" />
      <trkpt lat="33.199324" lon="-96.866676" />
      <trkpt lat="33.199328" lon="-96.866693" />
      <trkpt lat="33.199329" lon="-96.866711" />
      <trkpt lat="33.199327" lon="-96.866727" />
      <trkpt lat="33.199323" lon="-96.866742" />
      <trkpt lat="33.199317" lon="-96.866756" />
      <trkpt lat="33.199309" lon="-96.866765" />
      <trkpt lat="33.199300" lon="-96.866773" />
      <trkpt lat="33.199290" lon="-96.866778" />
      <trkpt lat="33.199280" lon="-96.866781" />
      <trkpt lat="33.199269" lon="-96.866782" />
      <trkpt lat="33.199258" lon="-96.866781" />
      <trkpt lat="33.199247" lon="-96.866777" />
      <trkpt lat="33.199238" lon="-96.866772" />
      <trkpt lat="33.199228" lon="-96.866765" />
      <trkpt lat="33.199220" lon="-96.866757" />
      <trkpt lat="33.199212" lon="-96.866748" />
      <trkpt lat="33.199198" lon="-96.866733" />
      <trkpt lat="33.199183" lon="-96.866722" />
      <trkpt lat="33.199166" lon="-96.866714" />
      <trkpt lat="33.199149" lon="-96.866710" />
      <trkpt lat="33.199133" lon="-96.866708" />
      <trkpt lat="33.199117" lon="-96.866704" />
      <trkpt lat="33.199102" lon="-96.866696" />
      <trkpt lat="33.199089" lon="-96.866686" />
      <trkpt lat="33.199077" lon="-96.866673" />
      <trkpt lat="33.199067" lon="-96.866658" />
      <trkpt lat="33.199062" lon="-96.866641" />
      <trkpt lat="33.199054" lon="-96.866624" />
      <trkpt lat="33.199044" lon="-96.866609" />
      <trkpt lat="33.199033" lon="-96.866596" />
      <trkpt lat="33.199021" lon="-96.866585" />
      <trkpt lat="33.199012" lon="-96.866576" />
      <trkpt lat="33.199005" lon="-96.866566" />
      <trkpt lat="33.199000" lon="-96.866554" />
      <trkpt lat="33.198996" lon="-96.866542" />
      <trkpt lat="33.198993" lon="-96.866529" />
      <trkpt lat="33.198993" lon="-96.866516" />
      <trkpt lat="33.198994" lon="-96.866503" />
      <trkpt lat="33.198997" lon="-96.866490" />
      <trkpt lat="33.199031" lon="-96.866397" />
      <trkpt lat="33.199034" lon="-96.866380" />
      <trkpt lat="33.199035" lon="-96.866363" />
      <trkpt lat="33.199034" lon="-96.866346" />
      <trkpt lat="33.199031" lon="-96.866330" />
      <trkpt lat="33.199026" lon="-96.866314" />
      <trkpt lat="33.198987" lon="-96.866172" />
      <trkpt lat="33.198983" lon="-96.866154" />
      <trkpt lat="33.198981" lon="-96.866146" />
      <trkpt lat="33.198977" lon="-96.866139" />
      <trkpt lat="33.198973" lon="-96.866133" />
      <trkpt lat="33.198967" lon="-96.866128" />
      <trkpt lat="33.198962" lon="-96.866125" />
      <trkpt lat="33.198955" lon="-96.866122" />
      <trkpt lat="33.198949" lon="-96.866121" />
      <trkpt lat="33.198942" lon="-96.866121" />
      <trkpt lat="33.198935" lon="-96.866122" />
      <trkpt lat="33.198929" lon="-96.866125" />
      <trkpt lat="33.198923" lon="-96.866129" />
      <trkpt lat="33.198824" lon="-96.866202" />
      <trkpt lat="33.198810" lon="-96.866210" />
      <trkpt lat="33.198796" lon="-96.866215" />
      <trkpt lat="33.198781" lon="-96.866217" />
      <trkpt lat="33.198768" lon="-96.866212" />
      <trkpt lat="33.198757" lon="-96.866204" />
      <trkpt lat="33.198747" lon="-96.866195" />
      <trkpt lat="33.198738" lon="-96.866184" />
      <trkpt lat="33.198730" lon="-96.866171" />
      <trkpt lat="33.198724" lon="-96.866157" />
      <trkpt lat="33.198721" lon="-96.866142" />
      <trkpt lat="33.198719" lon="-96.866127" />
      <trkpt lat="33.198719" lon="-96.866101" />
      <trkpt lat="33.198721" lon="-96.866075" />
      <trkpt lat="33.198728" lon="-96.866050" />
      <trkpt lat="33.198730" lon="-96.866043" />
      <trkpt lat="33.198733" lon="-96.866037" />
      <trkpt lat="33.198737" lon="-96.866032" />
      <trkpt lat="33.198742" lon="-96.866027" />
      <trkpt lat="33.198747" lon="-96.866024" />
      <trkpt lat="33.198753" lon="-96.866021" />
      <trkpt lat="33.198759" lon="-96.866019" />
      <trkpt lat="33.198776" lon="-96.866013" />
      <trkpt lat="33.198779" lon="-96.866012" />
      <trkpt lat="33.198781" lon="-96.866010" />
      <trkpt lat="33.198784" lon="-96.866007" />
      <trkpt lat="33.198786" lon="-96.866004" />
      <trkpt lat="33.198787" lon="-96.866001" />
      <trkpt lat="33.198788" lon="-96.865997" />
      <trkpt lat="33.198788" lon="-96.865994" />
      <trkpt lat="33.198788" lon="-96.865990" />
      <trkpt lat="33.198788" lon="-96.865986" />
      <trkpt lat="33.198787" lon="-96.865983" />
      <trkpt lat="33.198785" lon="-96.865980" />
      <trkpt lat="33.198783" lon="-96.865977" />
      <trkpt lat="33.198781" lon="-96.865974" />
      <trkpt lat="33.198778" lon="-96.865973" />
      <trkpt lat="33.198775" lon="-96.865971" />
      <trkpt lat="33.198772" lon="-96.865971" />
      <trkpt lat="33.198721" lon="-96.865971" />
      <trkpt lat="33.198671" lon="-96.865978" />
      <trkpt lat="33.198663" lon="-96.865980" />
      <trkpt lat="33.198655" lon="-96.865980" />
      <trkpt lat="33.198647" lon="-96.865979" />
      <trkpt lat="33.198640" lon="-96.865975" />
      <trkpt lat="33.198632" lon="-96.865971" />
      <trkpt lat="33.198617" lon="-96.865962" />
      <trkpt lat="33.198602" lon="-96.865951" />
      <trkpt lat="33.198589" lon="-96.865937" />
      <trkpt lat="33.198578" lon="-96.865921" />
      <trkpt lat="33.198570" lon="-96.865903" />
      <trkpt lat="33.198547" lon="-96.865815" />
      <trkpt lat="33.198543" lon="-96.865806" />
      <trkpt lat="33.198538" lon="-96.865797" />
      <trkpt lat="33.198531" lon="-96.865790" />
      <trkpt lat="33.198523" lon="-96.865784" />
      <trkpt lat="33.198517" lon="-96.865781" />
      <trkpt lat="33.198511" lon="-96.865779" />
      <trkpt lat="33.198504" lon="-96.865778" />
      <trkpt lat="33.198497" lon="-96.865779" />
      <trkpt lat="33.198490" lon="-96.865781" />
      <trkpt lat="33.198484" lon="-96.865784" />
      <trkpt lat="33.198478" lon="-96.865788" />
      <trkpt lat="33.198473" lon="-96.865792" />
      <trkpt lat="33.198469" lon="-96.865798" />
      <trkpt lat="33.198466" lon="-96.865804" />
      <trkpt lat="33.198463" lon="-96.865811" />
      <trkpt lat="33.198462" lon="-96.865818" />
      <trkpt lat="33.198461" lon="-96.865825" />
      <trkpt lat="33.198461" lon="-96.865833" />
      <trkpt lat="33.198463" lon="-96.865840" />
      <trkpt lat="33.198465" lon="-96.865847" />
      <trkpt lat="33.198468" lon="-96.865853" />
      <trkpt lat="33.198470" lon="-96.865859" />
      <trkpt lat="33.198472" lon="-96.865865" />
      <trkpt lat="33.198472" lon="-96.865872" />
      <trkpt lat="33.198472" lon="-96.865879" />
      <trkpt lat="33.198470" lon="-96.865883" />
      <trkpt lat="33.198469" lon="-96.865886" />
      <trkpt lat="33.198466" lon="-96.865890" />
      <trkpt lat="33.198463" lon="-96.865893" />
      <trkpt lat="33.198460" lon="-96.865895" />
      <trkpt lat="33.198456" lon="-96.865897" />
      <trkpt lat="33.198451" lon="-96.865900" />
      <trkpt lat="33.198447" lon="-96.865904" />
      <trkpt lat="33.198444" lon="-96.865908" />
      <trkpt lat="33.198441" lon="-96.865913" />
      <trkpt lat="33.198418" lon="-96.865947" />
      <trkpt lat="33.198412" lon="-96.865955" />
      <trkpt lat="33.198408" lon="-96.865965" />
      <trkpt lat="33.198404" lon="-96.865976" />
      <trkpt lat="33.198403" lon="-96.865987" />
      <trkpt lat="33.198402" lon="-96.865998" />
      <trkpt lat="33.198404" lon="-96.866010" />
      <trkpt lat="33.198407" lon="-96.866020" />
      <trkpt lat="33.198411" lon="-96.866030" />
      <trkpt lat="33.198417" lon="-96.866039" />
      <trkpt lat="33.198438" lon="-96.866071" />
      <trkpt lat="33.198442" lon="-96.866081" />
      <trkpt lat="33.198445" lon="-96.866091" />
      <trkpt lat="33.198446" lon="-96.866102" />
      <trkpt lat="33.198446" lon="-96.866113" />
      <trkpt lat="33.198445" lon="-96.866124" />
      <trkpt lat="33.198442" lon="-96.866135" />
      <trkpt lat="33.198430" lon="-96.866149" />
      <trkpt lat="33.198417" lon="-96.866160" />
      <trkpt lat="33.198402" lon="-96.866170" />
      <trkpt lat="33.198392" lon="-96.866172" />
      <trkpt lat="33.198382" lon="-96.866173" />
      <trkpt lat="33.198371" lon="-96.866171" />
      <trkpt lat="33.198361" lon="-96.866168" />
      <trkpt lat="33.198352" lon="-96.866163" />
      <trkpt lat="33.198344" lon="-96.866156" />
      <trkpt lat="33.198336" lon="-96.866147" />
      <trkpt lat="33.198330" lon="-96.866132" />
      <trkpt lat="33.198325" lon="-96.866116" />
      <trkpt lat="33.198313" lon="-96.866087" />
      <trkpt lat="33.198298" lon="-96.866060" />
      <trkpt lat="33.198280" lon="-96.866035" />
      <trkpt lat="33.198259" lon="-96.866014" />
      <trkpt lat="33.198253" lon="-96.866009" />
      <trkpt lat="33.198247" lon="-96.866002" />
      <trkpt lat="33.198242" lon="-96.865995" />
      <trkpt lat="33.198239" lon="-96.865987" />
      <trkpt lat="33.198237" lon="-96.865978" />
      <trkpt lat="33.198236" lon="-96.865969" />
      <trkpt lat="33.198236" lon="-96.865960" />
      <trkpt lat="33.198237" lon="-96.865951" />
      <trkpt lat="33.198240" lon="-96.865943" />
      <trkpt lat="33.198244" lon="-96.865935" />
      <trkpt lat="33.198249" lon="-96.865928" />
      <trkpt lat="33.198255" lon="-96.865923" />
      <trkpt lat="33.198269" lon="-96.865913" />
      <trkpt lat="33.198281" lon="-96.865900" />
      <trkpt lat="33.198291" lon="-96.865885" />
      <trkpt lat="33.198298" lon="-96.865868" />
      <trkpt lat="33.198303" lon="-96.865850" />
      <trkpt lat="33.198306" lon="-96.865832" />
      <trkpt lat="33.198305" lon="-96.865813" />
      <trkpt lat="33.198302" lon="-96.865794" />
      <trkpt lat="33.198296" lon="-96.865776" />
      <trkpt lat="33.198288" lon="-96.865760" />
      <trkpt lat="33.198275" lon="-96.865750" />
      <trkpt lat="33.198261" lon="-96.865742" />
      <trkpt lat="33.198246" lon="-96.865737" />
      <trkpt lat="33.198241" lon="-96.865735" />
      <trkpt lat="33.198235" lon="-96.865733" />
      <trkpt lat="33.198230" lon="-96.865730" />
      <trkpt lat="33.198226" lon="-96.865725" />
      <trkpt lat="33.198222" lon="-96.865720" />
      <trkpt lat="33.198219" lon="-96.865714" />
      <trkpt lat="33.198207" lon="-96.865686" />
      <trkpt lat="33.198199" lon="-96.865655" />
      <trkpt lat="33.198199" lon="-96.865634" />
      <trkpt lat="33.198202" lon="-96.865613" />
      <trkpt lat="33.198208" lon="-96.865593" />
      <trkpt lat="33.198215" lon="-96.865573" />
      <trkpt lat="33.198225" lon="-96.865556" />
      <trkpt lat="33.198228" lon="-96.865550" />
      <trkpt lat="33.198230" lon="-96.865543" />
      <trkpt lat="33.198230" lon="-96.865537" />
      <trkpt lat="33.198230" lon="-96.865530" />
      <trkpt lat="33.198229" lon="-96.865523" />
      <trkpt lat="33.198227" lon="-96.865517" />
      <trkpt lat="33.198224" lon="-96.865511" />
      <trkpt lat="33.198220" lon="-96.865506" />
      <trkpt lat="33.198216" lon="-96.865502" />
      <trkpt lat="33.198209" lon="-96.865495" />
      <trkpt lat="33.198202" lon="-96.865488" />
      <trkpt lat="33.198197" lon="-96.865479" />
      <trkpt lat="33.198193" lon="-96.865470" />
      <trkpt lat="33.198192" lon="-96.865462" />
      <trkpt lat="33.198191" lon="-96.865454" />
      <trkpt lat="33.198189" lon="-96.865447" />
      <trkpt lat="33.198185" lon="-96.865440" />
      <trkpt lat="33.198180" lon="-96.865434" />
      <trkpt lat="33.198175" lon="-96.865429" />
      <trkpt lat="33.198141" lon="-96.865407" />
      <trkpt lat="33.198126" lon="-96.865400" />
      <trkpt lat="33.198112" lon="-96.865391" />
      <trkpt lat="33.198099" lon="-96.865379" />
      <trkpt lat="33.198088" lon="-96.865365" />
      <trkpt lat="33.198079" lon="-96.865349" />
      <trkpt lat="33.198076" lon="-96.865343" />
      <trkpt lat="33.198073" lon="-96.865337" />
      <trkpt lat="33.198069" lon="-96.865332" />
      <trkpt lat="33.198064" lon="-96.865328" />
      <trkpt lat="33.198058" lon="-96.865325" />
      <trkpt lat="33.198053" lon="-96.865323" />
      <trkpt lat="33.198047" lon="-96.865322" />
      <trkpt lat="33.198041" lon="-96.865323" />
      <trkpt lat="33.198035" lon="-96.865324" />
      <trkpt lat="33.197989" lon="-96.865349" />
      <trkpt lat="33.197937" lon="-96.865392" />
      <trkpt lat="33.197903" lon="-96.865415" />
      <trkpt lat="33.197867" lon="-96.865433" />
      <trkpt lat="33.197863" lon="-96.865434" />
      <trkpt lat="33.197858" lon="-96.865435" />
      <trkpt lat="33.197853" lon="-96.865435" />
      <trkpt lat="33.197849" lon="-96.865434" />
      <trkpt lat="33.197844" lon="-96.865432" />
      <trkpt lat="33.197840" lon="-96.865429" />
      <trkpt lat="33.197837" lon="-96.865426" />
      <trkpt lat="33.197834" lon="-96.865421" />
      <trkpt lat="33.197832" lon="-96.865417" />
      <trkpt lat="33.197830" lon="-96.865411" />
      <trkpt lat="33.197829" lon="-96.865406" />
      <trkpt lat="33.197829" lon="-96.865400" />
      <trkpt lat="33.197830" lon="-96.865395" />
      <trkpt lat="33.197831" lon="-96.865390" />
      <trkpt lat="33.197834" lon="-96.865385" />
      <trkpt lat="33.197837" lon="-96.865380" />
      <trkpt lat="33.197840" lon="-96.865377" />
      <trkpt lat="33.197863" lon="-96.865363" />
      <trkpt lat="33.197869" lon="-96.865357" />
      <trkpt lat="33.197875" lon="-96.865350" />
      <trkpt lat="33.197879" lon="-96.865342" />
      <trkpt lat="33.197882" lon="-96.865334" />
      <trkpt lat="33.197883" lon="-96.865325" />
      <trkpt lat="33.197884" lon="-96.865315" />
      <trkpt lat="33.197883" lon="-96.865306" />
      <trkpt lat="33.197879" lon="-96.865288" />
      <trkpt lat="33.197879" lon="-96.865270" />
      <trkpt lat="33.197880" lon="-96.865252" />
      <trkpt lat="33.197885" lon="-96.865235" />
      <trkpt lat="33.197891" lon="-96.865218" />
      <trkpt lat="33.197900" lon="-96.865203" />
      <trkpt lat="33.197910" lon="-96.865190" />
      <trkpt lat="33.197922" lon="-96.865179" />
      <trkpt lat="33.197936" lon="-96.865170" />
      <trkpt lat="33.197942" lon="-96.865166" />
      <trkpt lat="33.197948" lon="-96.865161" />
      <trkpt lat="33.197953" lon="-96.865155" />
      <trkpt lat="33.197957" lon="-96.865148" />
      <trkpt lat="33.197960" lon="-96.865140" />
      <trkpt lat="33.197962" lon="-96.865132" />
      <trkpt lat="33.197963" lon="-96.865126" />
      <trkpt lat="33.197963" lon="-96.865119" />
      <trkpt lat="33.197962" lon="-96.865112" />
      <trkpt lat="33.197960" lon="-96.865106" />
      <trkpt lat="33.197958" lon="-96.865100" />
      <trkpt lat="33.197954" lon="-96.865095" />
      <trkpt lat="33.197950" lon="-96.865091" />
      <trkpt lat="33.197945" lon="-96.865087" />
      <trkpt lat="33.197940" lon="-96.865085" />
      <trkpt lat="33.197934" lon="-96.865084" />
      <trkpt lat="33.197929" lon="-96.865084" />
      <trkpt lat="33.197923" lon="-96.865085" />
      <trkpt lat="33.197879" lon="-96.865109" />
      <trkpt lat="33.197873" lon="-96.865111" />
      <trkpt lat="33.197868" lon="-96.865115" />
      <trkpt lat="33.197863" lon="-96.865120" />
      <trkpt lat="33.197859" lon="-96.865126" />
      <trkpt lat="33.197856" lon="-96.865132" />
      <trkpt lat="33.197854" lon="-96.865139" />
      <trkpt lat="33.197853" lon="-96.865146" />
      <trkpt lat="33.197850" lon="-96.865160" />
      <trkpt lat="33.197844" lon="-96.865173" />
      <trkpt lat="33.197837" lon="-96.865185" />
      <trkpt lat="33.197829" lon="-96.865195" />
      <trkpt lat="33.197761" lon="-96.865233" />
      <trkpt lat="33.197739" lon="-96.865241" />
      <trkpt lat="33.197716" lon="-96.865246" />
      <trkpt lat="33.197692" lon="-96.865246" />
      <trkpt lat="33.197669" lon="-96.865242" />
      <trkpt lat="33.197653" lon="-96.865232" />
      <trkpt lat="33.197635" lon="-96.865226" />
      <trkpt lat="33.197617" lon="-96.865223" />
      <trkpt lat="33.197599" lon="-96.865223" />
      <trkpt lat="33.197581" lon="-96.865227" />
      <trkpt lat="33.197564" lon="-96.865235" />
      <trkpt lat="33.197536" lon="-96.865262" />
      <trkpt lat="33.197532" lon="-96.865267" />
      <trkpt lat="33.197528" lon="-96.865272" />
      <trkpt lat="33.197524" lon="-96.865275" />
      <trkpt lat="33.197519" lon="-96.865278" />
      <trkpt lat="33.197513" lon="-96.865280" />
      <trkpt lat="33.197508" lon="-96.865281" />
      <trkpt lat="33.197502" lon="-96.865280" />
      <trkpt lat="33.197497" lon="-96.865279" />
      <trkpt lat="33.197492" lon="-96.865276" />
      <trkpt lat="33.197477" lon="-96.865254" />
      <trkpt lat="33.197473" lon="-96.865248" />
      <trkpt lat="33.197468" lon="-96.865244" />
      <trkpt lat="33.197463" lon="-96.865240" />
      <trkpt lat="33.197457" lon="-96.865238" />
      <trkpt lat="33.197451" lon="-96.865237" />
      <trkpt lat="33.197445" lon="-96.865237" />
      <trkpt lat="33.197439" lon="-96.865238" />
      <trkpt lat="33.197422" lon="-96.865239" />
      <trkpt lat="33.197405" lon="-96.865243" />
      <trkpt lat="33.197389" lon="-96.865249" />
      <trkpt lat="33.197372" lon="-96.865259" />
      <trkpt lat="33.197357" lon="-96.865273" />
      <trkpt lat="33.197343" lon="-96.865289" />
      <trkpt lat="33.197336" lon="-96.865302" />
      <trkpt lat="33.197332" lon="-96.865317" />
      <trkpt lat="33.197329" lon="-96.865332" />
      <trkpt lat="33.197328" lon="-96.865348" />
      <trkpt lat="33.197329" lon="-96.865363" />
      <trkpt lat="33.197331" lon="-96.865374" />
      <trkpt lat="33.197335" lon="-96.865385" />
      <trkpt lat="33.197339" lon="-96.865395" />
      <trkpt lat="33.197346" lon="-96.865404" />
      <trkpt lat="33.197353" lon="-96.865411" />
      <trkpt lat="33.197361" lon="-96.865417" />
      <trkpt lat="33.197370" lon="-96.865422" />
      <trkpt lat="33.197379" lon="-96.865425" />
      <trkpt lat="33.197389" lon="-96.865426" />
      <trkpt lat="33.197398" lon="-96.865425" />
      <trkpt lat="33.197443" lon="-96.865417" />
      <trkpt lat="33.197454" lon="-96.865419" />
      <trkpt lat="33.197465" lon="-96.865422" />
      <trkpt lat="33.197476" lon="-96.865427" />
      <trkpt lat="33.197481" lon="-96.865429" />
      <trkpt lat="33.197486" lon="-96.865431" />
      <trkpt lat="33.197492" lon="-96.865431" />
      <trkpt lat="33.197498" lon="-96.865431" />
      <trkpt lat="33.197509" lon="-96.865430" />
      <trkpt lat="33.197521" lon="-96.865431" />
      <trkpt lat="33.197533" lon="-96.865434" />
      <trkpt lat="33.197544" lon="-96.865439" />
      <trkpt lat="33.197556" lon="-96.865452" />
      <trkpt lat="33.197567" lon="-96.865467" />
      <trkpt lat="33.197576" lon="-96.865485" />
      <trkpt lat="33.197582" lon="-96.865503" />
      <trkpt lat="33.197585" lon="-96.865523" />
      <trkpt lat="33.197586" lon="-96.865542" />
      <trkpt lat="33.197588" lon="-96.865551" />
      <trkpt lat="33.197591" lon="-96.865559" />
      <trkpt lat="33.197595" lon="-96.865567" />
      <trkpt lat="33.197600" lon="-96.865574" />
      <trkpt lat="33.197606" lon="-96.865579" />
      <trkpt lat="33.197617" lon="-96.865592" />
      <trkpt lat="33.197631" lon="-96.865602" />
      <trkpt lat="33.197645" lon="-96.865609" />
      <trkpt lat="33.197661" lon="-96.865613" />
      <trkpt lat="33.197677" lon="-96.865614" />
      <trkpt lat="33.197697" lon="-96.865614" />
      <trkpt lat="33.197718" lon="-96.865610" />
      <trkpt lat="33.197737" lon="-96.865603" />
      <trkpt lat="33.197756" lon="-96.865593" />
      <trkpt lat="33.197768" lon="-96.865586" />
      <trkpt lat="33.197780" lon="-96.865583" />
      <trkpt lat="33.197793" lon="-96.865582" />
      <trkpt lat="33.197806" lon="-96.865584" />
      <trkpt lat="33.197819" lon="-96.865588" />
      <trkpt lat="33.197833" lon="-96.865598" />
      <trkpt lat="33.197846" lon="-96.865610" />
      <trkpt lat="33.197857" lon="-96.865625" />
      <trkpt lat="33.197863" lon="-96.865635" />
      <trkpt lat="33.197868" lon="-96.865646" />
      <trkpt lat="33.197872" lon="-96.865658" />
      <trkpt lat="33.197874" lon="-96.865671" />
      <trkpt lat="33.197874" lon="-96.865683" />
      <trkpt lat="33.197872" lon="-96.865696" />
      <trkpt lat="33.197869" lon="-96.865708" />
      <trkpt lat="33.197864" lon="-96.865719" />
      <trkpt lat="33.197857" lon="-96.865729" />
      <trkpt lat="33.197850" lon="-96.865738" />
      <trkpt lat="33.197841" lon="-96.865745" />
      <trkpt lat="33.197820" lon="-96.865755" />
      <trkpt lat="33.197807" lon="-96.865762" />
      <trkpt lat="33.197794" lon="-96.865771" />
      <trkpt lat="33.197783" lon="-96.865782" />
      <trkpt lat="33.197779" lon="-96.865789" />
      <trkpt lat="33.197775" lon="-96.865797" />
      <trkpt lat="33.197773" lon="-96.865805" />
      <trkpt lat="33.197771" lon="-96.865814" />
      <trkpt lat="33.197771" lon="-96.865823" />
      <trkpt lat="33.197772" lon="-96.865832" />
      <trkpt lat="33.197774" lon="-96.865841" />
      <trkpt lat="33.197778" lon="-96.865849" />
      <trkpt lat="33.197783" lon="-96.865872" />
      <trkpt lat="33.197786" lon="-96.865895" />
      <trkpt lat="33.197784" lon="-96.865904" />
      <trkpt lat="33.197781" lon="-96.865912" />
      <trkpt lat="33.197778" lon="-96.865919" />
      <trkpt lat="33.197773" lon="-96.865926" />
      <trkpt lat="33.197768" lon="-96.865931" />
      <trkpt lat="33.197761" lon="-96.865936" />
      <trkpt lat="33.197755" lon="-96.865940" />
      <trkpt lat="33.197739" lon="-96.865945" />
      <trkpt lat="33.197723" lon="-96.865947" />
      <trkpt lat="33.197707" lon="-96.865945" />
      <trkpt lat="33.197691" lon="-96.865941" />
      <trkpt lat="33.197676" lon="-96.865935" />
      <trkpt lat="33.197663" lon="-96.865926" />
      <trkpt lat="33.197650" lon="-96.865914" />
      <trkpt lat="33.197630" lon="-96.865891" />
      <trkpt lat="33.197607" lon="-96.865871" />
      <trkpt lat="33.197581" lon="-96.865857" />
      <trkpt lat="33.197554" lon="-96.865847" />
      <trkpt lat="33.197526" lon="-96.865842" />
      <trkpt lat="33.197513" lon="-96.865841" />
      <trkpt lat="33.197501" lon="-96.865837" />
      <trkpt lat="33.197489" lon="-96.865832" />
      <trkpt lat="33.197477" lon="-96.865825" />
      <trkpt lat="33.197467" lon="-96.865816" />
      <trkpt lat="33.197437" lon="-96.865784" />
      <trkpt lat="33.197432" lon="-96.865779" />
      <trkpt lat="33.197426" lon="-96.865776" />
      <trkpt lat="33.197419" lon="-96.865774" />
      <trkpt lat="33.197413" lon="-96.865773" />
      <trkpt lat="33.197406" lon="-96.865773" />
      <trkpt lat="33.197400" lon="-96.865774" />
      <trkpt lat="33.197393" lon="-96.865777" />
      <trkpt lat="33.197388" lon="-96.865781" />
      <trkpt lat="33.197382" lon="-96.865785" />
      <trkpt lat="33.197376" lon="-96.865791" />
      <trkpt lat="33.197372" lon="-96.865797" />
      <trkpt lat="33.197368" lon="-96.865805" />
      <trkpt lat="33.197365" lon="-96.865813" />
      <trkpt lat="33.197363" lon="-96.865821" />
      <trkpt lat="33.197357" lon="-96.865906" />
      <trkpt lat="33.197358" lon="-96.865922" />
      <trkpt lat="33.197360" lon="-96.865937" />
      <trkpt lat="33.197365" lon="-96.865951" />
      <trkpt lat="33.197371" lon="-96.865965" />
      <trkpt lat="33.197378" lon="-96.865978" />
      <trkpt lat="33.197392" lon="-96.865999" />
      <trkpt lat="33.197403" lon="-96.866024" />
      <trkpt lat="33.197405" lon="-96.866034" />
      <trkpt lat="33.197406" lon="-96.866045" />
      <trkpt lat="33.197404" lon="-96.866056" />
      <trkpt lat="33.197402" lon="-96.866066" />
      <trkpt lat="33.197397" lon="-96.866075" />
      <trkpt lat="33.197392" lon="-96.866084" />
      <trkpt lat="33.197383" lon="-96.866097" />
      <trkpt lat="33.197372" lon="-96.866109" />
      <trkpt lat="33.197361" lon="-96.866119" />
      <trkpt lat="33.197348" lon="-96.866127" />
      <trkpt lat="33.197339" lon="-96.866130" />
      <trkpt lat="33.197330" lon="-96.866136" />
      <trkpt lat="33.197323" lon="-96.866143" />
      <trkpt lat="33.197317" lon="-96.866151" />
      <trkpt lat="33.197311" lon="-96.866160" />
      <trkpt lat="33.197308" lon="-96.866171" />
      <trkpt lat="33.197306" lon="-96.866182" />
      <trkpt lat="33.197305" lon="-96.866193" />
      <trkpt lat="33.197306" lon="-96.866204" />
      <trkpt lat="33.197309" lon="-96.866234" />
      <trkpt lat="33.197310" lon="-96.866239" />
      <trkpt lat="33.197311" lon="-96.866244" />
      <trkpt lat="33.197310" lon="-96.866250" />
      <trkpt lat="33.197309" lon="-96.866255" />
      <trkpt lat="33.197307" lon="-96.866260" />
      <trkpt lat="33.197305" lon="-96.866264" />
      <trkpt lat="33.197302" lon="-96.866268" />
      <trkpt lat="33.197298" lon="-96.866271" />
      <trkpt lat="33.197294" lon="-96.866274" />
      <trkpt lat="33.197290" lon="-96.866276" />
      <trkpt lat="33.197285" lon="-96.866276" />
      <trkpt lat="33.197281" lon="-96.866276" />
      <trkpt lat="33.197276" lon="-96.866275" />
      <trkpt lat="33.197242" lon="-96.866271" />
      <trkpt lat="33.197236" lon="-96.866270" />
      <trkpt lat="33.197230" lon="-96.866271" />
      <trkpt lat="33.197224" lon="-96.866272" />
      <trkpt lat="33.197219" lon="-96.866274" />
      <trkpt lat="33.197214" lon="-96.866278" />
      <trkpt lat="33.197172" lon="-96.866304" />
    </trkseg>
  </trk>
  <trk>
    <name>Trail 23</name>
    <trkseg>
      <trkpt lat="33.123689" lon="-96.822686" />
      <trkpt lat="33.123690" lon="-96.822765" />
      <trkpt lat="33.123657" lon="-96.823089" />
      <trkpt lat="33.123653" lon="-96.823127" />
      <trkpt lat="33.123637" lon="-96.823266" />
      <trkpt lat="33.123561" lon="-96.823686" />
      <trkpt lat="33.123454" lon="-96.824076" />
      <trkpt lat="33.123284" lon="-96.824572" />
      <trkpt lat="33.123057" lon="-96.825067" />
      <trkpt lat="33.122894" lon="-96.825363" />
      <trkpt lat="33.122652" lon="-96.825731" />
      <trkpt lat="33.122435" lon="-96.826023" />
      <trkpt lat="33.122189" lon="-96.826296" />
      <trkpt lat="33.121965" lon="-96.826505" />
      <trkpt lat="33.121425" lon="-96.826920" />
      <trkpt lat="33.121011" lon="-96.827161" />
      <trkpt lat="33.120383" lon="-96.827429" />
      <trkpt lat="33.120344" lon="-96.827446" />
      <trkpt lat="33.120244" lon="-96.827491" />
      <trkpt lat="33.120203" lon="-96.827509" />
      <trkpt lat="33.119709" lon="-96.827700" />
      <trkpt lat="33.119600" lon="-96.827742" />
      <trkpt lat="33.119259" lon="-96.827932" />
      <trkpt lat="33.119198" lon="-96.827969" />
      <trkpt lat="33.118937" lon="-96.828136" />
      <trkpt lat="33.118557" lon="-96.828437" />
      <trkpt lat="33.118158" lon="-96.828826" />
      <trkpt lat="33.117848" lon="-96.829178" />
      <trkpt lat="33.117566" lon="-96.829572" />
      <trkpt lat="33.117333" lon="-96.829955" />
      <trkpt lat="33.117152" lon="-96.830302" />
      <trkpt lat="33.117007" lon="-96.830636" />
      <trkpt lat="33.116846" lon="-96.831071" />
      <trkpt lat="33.116726" lon="-96.831472" />
      <trkpt lat="33.116627" lon="-96.831924" />
      <trkpt lat="33.116559" lon="-96.832345" />
      <trkpt lat="33.116511" lon="-96.832962" />
      <trkpt lat="33.116502" lon="-96.834624" />
      <trkpt lat="33.116526" lon="-96.837783" />
      <trkpt lat="33.116556" lon="-96.839591" />
      <trkpt lat="33.116556" lon="-96.839595" />
      <trkpt lat="33.116552" lon="-96.839711" />
    </trkseg>
  </trk>
  <trk>
    <name>Trail 24</name>
    <trkseg>
      <trkpt lat="33.132738" lon="-96.848548" />
      <trkpt lat="33.132744" lon="-96.848688" />
      <trkpt lat="33.132744" lon="-96.848689" />
      <trkpt lat="33.132773" lon="-96.853293" />
      <trkpt lat="33.132800" lon="-96.853763" />
      <trkpt lat="33.132917" lon="-96.854624" />
      <trkpt lat="33.132941" lon="-96.854858" />
      <trkpt lat="33.132956" lon="-96.855176" />
      <trkpt lat="33.132966" lon="-96.860449" />
      <trkpt lat="33.132978" lon="-96.862040" />
      <trkpt lat="33.132990" lon="-96.869238" />
    </trkseg>
  </trk>
  <trk>
    <name>ELDORADO PKWY</name>
    <trkseg>
      <trkpt lat="33.174662" lon="-96.820378" />
      <trkpt lat="33.174684" lon="-96.821161" />
      <trkpt lat="33.174683" lon="-96.821286" />
      <trkpt lat="33.174682" lon="-96.821330" />
      <trkpt lat="33.174680" lon="-96.821386" />
      <trkpt lat="33.174678" lon="-96.821977" />
      <trkpt lat="33.174679" lon="-96.822249" />
      <trkpt lat="33.174684" lon="-96.822696" />
      <trkpt lat="33.174688" lon="-96.823055" />
      <trkpt lat="33.174693" lon="-96.823442" />
      <trkpt lat="33.174697" lon="-96.823790" />
      <trkpt lat="33.174708" lon="-96.824587" />
      <trkpt lat="33.174741" lon="-96.827039" />
      <trkpt lat="33.174765" lon="-96.828711" />
      <trkpt lat="33.174786" lon="-96.830242" />
      <trkpt lat="33.174807" lon="-96.831776" />
      <trkpt lat="33.174809" lon="-96.831858" />
      <trkpt lat="33.174812" lon="-96.831941" />
      <trkpt lat="33.174816" lon="-96.832024" />
      <trkpt lat="33.174820" lon="-96.832113" />
      <trkpt lat="33.174824" lon="-96.832177" />
      <trkpt lat="33.174828" lon="-96.832236" />
      <trkpt lat="33.174832" lon="-96.832277" />
      <trkpt lat="33.174836" lon="-96.832326" />
      <trkpt lat="33.174842" lon="-96.832389" />
      <trkpt lat="33.174847" lon="-96.832441" />
      <trkpt lat="33.174854" lon="-96.832504" />
      <trkpt lat="33.174860" lon="-96.832565" />
      <trkpt lat="33.174868" lon="-96.832627" />
      <trkpt lat="33.174876" lon="-96.832688" />
      <trkpt lat="33.174885" lon="-96.832750" />
      <trkpt lat="33.174893" lon="-96.832810" />
      <trkpt lat="33.174904" lon="-96.832874" />
      <trkpt lat="33.174914" lon="-96.832936" />
      <trkpt lat="33.174925" lon="-96.832999" />
      <trkpt lat="33.174936" lon="-96.833060" />
      <trkpt lat="33.174947" lon="-96.833119" />
      <trkpt lat="33.174958" lon="-96.833176" />
      <trkpt lat="33.174975" lon="-96.833256" />
      <trkpt lat="33.175000" lon="-96.833379" />
      <trkpt lat="33.175009" lon="-96.833425" />
      <trkpt lat="33.175019" lon="-96.833478" />
      <trkpt lat="33.175029" lon="-96.833533" />
      <trkpt lat="33.175038" lon="-96.833585" />
      <trkpt lat="33.175048" lon="-96.833640" />
      <trkpt lat="33.175058" lon="-96.833705" />
      <trkpt lat="33.175068" lon="-96.833771" />
      <trkpt lat="33.175077" lon="-96.833835" />
      <trkpt lat="33.175086" lon="-96.833902" />
      <trkpt lat="33.175094" lon="-96.833966" />
      <trkpt lat="33.175102" lon="-96.834033" />
      <trkpt lat="33.175108" lon="-96.834098" />
      <trkpt lat="33.175115" lon="-96.834165" />
      <trkpt lat="33.175122" lon="-96.834251" />
      <trkpt lat="33.175130" lon="-96.834340" />
      <trkpt lat="33.175135" lon="-96.834427" />
      <trkpt lat="33.175140" lon="-96.834515" />
      <trkpt lat="33.175142" lon="-96.834573" />
      <trkpt lat="33.175145" lon="-96.834632" />
      <trkpt lat="33.175151" lon="-96.834838" />
      <trkpt lat="33.175158" lon="-96.835047" />
      <trkpt lat="33.175158" lon="-96.835121" />
      <trkpt lat="33.175159" lon="-96.835197" />
      <trkpt lat="33.175159" lon="-96.835272" />
      <trkpt lat="33.175158" lon="-96.835348" />
      <trkpt lat="33.175156" lon="-96.835422" />
      <trkpt lat="33.175154" lon="-96.835498" />
      <trkpt lat="33.175151" lon="-96.835573" />
      <trkpt lat="33.175147" lon="-96.835649" />
      <trkpt lat="33.175144" lon="-96.835707" />
      <trkpt lat="33.175139" lon="-96.835774" />
      <trkpt lat="33.175135" lon="-96.835832" />
      <trkpt lat="33.175129" lon="-96.835898" />
      <trkpt lat="33.175124" lon="-96.835957" />
      <trkpt lat="33.175117" lon="-96.836023" />
      <trkpt lat="33.175111" lon="-96.836081" />
      <trkpt lat="33.175107" lon="-96.836114" />
      <trkpt lat="33.175099" lon="-96.836180" />
      <trkpt lat="33.175087" lon="-96.836271" />
      <trkpt lat="33.175078" lon="-96.836337" />
      <trkpt lat="33.175069" lon="-96.836394" />
      <trkpt lat="33.175059" lon="-96.836457" />
      <trkpt lat="33.175051" lon="-96.836506" />
      <trkpt lat="33.175037" lon="-96.836584" />
      <trkpt lat="33.175018" lon="-96.836695" />
      <trkpt lat="33.175010" lon="-96.836746" />
      <trkpt lat="33.175003" lon="-96.836790" />
      <trkpt lat="33.174995" lon="-96.836847" />
      <trkpt lat="33.174989" lon="-96.836892" />
      <trkpt lat="33.174983" lon="-96.836949" />
      <trkpt lat="33.174976" lon="-96.837006" />
      <trkpt lat="33.174970" lon="-96.837070" />
      <trkpt lat="33.174964" lon="-96.837127" />
      <trkpt lat="33.174961" lon="-96.837159" />
      <trkpt lat="33.174957" lon="-96.837216" />
      <trkpt lat="33.174953" lon="-96.837280" />
      <trkpt lat="33.174950" lon="-96.837338" />
      <trkpt lat="33.174947" lon="-96.837402" />
      <trkpt lat="33.174945" lon="-96.837450" />
      <trkpt lat="33.174944" lon="-96.837498" />
      <trkpt lat="33.174942" lon="-96.837579" />
      <trkpt lat="33.174942" lon="-96.837627" />
      <trkpt lat="33.174943" lon="-96.837675" />
      <trkpt lat="33.174945" lon="-96.837934" />
      <trkpt lat="33.174960" lon="-96.838775" />
      <trkpt lat="33.174985" lon="-96.839582" />
    </trkseg>
  </trk>
  <trk>
    <name>Trail 26</name>
    <trkseg>
      <trkpt lat="33.116047" lon="-96.781081" />
      <trkpt lat="33.116197" lon="-96.781076" />
      <trkpt lat="33.117499" lon="-96.781038" />
      <trkpt lat="33.118023" lon="-96.780984" />
      <trkpt lat="33.118217" lon="-96.780946" />
      <trkpt lat="33.118350" lon="-96.780920" />
      <trkpt lat="33.118712" lon="-96.780754" />
      <trkpt lat="33.119209" lon="-96.780498" />
      <trkpt lat="33.119618" lon="-96.780201" />
      <trkpt lat="33.119895" lon="-96.779906" />
      <trkpt lat="33.120342" lon="-96.779475" />
      <trkpt lat="33.120833" lon="-96.778986" />
      <trkpt lat="33.120834" lon="-96.778985" />
      <trkpt lat="33.121173" lon="-96.778645" />
      <trkpt lat="33.121598" lon="-96.778316" />
      <trkpt lat="33.121989" lon="-96.778119" />
      <trkpt lat="33.122034" lon="-96.778103" />
      <trkpt lat="33.122534" lon="-96.777951" />
      <trkpt lat="33.122829" lon="-96.777883" />
      <trkpt lat="33.123160" lon="-96.777801" />
      <trkpt lat="33.123410" lon="-96.777745" />
      <trkpt lat="33.123597" lon="-96.777729" />
      <trkpt lat="33.123859" lon="-96.777705" />
      <trkpt lat="33.124067" lon="-96.777703" />
      <trkpt lat="33.124343" lon="-96.777720" />
      <trkpt lat="33.124717" lon="-96.777770" />
      <trkpt lat="33.124970" lon="-96.777824" />
      <trkpt lat="33.125158" lon="-96.777877" />
      <trkpt lat="33.125351" lon="-96.777942" />
      <trkpt lat="33.125693" lon="-96.778080" />
      <trkpt lat="33.125914" lon="-96.778189" />
      <trkpt lat="33.126402" lon="-96.778453" />
      <trkpt lat="33.126496" lon="-96.778497" />
      <trkpt lat="33.127191" lon="-96.778869" />
      <trkpt lat="33.127449" lon="-96.779002" />
      <trkpt lat="33.127682" lon="-96.779109" />
      <trkpt lat="33.127975" lon="-96.779219" />
      <trkpt lat="33.128196" lon="-96.779276" />
      <trkpt lat="33.128341" lon="-96.779308" />
      <trkpt lat="33.128383" lon="-96.779322" />
      <trkpt lat="33.128468" lon="-96.779337" />
      <trkpt lat="33.128551" lon="-96.779356" />
      <trkpt lat="33.128880" lon="-96.779378" />
      <trkpt lat="33.129197" lon="-96.779383" />
      <trkpt lat="33.130098" lon="-96.779350" />
      <trkpt lat="33.130201" lon="-96.779340" />
      <trkpt lat="33.130589" lon="-96.779331" />
    </trkseg>
  </trk>
  <trk>
    <name>Trail 27</name>
    <trkseg>
      <trkpt lat="33.124118" lon="-96.801144" />
      <trkpt lat="33.124054" lon="-96.801122" />
      <trkpt lat="33.123982" lon="-96.801095" />
      <trkpt lat="33.123908" lon="-96.801068" />
      <trkpt lat="33.123859" lon="-96.801052" />
      <trkpt lat="33.123817" lon="-96.801043" />
      <trkpt lat="33.123780" lon="-96.801037" />
      <trkpt lat="33.123732" lon="-96.801033" />
      <trkpt lat="33.123678" lon="-96.801032" />
      <trkpt lat="33.123632" lon="-96.801039" />
      <trkpt lat="33.123576" lon="-96.801050" />
      <trkpt lat="33.123518" lon="-96.801068" />
      <trkpt lat="33.123482" lon="-96.801085" />
      <trkpt lat="33.123454" lon="-96.801105" />
      <trkpt lat="33.123420" lon="-96.801131" />
      <trkpt lat="33.123389" lon="-96.801160" />
      <trkpt lat="33.123359" lon="-96.801194" />
      <trkpt lat="33.123335" lon="-96.801223" />
      <trkpt lat="33.123313" lon="-96.801261" />
      <trkpt lat="33.123289" lon="-96.801300" />
      <trkpt lat="33.123259" lon="-96.801347" />
      <trkpt lat="33.123240" lon="-96.801383" />
      <trkpt lat="33.123228" lon="-96.801414" />
      <trkpt lat="33.123211" lon="-96.801459" />
      <trkpt lat="33.123177" lon="-96.801565" />
      <trkpt lat="33.123136" lon="-96.801679" />
      <trkpt lat="33.123113" lon="-96.801741" />
      <trkpt lat="33.123099" lon="-96.801788" />
      <trkpt lat="33.123085" lon="-96.801826" />
      <trkpt lat="33.123073" lon="-96.801851" />
      <trkpt lat="33.123057" lon="-96.801872" />
      <trkpt lat="33.123041" lon="-96.801891" />
      <trkpt lat="33.123028" lon="-96.801903" />
      <trkpt lat="33.123014" lon="-96.801913" />
      <trkpt lat="33.122997" lon="-96.801922" />
      <trkpt lat="33.122981" lon="-96.801926" />
      <trkpt lat="33.122957" lon="-96.801930" />
      <trkpt lat="33.122835" lon="-96.801928" />
      <trkpt lat="33.122745" lon="-96.801925" />
      <trkpt lat="33.122500" lon="-96.801919" />
      <trkpt lat="33.122380" lon="-96.801918" />
      <trkpt lat="33.122348" lon="-96.801918" />
      <trkpt lat="33.122325" lon="-96.801917" />
      <trkpt lat="33.122309" lon="-96.801916" />
      <trkpt lat="33.122295" lon="-96.801913" />
      <trkpt lat="33.122280" lon="-96.801909" />
      <trkpt lat="33.122267" lon="-96.801903" />
      <trkpt lat="33.122250" lon="-96.801895" />
      <trkpt lat="33.122227" lon="-96.801881" />
      <trkpt lat="33.122208" lon="-96.801866" />
      <trkpt lat="33.122156" lon="-96.801811" />
      <trkpt lat="33.122061" lon="-96.801700" />
      <trkpt lat="33.121999" lon="-96.801627" />
      <trkpt lat="33.121988" lon="-96.801611" />
      <trkpt lat="33.121978" lon="-96.801595" />
      <trkpt lat="33.121966" lon="-96.801576" />
      <trkpt lat="33.121960" lon="-96.801562" />
      <trkpt lat="33.121955" lon="-96.801546" />
      <trkpt lat="33.121951" lon="-96.801532" />
      <trkpt lat="33.121948" lon="-96.801517" />
      <trkpt lat="33.121946" lon="-96.801502" />
      <trkpt lat="33.121946" lon="-96.801478" />
      <trkpt lat="33.121949" lon="-96.801456" />
      <trkpt lat="33.121967" lon="-96.801299" />
      <trkpt lat="33.121970" lon="-96.801276" />
      <trkpt lat="33.121973" lon="-96.801257" />
      <trkpt lat="33.121978" lon="-96.801239" />
      <trkpt lat="33.121985" lon="-96.801214" />
      <trkpt lat="33.121992" lon="-96.801199" />
      <trkpt lat="33.122000" lon="-96.801183" />
      <trkpt lat="33.122007" lon="-96.801168" />
      <trkpt lat="33.122015" lon="-96.801153" />
      <trkpt lat="33.122025" lon="-96.801138" />
      <trkpt lat="33.122040" lon="-96.801121" />
      <trkpt lat="33.122053" lon="-96.801104" />
      <trkpt lat="33.122066" lon="-96.801090" />
      <trkpt lat="33.122074" lon="-96.801079" />
      <trkpt lat="33.122086" lon="-96.801069" />
      <trkpt lat="33.122097" lon="-96.801063" />
      <trkpt lat="33.122115" lon="-96.801053" />
      <trkpt lat="33.122149" lon="-96.801041" />
      <trkpt lat="33.122176" lon="-96.801030" />
      <trkpt lat="33.122197" lon="-96.801020" />
      <trkpt lat="33.122218" lon="-96.801007" />
      <trkpt lat="33.122238" lon="-96.800994" />
      <trkpt lat="33.122257" lon="-96.800980" />
      <trkpt lat="33.122284" lon="-96.800959" />
      <trkpt lat="33.122304" lon="-96.800941" />
      <trkpt lat="33.122327" lon="-96.800917" />
      <trkpt lat="33.122344" lon="-96.800899" />
      <trkpt lat="33.122358" lon="-96.800881" />
      <trkpt lat="33.122368" lon="-96.800863" />
      <trkpt lat="33.122378" lon="-96.800844" />
      <trkpt lat="33.122409" lon="-96.800778" />
      <trkpt lat="33.122454" lon="-96.800690" />
      <trkpt lat="33.122506" lon="-96.800583" />
      <trkpt lat="33.122517" lon="-96.800566" />
      <trkpt lat="33.122527" lon="-96.800551" />
      <trkpt lat="33.122559" lon="-96.800505" />
      <trkpt lat="33.122671" lon="-96.800345" />
      <trkpt lat="33.122703" lon="-96.800301" />
      <trkpt lat="33.122714" lon="-96.800284" />
      <trkpt lat="33.122724" lon="-96.800267" />
      <trkpt lat="33.122733" lon="-96.800248" />
      <trkpt lat="33.122739" lon="-96.800226" />
      <trkpt lat="33.122744" lon="-96.800205" />
      <trkpt lat="33.122749" lon="-96.800182" />
      <trkpt lat="33.122752" lon="-96.800153" />
      <trkpt lat="33.122755" lon="-96.800097" />
      <trkpt lat="33.122760" lon="-96.800036" />
      <trkpt lat="33.122769" lon="-96.799936" />
      <trkpt lat="33.122791" lon="-96.799648" />
      <trkpt lat="33.122816" lon="-96.799321" />
      <trkpt lat="33.122832" lon="-96.799123" />
      <trkpt lat="33.122834" lon="-96.799094" />
      <trkpt lat="33.122836" lon="-96.799066" />
      <trkpt lat="33.122837" lon="-96.799044" />
      <trkpt lat="33.122836" lon="-96.799018" />
      <trkpt lat="33.122835" lon="-96.798988" />
      <trkpt lat="33.122831" lon="-96.798943" />
      <trkpt lat="33.122825" lon="-96.798907" />
      <trkpt lat="33.122818" lon="-96.798873" />
      <trkpt lat="33.122808" lon="-96.798832" />
      <trkpt lat="33.122795" lon="-96.798791" />
      <trkpt lat="33.122784" lon="-96.798764" />
      <trkpt lat="33.122772" lon="-96.798739" />
      <trkpt lat="33.122754" lon="-96.798704" />
      <trkpt lat="33.122732" lon="-96.798667" />
      <trkpt lat="33.122690" lon="-96.798607" />
      <trkpt lat="33.122644" lon="-96.798542" />
      <trkpt lat="33.122599" lon="-96.798479" />
      <trkpt lat="33.122505" lon="-96.798345" />
      <trkpt lat="33.122424" lon="-96.798230" />
      <trkpt lat="33.122283" lon="-96.798025" />
      <trkpt lat="33.122206" lon="-96.797922" />
      <trkpt lat="33.122154" lon="-96.797849" />
      <trkpt lat="33.122134" lon="-96.797821" />
      <trkpt lat="33.122119" lon="-96.797800" />
      <trkpt lat="33.122109" lon="-96.797783" />
      <trkpt lat="33.122100" lon="-96.797765" />
      <trkpt lat="33.122092" lon="-96.797743" />
      <trkpt lat="33.122088" lon="-96.797719" />
      <trkpt lat="33.122085" lon="-96.797688" />
      <trkpt lat="33.122085" lon="-96.797658" />
      <trkpt lat="33.122088" lon="-96.797631" />
      <trkpt lat="33.122095" lon="-96.797608" />
      <trkpt lat="33.122105" lon="-96.797585" />
      <trkpt lat="33.122115" lon="-96.797558" />
      <trkpt lat="33.122125" lon="-96.797538" />
      <trkpt lat="33.122137" lon="-96.797515" />
      <trkpt lat="33.122146" lon="-96.797498" />
      <trkpt lat="33.122156" lon="-96.797484" />
      <trkpt lat="33.122173" lon="-96.797462" />
      <trkpt lat="33.122190" lon="-96.797442" />
      <trkpt lat="33.122219" lon="-96.797412" />
      <trkpt lat="33.122292" lon="-96.797343" />
      <trkpt lat="33.122391" lon="-96.797251" />
      <trkpt lat="33.122440" lon="-96.797203" />
      <trkpt lat="33.122460" lon="-96.797188" />
      <trkpt lat="33.122499" lon="-96.797159" />
      <trkpt lat="33.122524" lon="-96.797145" />
      <trkpt lat="33.122547" lon="-96.797131" />
      <trkpt lat="33.122573" lon="-96.797112" />
      <trkpt lat="33.122584" lon="-96.797104" />
      <trkpt lat="33.122597" lon="-96.797094" />
      <trkpt lat="33.122608" lon="-96.797083" />
      <trkpt lat="33.122618" lon="-96.797068" />
      <trkpt lat="33.122734" lon="-96.796922" />
      <trkpt lat="33.122820" lon="-96.796817" />
      <trkpt lat="33.122851" lon="-96.796778" />
      <trkpt lat="33.122893" lon="-96.796724" />
      <trkpt lat="33.122908" lon="-96.796707" />
      <trkpt lat="33.122926" lon="-96.796687" />
      <trkpt lat="33.122940" lon="-96.796673" />
      <trkpt lat="33.122953" lon="-96.796662" />
      <trkpt lat="33.123006" lon="-96.796606" />
      <trkpt lat="33.123091" lon="-96.796518" />
      <trkpt lat="33.123149" lon="-96.796463" />
      <trkpt lat="33.123201" lon="-96.796414" />
      <trkpt lat="33.123233" lon="-96.796386" />
      <trkpt lat="33.123251" lon="-96.796372" />
      <trkpt lat="33.123269" lon="-96.796360" />
      <trkpt lat="33.123288" lon="-96.796341" />
      <trkpt lat="33.123318" lon="-96.796312" />
      <trkpt lat="33.123346" lon="-96.796284" />
      <trkpt lat="33.123368" lon="-96.796265" />
      <trkpt lat="33.123389" lon="-96.796247" />
      <trkpt lat="33.123410" lon="-96.796231" />
      <trkpt lat="33.123442" lon="-96.796205" />
      <trkpt lat="33.123468" lon="-96.796186" />
      <trkpt lat="33.123531" lon="-96.796145" />
      <trkpt lat="33.123606" lon="-96.796094" />
      <trkpt lat="33.123630" lon="-96.796075" />
      <trkpt lat="33.123650" lon="-96.796061" />
      <trkpt lat="33.123680" lon="-96.796039" />
      <trkpt lat="33.123712" lon="-96.796015" />
      <trkpt lat="33.123746" lon="-96.795989" />
      <trkpt lat="33.123783" lon="-96.795967" />
      <trkpt lat="33.123831" lon="-96.795935" />
      <trkpt lat="33.123878" lon="-96.795908" />
      <trkpt lat="33.123920" lon="-96.795878" />
      <trkpt lat="33.123971" lon="-96.795849" />
      <trkpt lat="33.124108" lon="-96.795774" />
      <trkpt lat="33.124169" lon="-96.795736" />
      <trkpt lat="33.124222" lon="-96.795710" />
      <trkpt lat="33.124277" lon="-96.795679" />
      <trkpt lat="33.124319" lon="-96.795660" />
      <trkpt lat="33.124355" lon="-96.795643" />
      <trkpt lat="33.124393" lon="-96.795624" />
      <trkpt lat="33.124424" lon="-96.795609" />
      <trkpt lat="33.124444" lon="-96.795600" />
      <trkpt lat="33.124463" lon="-96.795586" />
      <trkpt lat="33.124478" lon="-96.795572" />
      <trkpt lat="33.124492" lon="-96.795561" />
      <trkpt lat="33.124507" lon="-96.795543" />
      <trkpt lat="33.124527" lon="-96.795517" />
      <trkpt lat="33.124553" lon="-96.795483" />
      <trkpt lat="33.124590" lon="-96.795448" />
      <trkpt lat="33.124616" lon="-96.795421" />
      <trkpt lat="33.124634" lon="-96.795407" />
      <trkpt lat="33.124652" lon="-96.795396" />
      <trkpt lat="33.124670" lon="-96.795389" />
      <trkpt lat="33.124687" lon="-96.795385" />
      <trkpt lat="33.124706" lon="-96.795381" />
      <trkpt lat="33.124730" lon="-96.795379" />
      <trkpt lat="33.124762" lon="-96.795378" />
      <trkpt lat="33.124786" lon="-96.795380" />
      <trkpt lat="33.124817" lon="-96.795384" />
      <trkpt lat="33.124844" lon="-96.795390" />
      <trkpt lat="33.124867" lon="-96.795397" />
      <trkpt lat="33.124897" lon="-96.795409" />
      <trkpt lat="33.124915" lon="-96.795423" />
      <trkpt lat="33.124939" lon="-96.795444" />
      <trkpt lat="33.124963" lon="-96.795468" />
      <trkpt lat="33.124983" lon="-96.795494" />
      <trkpt lat="33.125001" lon="-96.795517" />
      <trkpt lat="33.125013" lon="-96.795538" />
      <trkpt lat="33.125030" lon="-96.795566" />
      <trkpt lat="33.125050" lon="-96.795594" />
      <trkpt lat="33.125070" lon="-96.795620" />
      <trkpt lat="33.125100" lon="-96.795659" />
      <trkpt lat="33.125163" lon="-96.795738" />
      <trkpt lat="33.125231" lon="-96.795825" />
      <trkpt lat="33.125285" lon="-96.795894" />
      <trkpt lat="33.125319" lon="-96.795944" />
      <trkpt lat="33.125352" lon="-96.795989" />
      <trkpt lat="33.125376" lon="-96.796027" />
      <trkpt lat="33.125391" lon="-96.796049" />
      <trkpt lat="33.125398" lon="-96.796070" />
      <trkpt lat="33.125406" lon="-96.796093" />
      <trkpt lat="33.125417" lon="-96.796132" />
      <trkpt lat="33.125423" lon="-96.796156" />
      <trkpt lat="33.125426" lon="-96.796176" />
      <trkpt lat="33.125428" lon="-96.796200" />
      <trkpt lat="33.125428" lon="-96.796236" />
      <trkpt lat="33.125423" lon="-96.796271" />
      <trkpt lat="33.125408" lon="-96.796323" />
      <trkpt lat="33.125346" lon="-96.796508" />
      <trkpt lat="33.125254" lon="-96.796759" />
      <trkpt lat="33.125229" lon="-96.796850" />
      <trkpt lat="33.125211" lon="-96.796937" />
      <trkpt lat="33.125207" lon="-96.796967" />
      <trkpt lat="33.125205" lon="-96.796993" />
      <trkpt lat="33.125207" lon="-96.797027" />
      <trkpt lat="33.125211" lon="-96.797063" />
      <trkpt lat="33.125217" lon="-96.797101" />
      <trkpt lat="33.125229" lon="-96.797151" />
      <trkpt lat="33.125240" lon="-96.797194" />
      <trkpt lat="33.125259" lon="-96.797253" />
      <trkpt lat="33.125316" lon="-96.797405" />
      <trkpt lat="33.125349" lon="-96.797474" />
      <trkpt lat="33.125359" lon="-96.797494" />
      <trkpt lat="33.125374" lon="-96.797507" />
      <trkpt lat="33.125392" lon="-96.797515" />
      <trkpt lat="33.125412" lon="-96.797524" />
      <trkpt lat="33.125427" lon="-96.797527" />
      <trkpt lat="33.125446" lon="-96.797527" />
      <trkpt lat="33.125460" lon="-96.797525" />
      <trkpt lat="33.125474" lon="-96.797520" />
      <trkpt lat="33.125490" lon="-96.797510" />
      <trkpt lat="33.125534" lon="-96.797476" />
      <trkpt lat="33.125627" lon="-96.797404" />
      <trkpt lat="33.125793" lon="-96.797278" />
      <trkpt lat="33.125854" lon="-96.797233" />
      <trkpt lat="33.125883" lon="-96.797215" />
      <trkpt lat="33.125909" lon="-96.797201" />
      <trkpt lat="33.125938" lon="-96.797191" />
      <trkpt lat="33.125968" lon="-96.797184" />
      <trkpt lat="33.125995" lon="-96.797180" />
      <trkpt lat="33.126022" lon="-96.797183" />
      <trkpt lat="33.126045" lon="-96.797191" />
      <trkpt lat="33.126071" lon="-96.797206" />
      <trkpt lat="33.126092" lon="-96.797222" />
      <trkpt lat="33.126115" lon="-96.797242" />
      <trkpt lat="33.126135" lon="-96.797267" />
      <trkpt lat="33.126160" lon="-96.797300" />
      <trkpt lat="33.126242" lon="-96.797413" />
      <trkpt lat="33.126353" lon="-96.797568" />
      <trkpt lat="33.126368" lon="-96.797587" />
      <trkpt lat="33.126384" lon="-96.797602" />
      <trkpt lat="33.126402" lon="-96.797615" />
      <trkpt lat="33.126423" lon="-96.797628" />
      <trkpt lat="33.126444" lon="-96.797639" />
      <trkpt lat="33.126463" lon="-96.797644" />
      <trkpt lat="33.126487" lon="-96.797653" />
      <trkpt lat="33.126513" lon="-96.797659" />
      <trkpt lat="33.126604" lon="-96.797674" />
      <trkpt lat="33.126647" lon="-96.797683" />
      <trkpt lat="33.126702" lon="-96.797694" />
      <trkpt lat="33.126837" lon="-96.797720" />
      <trkpt lat="33.126885" lon="-96.797729" />
      <trkpt lat="33.126906" lon="-96.797732" />
      <trkpt lat="33.126922" lon="-96.797733" />
      <trkpt lat="33.126940" lon="-96.797732" />
      <trkpt lat="33.126957" lon="-96.797729" />
      <trkpt lat="33.126981" lon="-96.797722" />
      <trkpt lat="33.127077" lon="-96.797695" />
      <trkpt lat="33.127110" lon="-96.797685" />
      <trkpt lat="33.127133" lon="-96.797679" />
      <trkpt lat="33.127149" lon="-96.797677" />
      <trkpt lat="33.127169" lon="-96.797680" />
      <trkpt lat="33.127189" lon="-96.797690" />
      <trkpt lat="33.127210" lon="-96.797704" />
      <trkpt lat="33.127226" lon="-96.797722" />
      <trkpt lat="33.127238" lon="-96.797741" />
      <trkpt lat="33.127251" lon="-96.797774" />
      <trkpt lat="33.127259" lon="-96.797810" />
      <trkpt lat="33.127318" lon="-96.798054" />
      <trkpt lat="33.127340" lon="-96.798142" />
      <trkpt lat="33.127347" lon="-96.798175" />
      <trkpt lat="33.127350" lon="-96.798197" />
      <trkpt lat="33.127352" lon="-96.798221" />
      <trkpt lat="33.127353" lon="-96.798244" />
      <trkpt lat="33.127352" lon="-96.798269" />
      <trkpt lat="33.127349" lon="-96.798298" />
      <trkpt lat="33.127336" lon="-96.798358" />
    </trkseg>
  </trk>
  <trk>
    <name>Trail 28</name>
    <trkseg>
      <trkpt lat="33.131402" lon="-96.836130" />
      <trkpt lat="33.131659" lon="-96.834954" />
      <trkpt lat="33.131726" lon="-96.834546" />
      <trkpt lat="33.131757" lon="-96.834282" />
      <trkpt lat="33.131790" lon="-96.833806" />
      <trkpt lat="33.131798" lon="-96.833342" />
      <trkpt lat="33.131784" lon="-96.832928" />
      <trkpt lat="33.131745" lon="-96.832449" />
      <trkpt lat="33.131743" lon="-96.832425" />
      <trkpt lat="33.131670" lon="-96.831906" />
      <trkpt lat="33.131535" lon="-96.831267" />
      <trkpt lat="33.131427" lon="-96.830889" />
      <trkpt lat="33.131246" lon="-96.830380" />
      <trkpt lat="33.131217" lon="-96.830309" />
      <trkpt lat="33.131193" lon="-96.830250" />
      <trkpt lat="33.131162" lon="-96.830182" />
      <trkpt lat="33.131032" lon="-96.829896" />
      <trkpt lat="33.130678" lon="-96.829159" />
      <trkpt lat="33.130595" lon="-96.828925" />
      <trkpt lat="33.130530" lon="-96.828695" />
      <trkpt lat="33.130444" lon="-96.828220" />
      <trkpt lat="33.130421" lon="-96.827906" />
      <trkpt lat="33.130420" lon="-96.827641" />
      <trkpt lat="33.130420" lon="-96.827636" />
      <trkpt lat="33.130435" lon="-96.827497" />
      <trkpt lat="33.130467" lon="-96.827162" />
      <trkpt lat="33.130562" lon="-96.826720" />
      <trkpt lat="33.130707" lon="-96.826296" />
      <trkpt lat="33.130811" lon="-96.826082" />
      <trkpt lat="33.130928" lon="-96.825874" />
      <trkpt lat="33.130954" lon="-96.825830" />
      <trkpt lat="33.131012" lon="-96.825733" />
      <trkpt lat="33.131071" lon="-96.825642" />
      <trkpt lat="33.131126" lon="-96.825569" />
      <trkpt lat="33.131244" lon="-96.825424" />
      <trkpt lat="33.131324" lon="-96.825327" />
      <trkpt lat="33.132258" lon="-96.824487" />
      <trkpt lat="33.132824" lon="-96.823971" />
      <trkpt lat="33.133027" lon="-96.823735" />
      <trkpt lat="33.133286" lon="-96.823325" />
      <trkpt lat="33.133397" lon="-96.823101" />
      <trkpt lat="33.133520" lon="-96.822781" />
      <trkpt lat="33.133665" lon="-96.822319" />
      <trkpt lat="33.133730" lon="-96.822156" />
      <trkpt lat="33.133897" lon="-96.821806" />
      <trkpt lat="33.133971" lon="-96.821673" />
      <trkpt lat="33.133983" lon="-96.821654" />
    </trkseg>
  </trk>
  <trk>
    <name>Trail 29</name>
    <trkseg>
      <trkpt lat="33.136405" lon="-96.878362" />
      <trkpt lat="33.136417" lon="-96.878359" />
      <trkpt lat="33.136426" lon="-96.878358" />
      <trkpt lat="33.136434" lon="-96.878358" />
      <trkpt lat="33.136442" lon="-96.878359" />
      <trkpt lat="33.136450" lon="-96.878363" />
      <trkpt lat="33.136458" lon="-96.878367" />
      <trkpt lat="33.136532" lon="-96.878419" />
      <trkpt lat="33.136622" lon="-96.878478" />
      <trkpt lat="33.136710" lon="-96.878538" />
      <trkpt lat="33.136822" lon="-96.878611" />
      <trkpt lat="33.136890" lon="-96.878658" />
      <trkpt lat="33.136939" lon="-96.878690" />
      <trkpt lat="33.136983" lon="-96.878715" />
      <trkpt lat="33.137043" lon="-96.878744" />
      <trkpt lat="33.137097" lon="-96.878770" />
      <trkpt lat="33.137139" lon="-96.878794" />
      <trkpt lat="33.137250" lon="-96.878863" />
      <trkpt lat="33.137399" lon="-96.878960" />
      <trkpt lat="33.137616" lon="-96.879106" />
      <trkpt lat="33.137888" lon="-96.879292" />
      <trkpt lat="33.138267" lon="-96.879543" />
      <trkpt lat="33.138520" lon="-96.879716" />
      <trkpt lat="33.138880" lon="-96.879955" />
      <trkpt lat="33.139080" lon="-96.880090" />
      <trkpt lat="33.139130" lon="-96.880123" />
      <trkpt lat="33.139161" lon="-96.880147" />
      <trkpt lat="33.139185" lon="-96.880167" />
      <trkpt lat="33.139217" lon="-96.880190" />
      <trkpt lat="33.139274" lon="-96.880231" />
      <trkpt lat="33.139321" lon="-96.880263" />
      <trkpt lat="33.139371" lon="-96.880295" />
      <trkpt lat="33.139421" lon="-96.880321" />
      <trkpt lat="33.139479" lon="-96.880358" />
      <trkpt lat="33.139552" lon="-96.880407" />
      <trkpt lat="33.140047" lon="-96.880736" />
      <trkpt lat="33.140249" lon="-96.880864" />
      <trkpt lat="33.140270" lon="-96.880877" />
      <trkpt lat="33.140293" lon="-96.880897" />
      <trkpt lat="33.140314" lon="-96.880920" />
      <trkpt lat="33.140334" lon="-96.880931" />
      <trkpt lat="33.140368" lon="-96.880953" />
      <trkpt lat="33.141038" lon="-96.881399" />
      <trkpt lat="33.141316" lon="-96.881582" />
      <trkpt lat="33.141452" lon="-96.881679" />
      <trkpt lat="33.141670" lon="-96.881821" />
      <trkpt lat="33.141841" lon="-96.881938" />
      <trkpt lat="33.141957" lon="-96.882022" />
      <trkpt lat="33.142077" lon="-96.882115" />
      <trkpt lat="33.142181" lon="-96.882201" />
      <trkpt lat="33.142285" lon="-96.882293" />
      <trkpt lat="33.142420" lon="-96.882419" />
      <trkpt lat="33.142532" lon="-96.882535" />
      <trkpt lat="33.142656" lon="-96.882656" />
      <trkpt lat="33.142759" lon="-96.882770" />
      <trkpt lat="33.142893" lon="-96.882926" />
      <trkpt lat="33.142984" lon="-96.883042" />
      <trkpt lat="33.143091" lon="-96.883185" />
      <trkpt lat="33.143188" lon="-96.883320" />
      <trkpt lat="33.143268" lon="-96.883441" />
      <trkpt lat="33.143291" lon="-96.883481" />
      <trkpt lat="33.143311" lon="-96.883511" />
      <trkpt lat="33.143363" lon="-96.883594" />
      <trkpt lat="33.143515" lon="-96.883845" />
      <trkpt lat="33.143631" lon="-96.884058" />
      <trkpt lat="33.143775" lon="-96.884355" />
      <trkpt lat="33.143786" lon="-96.884378" />
      <trkpt lat="33.143795" lon="-96.884403" />
      <trkpt lat="33.143799" lon="-96.884416" />
      <trkpt lat="33.143811" lon="-96.884446" />
      <trkpt lat="33.143836" lon="-96.884504" />
      <trkpt lat="33.143947" lon="-96.884784" />
      <trkpt lat="33.144035" lon="-96.885038" />
      <trkpt lat="33.144111" lon="-96.885286" />
      <trkpt lat="33.144175" lon="-96.885514" />
      <trkpt lat="33.144219" lon="-96.885709" />
      <trkpt lat="33.144256" lon="-96.885879" />
      <trkpt lat="33.144288" lon="-96.886050" />
      <trkpt lat="33.144315" lon="-96.886222" />
      <trkpt lat="33.144340" lon="-96.886412" />
      <trkpt lat="33.144358" lon="-96.886556" />
      <trkpt lat="33.144375" lon="-96.886755" />
      <trkpt lat="33.144387" lon="-96.886955" />
      <trkpt lat="33.144394" lon="-96.887155" />
      <trkpt lat="33.144396" lon="-96.887248" />
      <trkpt lat="33.144397" lon="-96.887387" />
      <trkpt lat="33.144404" lon="-96.887611" />
      <trkpt lat="33.144411" lon="-96.887701" />
      <trkpt lat="33.144425" lon="-96.887790" />
      <trkpt lat="33.144432" lon="-96.887824" />
      <trkpt lat="33.144438" lon="-96.887862" />
      <trkpt lat="33.144440" lon="-96.887901" />
      <trkpt lat="33.144447" lon="-96.888580" />
    </trkseg>
  </trk>
  <trk>
    <name>Trail 30</name>
    <trkseg>
      <trkpt lat="33.120219" lon="-96.827664" />
      <trkpt lat="33.120209" lon="-96.827681" />
      <trkpt lat="33.120198" lon="-96.827674" />
      <trkpt lat="33.120190" lon="-96.827671" />
      <trkpt lat="33.120183" lon="-96.827670" />
      <trkpt lat="33.120174" lon="-96.827671" />
      <trkpt lat="33.120156" lon="-96.827678" />
      <trkpt lat="33.120142" lon="-96.827685" />
      <trkpt lat="33.120123" lon="-96.827692" />
      <trkpt lat="33.120104" lon="-96.827700" />
      <trkpt lat="33.120064" lon="-96.827715" />
      <trkpt lat="33.119995" lon="-96.827739" />
      <trkpt lat="33.119966" lon="-96.827752" />
      <trkpt lat="33.119937" lon="-96.827764" />
      <trkpt lat="33.119904" lon="-96.827777" />
      <trkpt lat="33.119874" lon="-96.827789" />
      <trkpt lat="33.119841" lon="-96.827806" />
      <trkpt lat="33.119808" lon="-96.827821" />
      <trkpt lat="33.119765" lon="-96.827840" />
      <trkpt lat="33.119715" lon="-96.827862" />
      <trkpt lat="33.119660" lon="-96.827889" />
      <trkpt lat="33.119606" lon="-96.827913" />
      <trkpt lat="33.119566" lon="-96.827932" />
      <trkpt lat="33.119516" lon="-96.827955" />
      <trkpt lat="33.119459" lon="-96.827985" />
      <trkpt lat="33.119414" lon="-96.828011" />
      <trkpt lat="33.119392" lon="-96.828024" />
      <trkpt lat="33.119365" lon="-96.828041" />
      <trkpt lat="33.119326" lon="-96.828064" />
      <trkpt lat="33.119278" lon="-96.828091" />
      <trkpt lat="33.119227" lon="-96.828123" />
      <trkpt lat="33.119177" lon="-96.828152" />
      <trkpt lat="33.119123" lon="-96.828187" />
      <trkpt lat="33.119070" lon="-96.828222" />
      <trkpt lat="33.119031" lon="-96.828249" />
      <trkpt lat="33.119000" lon="-96.828272" />
      <trkpt lat="33.118977" lon="-96.828288" />
      <trkpt lat="33.118943" lon="-96.828311" />
      <trkpt lat="33.118908" lon="-96.828337" />
      <trkpt lat="33.118860" lon="-96.828374" />
      <trkpt lat="33.118814" lon="-96.828408" />
      <trkpt lat="33.118773" lon="-96.828442" />
      <trkpt lat="33.118744" lon="-96.828465" />
      <trkpt lat="33.118705" lon="-96.828495" />
      <trkpt lat="33.118670" lon="-96.828525" />
      <trkpt lat="33.118635" lon="-96.828555" />
      <trkpt lat="33.118603" lon="-96.828584" />
      <trkpt lat="33.118572" lon="-96.828610" />
      <trkpt lat="33.118548" lon="-96.828630" />
      <trkpt lat="33.118508" lon="-96.828668" />
      <trkpt lat="33.118485" lon="-96.828689" />
      <trkpt lat="33.118450" lon="-96.828720" />
      <trkpt lat="33.118426" lon="-96.828741" />
      <trkpt lat="33.118384" lon="-96.828784" />
      <trkpt lat="33.118345" lon="-96.828823" />
      <trkpt lat="33.118310" lon="-96.828860" />
      <trkpt lat="33.118288" lon="-96.828882" />
      <trkpt lat="33.118264" lon="-96.828907" />
      <trkpt lat="33.118242" lon="-96.828931" />
      <trkpt lat="33.118214" lon="-96.828960" />
      <trkpt lat="33.118176" lon="-96.829001" />
      <trkpt lat="33.118136" lon="-96.829046" />
      <trkpt lat="33.118107" lon="-96.829078" />
      <trkpt lat="33.118064" lon="-96.829130" />
      <trkpt lat="33.118030" lon="-96.829171" />
      <trkpt lat="33.118000" lon="-96.829205" />
      <trkpt lat="33.117963" lon="-96.829253" />
      <trkpt lat="33.117915" lon="-96.829314" />
      <trkpt lat="33.117875" lon="-96.829365" />
      <trkpt lat="33.117818" lon="-96.829441" />
      <trkpt lat="33.117780" lon="-96.829492" />
      <trkpt lat="33.117750" lon="-96.829534" />
      <trkpt lat="33.117723" lon="-96.829574" />
      <trkpt lat="33.117685" lon="-96.829631" />
      <trkpt lat="33.117654" lon="-96.829679" />
      <trkpt lat="33.117604" lon="-96.829755" />
      <trkpt lat="33.117565" lon="-96.829819" />
      <trkpt lat="33.117533" lon="-96.829871" />
      <trkpt lat="33.117501" lon="-96.829926" />
      <trkpt lat="33.117352" lon="-96.830194" />
      <trkpt lat="33.117266" lon="-96.830366" />
      <trkpt lat="33.117185" lon="-96.830542" />
      <trkpt lat="33.117110" lon="-96.830721" />
      <trkpt lat="33.117078" lon="-96.830802" />
      <trkpt lat="33.117051" lon="-96.830874" />
      <trkpt lat="33.117032" lon="-96.830924" />
      <trkpt lat="33.116992" lon="-96.831036" />
      <trkpt lat="33.116964" lon="-96.831118" />
      <trkpt lat="33.116942" lon="-96.831190" />
      <trkpt lat="33.116931" lon="-96.831225" />
      <trkpt lat="33.116915" lon="-96.831277" />
      <trkpt lat="33.116895" lon="-96.831346" />
      <trkpt lat="33.116861" lon="-96.831467" />
      <trkpt lat="33.116828" lon="-96.831593" />
      <trkpt lat="33.116805" lon="-96.831694" />
      <trkpt lat="33.116784" lon="-96.831791" />
      <trkpt lat="33.116764" lon="-96.831883" />
      <trkpt lat="33.116725" lon="-96.832098" />
      <trkpt lat="33.116692" lon="-96.832317" />
      <trkpt lat="33.116675" lon="-96.832465" />
      <trkpt lat="33.116661" lon="-96.832602" />
      <trkpt lat="33.116654" lon="-96.832687" />
      <trkpt lat="33.116646" lon="-96.832803" />
      <trkpt lat="33.116639" lon="-96.832942" />
      <trkpt lat="33.116635" lon="-96.833024" />
      <trkpt lat="33.116631" lon="-96.833087" />
      <trkpt lat="33.116631" lon="-96.833128" />
      <trkpt lat="33.116633" lon="-96.833203" />
      <trkpt lat="33.116633" lon="-96.833254" />
      <trkpt lat="33.116634" lon="-96.833340" />
      <trkpt lat="33.116637" lon="-96.833893" />
      <trkpt lat="33.116641" lon="-96.834845" />
      <trkpt lat="33.116645" lon="-96.835248" />
      <trkpt lat="33.116649" lon="-96.835429" />
      <trkpt lat="33.116662" lon="-96.836050" />
      <trkpt lat="33.116665" lon="-96.836166" />
      <trkpt lat="33.116667" lon="-96.836246" />
      <trkpt lat="33.116665" lon="-96.836350" />
      <trkpt lat="33.116667" lon="-96.836393" />
      <trkpt lat="33.116670" lon="-96.836433" />
      <trkpt lat="33.116671" lon="-96.836523" />
      <trkpt lat="33.116669" lon="-96.836764" />
      <trkpt lat="33.116674" lon="-96.837359" />
      <trkpt lat="33.116675" lon="-96.837933" />
      <trkpt lat="33.116677" lon="-96.838086" />
      <trkpt lat="33.116678" lon="-96.838219" />
      <trkpt lat="33.116678" lon="-96.838278" />
      <trkpt lat="33.116680" lon="-96.838324" />
      <trkpt lat="33.116683" lon="-96.838378" />
      <trkpt lat="33.116684" lon="-96.838418" />
      <trkpt lat="33.116687" lon="-96.838472" />
      <trkpt lat="33.116688" lon="-96.838511" />
      <trkpt lat="33.116692" lon="-96.838578" />
      <trkpt lat="33.116698" lon="-96.838725" />
      <trkpt lat="33.116701" lon="-96.838771" />
      <trkpt lat="33.116707" lon="-96.838871" />
      <trkpt lat="33.116710" lon="-96.838924" />
      <trkpt lat="33.116708" lon="-96.839083" />
      <trkpt lat="33.116709" lon="-96.839223" />
      <trkpt lat="33.116707" lon="-96.839339" />
      <trkpt lat="33.116710" lon="-96.839390" />
      <trkpt lat="33.116712" lon="-96.839418" />
      <trkpt lat="33.116718" lon="-96.839456" />
      <trkpt lat="33.116722" lon="-96.839494" />
      <trkpt lat="33.116727" lon="-96.839507" />
      <trkpt lat="33.116713" lon="-96.839521" />
    </trkseg>
  </trk>
  <trk>
    <name>Trail 31</name>
    <trkseg>
      <trkpt lat="33.133405" lon="-96.881888" />
      <trkpt lat="33.133374" lon="-96.881907" />
      <trkpt lat="33.133348" lon="-96.881919" />
      <trkpt lat="33.133295" lon="-96.881935" />
      <trkpt lat="33.133259" lon="-96.881949" />
      <trkpt lat="33.133204" lon="-96.881968" />
      <trkpt lat="33.133151" lon="-96.881988" />
      <trkpt lat="33.133100" lon="-96.882004" />
      <trkpt lat="33.133063" lon="-96.882020" />
      <trkpt lat="33.133016" lon="-96.882037" />
      <trkpt lat="33.132985" lon="-96.882050" />
      <trkpt lat="33.132953" lon="-96.882071" />
      <trkpt lat="33.132916" lon="-96.882098" />
      <trkpt lat="33.132876" lon="-96.882122" />
      <trkpt lat="33.132836" lon="-96.882146" />
      <trkpt lat="33.132788" lon="-96.882169" />
      <trkpt lat="33.132725" lon="-96.882195" />
      <trkpt lat="33.132679" lon="-96.882211" />
      <trkpt lat="33.132632" lon="-96.882224" />
      <trkpt lat="33.132575" lon="-96.882232" />
      <trkpt lat="33.132524" lon="-96.882235" />
      <trkpt lat="33.132462" lon="-96.882235" />
      <trkpt lat="33.132411" lon="-96.882233" />
      <trkpt lat="33.132340" lon="-96.882224" />
      <trkpt lat="33.132282" lon="-96.882214" />
      <trkpt lat="33.132201" lon="-96.882189" />
      <trkpt lat="33.132140" lon="-96.882170" />
      <trkpt lat="33.132071" lon="-96.882147" />
      <trkpt lat="33.132018" lon="-96.882131" />
      <trkpt lat="33.131966" lon="-96.882116" />
      <trkpt lat="33.131912" lon="-96.882107" />
      <trkpt lat="33.131874" lon="-96.882098" />
      <trkpt lat="33.131803" lon="-96.882089" />
      <trkpt lat="33.131721" lon="-96.882078" />
      <trkpt lat="33.131399" lon="-96.882045" />
      <trkpt lat="33.130962" lon="-96.881995" />
      <trkpt lat="33.130835" lon="-96.881980" />
      <trkpt lat="33.130764" lon="-96.881975" />
      <trkpt lat="33.130679" lon="-96.881967" />
      <trkpt lat="33.130578" lon="-96.881959" />
      <trkpt lat="33.130451" lon="-96.881953" />
      <trkpt lat="33.130378" lon="-96.881950" />
      <trkpt lat="33.130316" lon="-96.881951" />
      <trkpt lat="33.130241" lon="-96.881954" />
      <trkpt lat="33.130111" lon="-96.881959" />
      <trkpt lat="33.129923" lon="-96.881969" />
      <trkpt lat="33.129800" lon="-96.881973" />
      <trkpt lat="33.129595" lon="-96.881982" />
      <trkpt lat="33.129394" lon="-96.881988" />
      <trkpt lat="33.129088" lon="-96.882000" />
      <trkpt lat="33.128819" lon="-96.882013" />
      <trkpt lat="33.128483" lon="-96.882027" />
      <trkpt lat="33.128036" lon="-96.882046" />
      <trkpt lat="33.127496" lon="-96.882068" />
      <trkpt lat="33.126710" lon="-96.882099" />
      <trkpt lat="33.126265" lon="-96.882116" />
      <trkpt lat="33.125922" lon="-96.882132" />
      <trkpt lat="33.125746" lon="-96.882138" />
      <trkpt lat="33.125570" lon="-96.882145" />
      <trkpt lat="33.125451" lon="-96.882150" />
      <trkpt lat="33.125375" lon="-96.882156" />
      <trkpt lat="33.125230" lon="-96.882159" />
      <trkpt lat="33.125154" lon="-96.882162" />
      <trkpt lat="33.125078" lon="-96.882166" />
      <trkpt lat="33.125016" lon="-96.882170" />
      <trkpt lat="33.124966" lon="-96.882169" />
      <trkpt lat="33.124923" lon="-96.882173" />
      <trkpt lat="33.124868" lon="-96.882177" />
      <trkpt lat="33.124806" lon="-96.882181" />
      <trkpt lat="33.124751" lon="-96.882186" />
      <trkpt lat="33.124687" lon="-96.882191" />
      <trkpt lat="33.124621" lon="-96.882200" />
      <trkpt lat="33.124537" lon="-96.882213" />
      <trkpt lat="33.124460" lon="-96.882227" />
      <trkpt lat="33.124402" lon="-96.882238" />
      <trkpt lat="33.124324" lon="-96.882253" />
      <trkpt lat="33.124277" lon="-96.882267" />
      <trkpt lat="33.124234" lon="-96.882279" />
      <trkpt lat="33.124204" lon="-96.882290" />
      <trkpt lat="33.124176" lon="-96.882297" />
      <trkpt lat="33.124146" lon="-96.882301" />
      <trkpt lat="33.124110" lon="-96.882313" />
      <trkpt lat="33.124054" lon="-96.882332" />
      <trkpt lat="33.123987" lon="-96.882353" />
      <trkpt lat="33.123917" lon="-96.882378" />
      <trkpt lat="33.123858" lon="-96.882399" />
      <trkpt lat="33.123769" lon="-96.882438" />
      <trkpt lat="33.123679" lon="-96.882475" />
      <trkpt lat="33.123552" lon="-96.882538" />
      <trkpt lat="33.123414" lon="-96.882610" />
      <trkpt lat="33.123263" lon="-96.882698" />
      <trkpt lat="33.123215" lon="-96.882726" />
      <trkpt lat="33.123173" lon="-96.882755" />
      <trkpt lat="33.123109" lon="-96.882803" />
      <trkpt lat="33.123055" lon="-96.882841" />
      <trkpt lat="33.122987" lon="-96.882889" />
      <trkpt lat="33.122899" lon="-96.882960" />
      <trkpt lat="33.122842" lon="-96.883008" />
      <trkpt lat="33.122809" lon="-96.883041" />
      <trkpt lat="33.122754" lon="-96.883100" />
      <trkpt lat="33.122714" lon="-96.883145" />
      <trkpt lat="33.122687" lon="-96.883174" />
      <trkpt lat="33.122662" lon="-96.883198" />
      <trkpt lat="33.122634" lon="-96.883226" />
      <trkpt lat="33.122594" lon="-96.883266" />
      <trkpt lat="33.122565" lon="-96.883291" />
      <trkpt lat="33.122525" lon="-96.883328" />
      <trkpt lat="33.122483" lon="-96.883366" />
      <trkpt lat="33.122439" lon="-96.883405" />
      <trkpt lat="33.122397" lon="-96.883450" />
      <trkpt lat="33.122371" lon="-96.883490" />
      <trkpt lat="33.122348" lon="-96.883544" />
      <trkpt lat="33.122336" lon="-96.883581" />
      <trkpt lat="33.122328" lon="-96.883610" />
      <trkpt lat="33.122325" lon="-96.883650" />
    </trkseg>
  </trk>
  <trk>
    <name>West Rowlett Creek Trail</name>
    <trkseg>
      <trkpt lat="33.146253" lon="-96.756310" />
      <trkpt lat="33.146242" lon="-96.756356" />
      <trkpt lat="33.146227" lon="-96.756435" />
      <trkpt lat="33.146218" lon="-96.756516" />
      <trkpt lat="33.146216" lon="-96.756597" />
      <trkpt lat="33.146221" lon="-96.756678" />
      <trkpt lat="33.146233" lon="-96.756759" />
      <trkpt lat="33.146250" lon="-96.756864" />
      <trkpt lat="33.146261" lon="-96.756970" />
      <trkpt lat="33.146267" lon="-96.757078" />
      <trkpt lat="33.146266" lon="-96.757185" />
      <trkpt lat="33.146259" lon="-96.757292" />
      <trkpt lat="33.146247" lon="-96.757398" />
      <trkpt lat="33.146234" lon="-96.757510" />
      <trkpt lat="33.146226" lon="-96.757622" />
      <trkpt lat="33.146225" lon="-96.757734" />
      <trkpt lat="33.146229" lon="-96.757847" />
      <trkpt lat="33.146240" lon="-96.757959" />
      <trkpt lat="33.146256" lon="-96.758069" />
      <trkpt lat="33.146278" lon="-96.758179" />
      <trkpt lat="33.146286" lon="-96.758230" />
      <trkpt lat="33.146288" lon="-96.758282" />
      <trkpt lat="33.146282" lon="-96.758334" />
      <trkpt lat="33.146269" lon="-96.758383" />
      <trkpt lat="33.146250" lon="-96.758430" />
      <trkpt lat="33.146225" lon="-96.758473" />
      <trkpt lat="33.146195" lon="-96.758510" />
      <trkpt lat="33.146160" lon="-96.758541" />
      <trkpt lat="33.146121" lon="-96.758566" />
      <trkpt lat="33.146079" lon="-96.758582" />
      <trkpt lat="33.146021" lon="-96.758603" />
      <trkpt lat="33.145966" lon="-96.758632" />
      <trkpt lat="33.145913" lon="-96.758668" />
      <trkpt lat="33.145864" lon="-96.758710" />
      <trkpt lat="33.145819" lon="-96.758759" />
      <trkpt lat="33.145792" lon="-96.758793" />
      <trkpt lat="33.145469" lon="-96.759197" />
      <trkpt lat="33.145448" lon="-96.759226" />
      <trkpt lat="33.145432" lon="-96.759258" />
      <trkpt lat="33.145420" lon="-96.759292" />
      <trkpt lat="33.145412" lon="-96.759328" />
      <trkpt lat="33.145407" lon="-96.759377" />
      <trkpt lat="33.145408" lon="-96.759426" />
      <trkpt lat="33.145415" lon="-96.759475" />
      <trkpt lat="33.145425" lon="-96.759539" />
      <trkpt lat="33.145428" lon="-96.759605" />
      <trkpt lat="33.145424" lon="-96.759670" />
      <trkpt lat="33.145414" lon="-96.759734" />
      <trkpt lat="33.145397" lon="-96.759796" />
      <trkpt lat="33.145378" lon="-96.759858" />
      <trkpt lat="33.145362" lon="-96.759921" />
      <trkpt lat="33.145353" lon="-96.759965" />
      <trkpt lat="33.145339" lon="-96.760032" />
      <trkpt lat="33.145321" lon="-96.760098" />
      <trkpt lat="33.145295" lon="-96.760171" />
      <trkpt lat="33.145264" lon="-96.760241" />
      <trkpt lat="33.145228" lon="-96.760307" />
      <trkpt lat="33.145187" lon="-96.760370" />
      <trkpt lat="33.145142" lon="-96.760438" />
      <trkpt lat="33.145103" lon="-96.760509" />
      <trkpt lat="33.145069" lon="-96.760585" />
      <trkpt lat="33.145040" lon="-96.760663" />
      <trkpt lat="33.145017" lon="-96.760744" />
      <trkpt lat="33.144999" lon="-96.760827" />
      <trkpt lat="33.144988" lon="-96.760912" />
      <trkpt lat="33.144982" lon="-96.760997" />
      <trkpt lat="33.144976" lon="-96.761079" />
      <trkpt lat="33.144965" lon="-96.761161" />
      <trkpt lat="33.144947" lon="-96.761240" />
      <trkpt lat="33.144924" lon="-96.761318" />
      <trkpt lat="33.144908" lon="-96.761375" />
      <trkpt lat="33.144898" lon="-96.761434" />
      <trkpt lat="33.144894" lon="-96.761495" />
      <trkpt lat="33.144897" lon="-96.761555" />
      <trkpt lat="33.144905" lon="-96.761615" />
      <trkpt lat="33.144920" lon="-96.761673" />
      <trkpt lat="33.144941" lon="-96.761728" />
      <trkpt lat="33.144967" lon="-96.761780" />
      <trkpt lat="33.144998" lon="-96.761827" />
      <trkpt lat="33.145034" lon="-96.761870" />
      <trkpt lat="33.145389" lon="-96.762249" />
      <trkpt lat="33.145483" lon="-96.762349" />
      <trkpt lat="33.145560" lon="-96.762425" />
      <trkpt lat="33.145640" lon="-96.762498" />
      <trkpt lat="33.145694" lon="-96.762549" />
      <trkpt lat="33.145746" lon="-96.762603" />
      <trkpt lat="33.145807" lon="-96.762675" />
      <trkpt lat="33.145865" lon="-96.762751" />
      <trkpt lat="33.145919" lon="-96.762831" />
      <trkpt lat="33.145956" lon="-96.762893" />
      <trkpt lat="33.145991" lon="-96.762957" />
      <trkpt lat="33.146029" lon="-96.763037" />
      <trkpt lat="33.146064" lon="-96.763119" />
      <trkpt lat="33.146096" lon="-96.763204" />
      <trkpt lat="33.146123" lon="-96.763291" />
      <trkpt lat="33.146138" lon="-96.763354" />
      <trkpt lat="33.146149" lon="-96.763418" />
      <trkpt lat="33.146154" lon="-96.763483" />
      <trkpt lat="33.146154" lon="-96.763484" />
      <trkpt lat="33.146154" lon="-96.763560" />
      <trkpt lat="33.146148" lon="-96.763636" />
      <trkpt lat="33.146134" lon="-96.763711" />
      <trkpt lat="33.146115" lon="-96.763781" />
      <trkpt lat="33.146090" lon="-96.763848" />
      <trkpt lat="33.146059" lon="-96.763912" />
      <trkpt lat="33.146023" lon="-96.763971" />
      <trkpt lat="33.145982" lon="-96.764026" />
      <trkpt lat="33.145956" lon="-96.764063" />
      <trkpt lat="33.145935" lon="-96.764104" />
      <trkpt lat="33.145918" lon="-96.764148" />
      <trkpt lat="33.145908" lon="-96.764195" />
      <trkpt lat="33.145903" lon="-96.764242" />
      <trkpt lat="33.145904" lon="-96.764291" />
      <trkpt lat="33.145912" lon="-96.764338" />
      <trkpt lat="33.145924" lon="-96.764384" />
      <trkpt lat="33.145943" lon="-96.764427" />
      <trkpt lat="33.145957" lon="-96.764447" />
      <trkpt lat="33.146032" lon="-96.764552" />
      <trkpt lat="33.146054" lon="-96.764589" />
      <trkpt lat="33.146158" lon="-96.764736" />
      <trkpt lat="33.146186" lon="-96.764770" />
      <trkpt lat="33.146218" lon="-96.764798" />
      <trkpt lat="33.146253" lon="-96.764820" />
      <trkpt lat="33.146290" lon="-96.764837" />
      <trkpt lat="33.146328" lon="-96.764846" />
      <trkpt lat="33.146369" lon="-96.764857" />
      <trkpt lat="33.146407" lon="-96.764875" />
      <trkpt lat="33.146443" lon="-96.764899" />
      <trkpt lat="33.146476" lon="-96.764929" />
      <trkpt lat="33.146504" lon="-96.764965" />
      <trkpt lat="33.146527" lon="-96.765006" />
      <trkpt lat="33.146545" lon="-96.765050" />
      <trkpt lat="33.146573" lon="-96.765123" />
      <trkpt lat="33.146607" lon="-96.765192" />
      <trkpt lat="33.146646" lon="-96.765257" />
      <trkpt lat="33.146690" lon="-96.765317" />
      <trkpt lat="33.146739" lon="-96.765372" />
      <trkpt lat="33.146767" lon="-96.765401" />
      <trkpt lat="33.146814" lon="-96.765460" />
      <trkpt lat="33.146841" lon="-96.765503" />
      <trkpt lat="33.146865" lon="-96.765549" />
      <trkpt lat="33.146885" lon="-96.765597" />
      <trkpt lat="33.146901" lon="-96.765647" />
      <trkpt lat="33.146922" lon="-96.765711" />
      <trkpt lat="33.146947" lon="-96.765773" />
      <trkpt lat="33.146978" lon="-96.765831" />
      <trkpt lat="33.147013" lon="-96.765886" />
      <trkpt lat="33.147052" lon="-96.765937" />
      <trkpt lat="33.147094" lon="-96.765983" />
      <trkpt lat="33.147141" lon="-96.766025" />
      <trkpt lat="33.147153" lon="-96.766035" />
      <trkpt lat="33.147282" lon="-96.766139" />
      <trkpt lat="33.147309" lon="-96.766161" />
      <trkpt lat="33.147352" lon="-96.766200" />
      <trkpt lat="33.147390" lon="-96.766244" />
      <trkpt lat="33.147424" lon="-96.766294" />
      <trkpt lat="33.147453" lon="-96.766348" />
      <trkpt lat="33.147477" lon="-96.766405" />
      <trkpt lat="33.147495" lon="-96.766465" />
      <trkpt lat="33.147507" lon="-96.766527" />
      <trkpt lat="33.147512" lon="-96.766591" />
      <trkpt lat="33.147517" lon="-96.766646" />
      <trkpt lat="33.147526" lon="-96.766701" />
      <trkpt lat="33.147540" lon="-96.766754" />
      <trkpt lat="33.147558" lon="-96.766811" />
      <trkpt lat="33.147572" lon="-96.766869" />
      <trkpt lat="33.147582" lon="-96.766929" />
      <trkpt lat="33.147594" lon="-96.766996" />
      <trkpt lat="33.147610" lon="-96.767062" />
      <trkpt lat="33.147632" lon="-96.767125" />
      <trkpt lat="33.147645" lon="-96.767159" />
      <trkpt lat="33.147663" lon="-96.767207" />
      <trkpt lat="33.147676" lon="-96.767256" />
      <trkpt lat="33.147685" lon="-96.767307" />
      <trkpt lat="33.147688" lon="-96.767359" />
      <trkpt lat="33.147691" lon="-96.767380" />
    </trkseg>
  </trk>
  <trk>
    <name>Raccoon Mountain Bike Trail</name>
    <trkseg>
      <trkpt lat="33.199613" lon="-96.861391" />
      <trkpt lat="33.199620" lon="-96.861386" />
      <trkpt lat="33.199612" lon="-96.861377" />
      <trkpt lat="33.199683" lon="-96.861267" />
      <trkpt lat="33.199625" lon="-96.861164" />
      <trkpt lat="33.199515" lon="-96.861214" />
      <trkpt lat="33.199489" lon="-96.861219" />
      <trkpt lat="33.199434" lon="-96.861171" />
      <trkpt lat="33.199472" lon="-96.861055" />
      <trkpt lat="33.199584" lon="-96.860966" />
      <trkpt lat="33.199680" lon="-96.860966" />
      <trkpt lat="33.199724" lon="-96.861032" />
      <trkpt lat="33.199710" lon="-96.861055" />
      <trkpt lat="33.199691" lon="-96.861136" />
      <trkpt lat="33.199725" lon="-96.861145" />
      <trkpt lat="33.199808" lon="-96.861072" />
      <trkpt lat="33.199867" lon="-96.860983" />
      <trkpt lat="33.199910" lon="-96.860958" />
      <trkpt lat="33.199986" lon="-96.860926" />
      <trkpt lat="33.200000" lon="-96.860938" />
      <trkpt lat="33.200099" lon="-96.860973" />
      <trkpt lat="33.200111" lon="-96.860991" />
      <trkpt lat="33.200164" lon="-96.861102" />
      <trkpt lat="33.200167" lon="-96.861116" />
      <trkpt lat="33.200252" lon="-96.861168" />
      <trkpt lat="33.200329" lon="-96.861204" />
      <trkpt lat="33.200361" lon="-96.861196" />
      <trkpt lat="33.200356" lon="-96.861081" />
      <trkpt lat="33.200341" lon="-96.861073" />
      <trkpt lat="33.200258" lon="-96.860971" />
      <trkpt lat="33.200265" lon="-96.860947" />
      <trkpt lat="33.200308" lon="-96.860931" />
      <trkpt lat="33.200432" lon="-96.860910" />
      <trkpt lat="33.200545" lon="-96.860927" />
      <trkpt lat="33.200628" lon="-96.860979" />
      <trkpt lat="33.200741" lon="-96.860921" />
      <trkpt lat="33.200829" lon="-96.860901" />
      <trkpt lat="33.200893" lon="-96.860926" />
      <trkpt lat="33.201040" lon="-96.860977" />
      <trkpt lat="33.201129" lon="-96.860926" />
      <trkpt lat="33.201240" lon="-96.860935" />
      <trkpt lat="33.201346" lon="-96.860940" />
      <trkpt lat="33.201461" lon="-96.860905" />
      <trkpt lat="33.201567" lon="-96.861005" />
      <trkpt lat="33.201595" lon="-96.861124" />
      <trkpt lat="33.201494" lon="-96.861205" />
      <trkpt lat="33.201477" lon="-96.861297" />
      <trkpt lat="33.201484" lon="-96.861306" />
      <trkpt lat="33.201575" lon="-96.861400" />
      <trkpt lat="33.201592" lon="-96.861461" />
      <trkpt lat="33.201585" lon="-96.861465" />
      <trkpt lat="33.201522" lon="-96.861515" />
      <trkpt lat="33.201545" lon="-96.861548" />
      <trkpt lat="33.201595" lon="-96.861555" />
      <trkpt lat="33.201623" lon="-96.861599" />
      <trkpt lat="33.201611" lon="-96.861690" />
      <trkpt lat="33.201533" lon="-96.861760" />
      <trkpt lat="33.201498" lon="-96.861644" />
      <trkpt lat="33.201439" lon="-96.861617" />
      <trkpt lat="33.201413" lon="-96.861686" />
      <trkpt lat="33.201449" lon="-96.861775" />
      <trkpt lat="33.201444" lon="-96.861847" />
      <trkpt lat="33.201407" lon="-96.861876" />
      <trkpt lat="33.201349" lon="-96.861757" />
      <trkpt lat="33.201305" lon="-96.861653" />
      <trkpt lat="33.201281" lon="-96.861544" />
      <trkpt lat="33.201381" lon="-96.861532" />
      <trkpt lat="33.201450" lon="-96.861452" />
      <trkpt lat="33.201404" lon="-96.861329" />
      <trkpt lat="33.201299" lon="-96.861247" />
      <trkpt lat="33.201184" lon="-96.861117" />
      <trkpt lat="33.201085" lon="-96.861123" />
      <trkpt lat="33.200978" lon="-96.861104" />
      <trkpt lat="33.200887" lon="-96.861044" />
      <trkpt lat="33.200767" lon="-96.861032" />
      <trkpt lat="33.200677" lon="-96.861092" />
      <trkpt lat="33.200513" lon="-96.861056" />
      <trkpt lat="33.200486" lon="-96.861129" />
      <trkpt lat="33.200494" lon="-96.861140" />
      <trkpt lat="33.200512" lon="-96.861157" />
      <trkpt lat="33.200646" lon="-96.861206" />
      <trkpt lat="33.200782" lon="-96.861256" />
      <trkpt lat="33.200879" lon="-96.861230" />
      <trkpt lat="33.200997" lon="-96.861226" />
      <trkpt lat="33.201102" lon="-96.861266" />
      <trkpt lat="33.201197" lon="-96.861349" />
      <trkpt lat="33.201216" lon="-96.861478" />
      <trkpt lat="33.201145" lon="-96.861529" />
      <trkpt lat="33.201062" lon="-96.861463" />
      <trkpt lat="33.200956" lon="-96.861386" />
      <trkpt lat="33.200928" lon="-96.861412" />
      <trkpt lat="33.200911" lon="-96.861521" />
      <trkpt lat="33.200822" lon="-96.861514" />
      <trkpt lat="33.200724" lon="-96.861504" />
      <trkpt lat="33.200623" lon="-96.861344" />
      <trkpt lat="33.200522" lon="-96.861294" />
      <trkpt lat="33.200510" lon="-96.861297" />
      <trkpt lat="33.200515" lon="-96.861381" />
      <trkpt lat="33.200583" lon="-96.861464" />
      <trkpt lat="33.200616" lon="-96.861481" />
      <trkpt lat="33.200635" lon="-96.861520" />
      <trkpt lat="33.200581" lon="-96.861606" />
      <trkpt lat="33.200479" lon="-96.861603" />
      <trkpt lat="33.200369" lon="-96.861529" />
      <trkpt lat="33.200361" lon="-96.861519" />
      <trkpt lat="33.200304" lon="-96.861370" />
      <trkpt lat="33.200225" lon="-96.861305" />
      <trkpt lat="33.200179" lon="-96.861317" />
      <trkpt lat="33.200152" lon="-96.861368" />
      <trkpt lat="33.200131" lon="-96.861420" />
      <trkpt lat="33.200050" lon="-96.861382" />
      <trkpt lat="33.200045" lon="-96.861367" />
      <trkpt lat="33.200020" lon="-96.861211" />
      <trkpt lat="33.200011" lon="-96.861202" />
      <trkpt lat="33.199910" lon="-96.861242" />
      <trkpt lat="33.199913" lon="-96.861378" />
      <trkpt lat="33.199977" lon="-96.861508" />
      <trkpt lat="33.200089" lon="-96.861577" />
      <trkpt lat="33.200228" lon="-96.861609" />
      <trkpt lat="33.200344" lon="-96.861703" />
      <trkpt lat="33.200372" lon="-96.861757" />
      <trkpt lat="33.200298" lon="-96.861787" />
      <trkpt lat="33.200173" lon="-96.861790" />
      <trkpt lat="33.200075" lon="-96.861759" />
      <trkpt lat="33.199939" lon="-96.861701" />
      <trkpt lat="33.199862" lon="-96.861552" />
      <trkpt lat="33.199764" lon="-96.861538" />
      <trkpt lat="33.199684" lon="-96.861589" />
      <trkpt lat="33.199688" lon="-96.861586" />
      <trkpt lat="33.199683" lon="-96.861581" />
    </trkseg>
  </trk>
  <trk>
    <name>Cottonwood Creek Trail</name>
    <trkseg>
      <trkpt lat="33.167592" lon="-96.850746" />
      <trkpt lat="33.167610" lon="-96.850699" />
      <trkpt lat="33.167632" lon="-96.850655" />
      <trkpt lat="33.167658" lon="-96.850613" />
      <trkpt lat="33.167688" lon="-96.850576" />
      <trkpt lat="33.167722" lon="-96.850544" />
      <trkpt lat="33.167767" lon="-96.850497" />
      <trkpt lat="33.167800" lon="-96.850454" />
      <trkpt lat="33.167829" lon="-96.850409" />
      <trkpt lat="33.168004" lon="-96.849985" />
      <trkpt lat="33.168024" lon="-96.849932" />
      <trkpt lat="33.168049" lon="-96.849882" />
      <trkpt lat="33.168080" lon="-96.849836" />
      <trkpt lat="33.168116" lon="-96.849796" />
      <trkpt lat="33.168156" lon="-96.849761" />
      <trkpt lat="33.168199" lon="-96.849733" />
      <trkpt lat="33.168245" lon="-96.849713" />
      <trkpt lat="33.168293" lon="-96.849699" />
      <trkpt lat="33.168342" lon="-96.849694" />
      <trkpt lat="33.168391" lon="-96.849696" />
      <trkpt lat="33.168440" lon="-96.849705" />
      <trkpt lat="33.168487" lon="-96.849723" />
      <trkpt lat="33.168498" lon="-96.849730" />
      <trkpt lat="33.168516" lon="-96.849741" />
      <trkpt lat="33.168535" lon="-96.849753" />
      <trkpt lat="33.168552" lon="-96.849767" />
      <trkpt lat="33.168572" lon="-96.849783" />
      <trkpt lat="33.168591" lon="-96.849798" />
      <trkpt lat="33.168615" lon="-96.849820" />
      <trkpt lat="33.168673" lon="-96.849882" />
      <trkpt lat="33.168701" lon="-96.849912" />
      <trkpt lat="33.168733" lon="-96.849937" />
      <trkpt lat="33.168768" lon="-96.849955" />
      <trkpt lat="33.168805" lon="-96.849967" />
      <trkpt lat="33.168843" lon="-96.849972" />
      <trkpt lat="33.168881" lon="-96.849970" />
      <trkpt lat="33.168918" lon="-96.849960" />
      <trkpt lat="33.168954" lon="-96.849944" />
      <trkpt lat="33.168987" lon="-96.849922" />
      <trkpt lat="33.169008" lon="-96.849899" />
      <trkpt lat="33.169026" lon="-96.849874" />
      <trkpt lat="33.169042" lon="-96.849846" />
      <trkpt lat="33.169043" lon="-96.849845" />
      <trkpt lat="33.169064" lon="-96.849811" />
      <trkpt lat="33.169088" lon="-96.849780" />
      <trkpt lat="33.169116" lon="-96.849753" />
      <trkpt lat="33.169146" lon="-96.849731" />
      <trkpt lat="33.169179" lon="-96.849713" />
      <trkpt lat="33.169302" lon="-96.849658" />
      <trkpt lat="33.169382" lon="-96.849622" />
      <trkpt lat="33.169413" lon="-96.849605" />
      <trkpt lat="33.169441" lon="-96.849583" />
      <trkpt lat="33.169465" lon="-96.849556" />
      <trkpt lat="33.169486" lon="-96.849525" />
      <trkpt lat="33.169503" lon="-96.849490" />
      <trkpt lat="33.169515" lon="-96.849453" />
      <trkpt lat="33.169522" lon="-96.849414" />
      <trkpt lat="33.169525" lon="-96.849374" />
      <trkpt lat="33.169523" lon="-96.849349" />
      <trkpt lat="33.169520" lon="-96.849331" />
      <trkpt lat="33.169512" lon="-96.849312" />
      <trkpt lat="33.169504" lon="-96.849293" />
      <trkpt lat="33.169491" lon="-96.849272" />
      <trkpt lat="33.169479" lon="-96.849255" />
      <trkpt lat="33.169465" lon="-96.849237" />
      <trkpt lat="33.169446" lon="-96.849222" />
      <trkpt lat="33.169433" lon="-96.849212" />
      <trkpt lat="33.169409" lon="-96.849199" />
      <trkpt lat="33.169390" lon="-96.849190" />
      <trkpt lat="33.169375" lon="-96.849182" />
      <trkpt lat="33.169366" lon="-96.849173" />
      <trkpt lat="33.169360" lon="-96.849154" />
      <trkpt lat="33.169360" lon="-96.849134" />
      <trkpt lat="33.169355" lon="-96.848991" />
      <trkpt lat="33.169355" lon="-96.848896" />
      <trkpt lat="33.169357" lon="-96.848834" />
      <trkpt lat="33.169365" lon="-96.848774" />
      <trkpt lat="33.169380" lon="-96.848715" />
      <trkpt lat="33.169400" lon="-96.848659" />
      <trkpt lat="33.169427" lon="-96.848607" />
      <trkpt lat="33.169460" lon="-96.848559" />
      <trkpt lat="33.169497" lon="-96.848517" />
      <trkpt lat="33.169538" lon="-96.848481" />
      <trkpt lat="33.169645" lon="-96.848398" />
      <trkpt lat="33.169659" lon="-96.848388" />
      <trkpt lat="33.169706" lon="-96.848348" />
      <trkpt lat="33.169751" lon="-96.848304" />
      <trkpt lat="33.169792" lon="-96.848255" />
      <trkpt lat="33.169830" lon="-96.848203" />
      <trkpt lat="33.169852" lon="-96.848167" />
      <trkpt lat="33.169873" lon="-96.848129" />
      <trkpt lat="33.169902" lon="-96.848074" />
      <trkpt lat="33.169923" lon="-96.848039" />
      <trkpt lat="33.169947" lon="-96.848008" />
      <trkpt lat="33.169974" lon="-96.847981" />
      <trkpt lat="33.170005" lon="-96.847959" />
      <trkpt lat="33.170037" lon="-96.847941" />
      <trkpt lat="33.170165" lon="-96.847882" />
      <trkpt lat="33.170192" lon="-96.847868" />
      <trkpt lat="33.170217" lon="-96.847851" />
      <trkpt lat="33.170248" lon="-96.847826" />
      <trkpt lat="33.170282" lon="-96.847794" />
      <trkpt lat="33.170307" lon="-96.847762" />
      <trkpt lat="33.170325" lon="-96.847726" />
      <trkpt lat="33.170340" lon="-96.847689" />
      <trkpt lat="33.170350" lon="-96.847647" />
      <trkpt lat="33.170360" lon="-96.847582" />
      <trkpt lat="33.170379" lon="-96.847534" />
      <trkpt lat="33.170397" lon="-96.847499" />
      <trkpt lat="33.170424" lon="-96.847460" />
      <trkpt lat="33.170454" lon="-96.847429" />
      <trkpt lat="33.170491" lon="-96.847394" />
      <trkpt lat="33.170528" lon="-96.847376" />
      <trkpt lat="33.170569" lon="-96.847359" />
      <trkpt lat="33.170601" lon="-96.847344" />
      <trkpt lat="33.170640" lon="-96.847323" />
      <trkpt lat="33.170670" lon="-96.847296" />
      <trkpt lat="33.170704" lon="-96.847252" />
      <trkpt lat="33.170729" lon="-96.847208" />
      <trkpt lat="33.170748" lon="-96.847163" />
      <trkpt lat="33.170758" lon="-96.847128" />
      <trkpt lat="33.170764" lon="-96.847081" />
      <trkpt lat="33.170765" lon="-96.847036" />
      <trkpt lat="33.170760" lon="-96.846991" />
      <trkpt lat="33.170745" lon="-96.846913" />
      <trkpt lat="33.170732" lon="-96.846853" />
      <trkpt lat="33.170728" lon="-96.846828" />
      <trkpt lat="33.170726" lon="-96.846802" />
      <trkpt lat="33.170724" lon="-96.846759" />
      <trkpt lat="33.170724" lon="-96.846682" />
      <trkpt lat="33.170731" lon="-96.846606" />
      <trkpt lat="33.170745" lon="-96.846532" />
      <trkpt lat="33.170765" lon="-96.846459" />
      <trkpt lat="33.170806" lon="-96.846356" />
      <trkpt lat="33.170842" lon="-96.846290" />
      <trkpt lat="33.170883" lon="-96.846229" />
      <trkpt lat="33.170930" lon="-96.846174" />
      <trkpt lat="33.170956" lon="-96.846146" />
      <trkpt lat="33.170996" lon="-96.846098" />
      <trkpt lat="33.171030" lon="-96.846045" />
      <trkpt lat="33.171059" lon="-96.845987" />
      <trkpt lat="33.171082" lon="-96.845925" />
      <trkpt lat="33.171134" lon="-96.845756" />
      <trkpt lat="33.171150" lon="-96.845711" />
      <trkpt lat="33.171172" lon="-96.845668" />
      <trkpt lat="33.171197" lon="-96.845628" />
      <trkpt lat="33.171226" lon="-96.845593" />
      <trkpt lat="33.171259" lon="-96.845562" />
      <trkpt lat="33.171294" lon="-96.845535" />
      <trkpt lat="33.171331" lon="-96.845508" />
      <trkpt lat="33.171363" lon="-96.845476" />
      <trkpt lat="33.171393" lon="-96.845439" />
      <trkpt lat="33.171417" lon="-96.845398" />
      <trkpt lat="33.171438" lon="-96.845353" />
      <trkpt lat="33.171453" lon="-96.845306" />
      <trkpt lat="33.171466" lon="-96.845264" />
      <trkpt lat="33.171485" lon="-96.845224" />
      <trkpt lat="33.171507" lon="-96.845189" />
      <trkpt lat="33.171534" lon="-96.845157" />
      <trkpt lat="33.171564" lon="-96.845129" />
      <trkpt lat="33.171596" lon="-96.845107" />
      <trkpt lat="33.171623" lon="-96.845090" />
      <trkpt lat="33.171662" lon="-96.845065" />
      <trkpt lat="33.171696" lon="-96.845032" />
      <trkpt lat="33.171726" lon="-96.844994" />
      <trkpt lat="33.171751" lon="-96.844951" />
      <trkpt lat="33.171769" lon="-96.844903" />
      <trkpt lat="33.171781" lon="-96.844852" />
      <trkpt lat="33.171785" lon="-96.844800" />
      <trkpt lat="33.171788" lon="-96.844760" />
      <trkpt lat="33.171795" lon="-96.844721" />
      <trkpt lat="33.171807" lon="-96.844683" />
      <trkpt lat="33.171822" lon="-96.844647" />
      <trkpt lat="33.171853" lon="-96.844574" />
      <trkpt lat="33.171880" lon="-96.844499" />
      <trkpt lat="33.171902" lon="-96.844422" />
      <trkpt lat="33.171918" lon="-96.844343" />
      <trkpt lat="33.171929" lon="-96.844262" />
      <trkpt lat="33.171935" lon="-96.844181" />
      <trkpt lat="33.171936" lon="-96.844099" />
      <trkpt lat="33.171935" lon="-96.844052" />
      <trkpt lat="33.171939" lon="-96.843969" />
      <trkpt lat="33.171951" lon="-96.843887" />
      <trkpt lat="33.171968" lon="-96.843807" />
      <trkpt lat="33.171993" lon="-96.843729" />
      <trkpt lat="33.172023" lon="-96.843655" />
      <trkpt lat="33.172056" lon="-96.843582" />
      <trkpt lat="33.172093" lon="-96.843513" />
      <trkpt lat="33.172135" lon="-96.843448" />
      <trkpt lat="33.172182" lon="-96.843387" />
      <trkpt lat="33.172232" lon="-96.843332" />
      <trkpt lat="33.172287" lon="-96.843281" />
      <trkpt lat="33.172319" lon="-96.843249" />
      <trkpt lat="33.172347" lon="-96.843211" />
      <trkpt lat="33.172363" lon="-96.843181" />
      <trkpt lat="33.172378" lon="-96.843147" />
      <trkpt lat="33.172389" lon="-96.843110" />
      <trkpt lat="33.172397" lon="-96.843073" />
      <trkpt lat="33.172398" lon="-96.843068" />
      <trkpt lat="33.172399" lon="-96.843063" />
      <trkpt lat="33.172401" lon="-96.843009" />
      <trkpt lat="33.172397" lon="-96.842961" />
      <trkpt lat="33.172388" lon="-96.842914" />
      <trkpt lat="33.172372" lon="-96.842869" />
      <trkpt lat="33.172352" lon="-96.842828" />
      <trkpt lat="33.172326" lon="-96.842791" />
      <trkpt lat="33.172296" lon="-96.842758" />
      <trkpt lat="33.172263" lon="-96.842731" />
      <trkpt lat="33.172219" lon="-96.842697" />
      <trkpt lat="33.172179" lon="-96.842657" />
      <trkpt lat="33.172144" lon="-96.842610" />
      <trkpt lat="33.172114" lon="-96.842559" />
      <trkpt lat="33.172090" lon="-96.842504" />
      <trkpt lat="33.172072" lon="-96.842445" />
      <trkpt lat="33.172056" lon="-96.842398" />
      <trkpt lat="33.172035" lon="-96.842353" />
      <trkpt lat="33.172008" lon="-96.842313" />
      <trkpt lat="33.171976" lon="-96.842279" />
      <trkpt lat="33.171939" lon="-96.842251" />
      <trkpt lat="33.171900" lon="-96.842231" />
      <trkpt lat="33.171858" lon="-96.842217" />
      <trkpt lat="33.171816" lon="-96.842212" />
      <trkpt lat="33.171773" lon="-96.842215" />
      <trkpt lat="33.171731" lon="-96.842225" />
      <trkpt lat="33.171690" lon="-96.842243" />
      <trkpt lat="33.171653" lon="-96.842269" />
      <trkpt lat="33.171503" lon="-96.842391" />
      <trkpt lat="33.171492" lon="-96.842400" />
      <trkpt lat="33.171450" lon="-96.842430" />
      <trkpt lat="33.171404" lon="-96.842452" />
      <trkpt lat="33.171357" lon="-96.842467" />
      <trkpt lat="33.171308" lon="-96.842473" />
      <trkpt lat="33.171260" lon="-96.842471" />
      <trkpt lat="33.171211" lon="-96.842462" />
    </trkseg>
  </trk>
  <trk>
    <name>Trail 35</name>
    <trkseg>
      <trkpt lat="33.144043" lon="-96.908111" />
      <trkpt lat="33.144187" lon="-96.907913" />
      <trkpt lat="33.144438" lon="-96.907534" />
      <trkpt lat="33.144498" lon="-96.907438" />
      <trkpt lat="33.144522" lon="-96.907400" />
      <trkpt lat="33.144545" lon="-96.907362" />
      <trkpt lat="33.144568" lon="-96.907323" />
      <trkpt lat="33.144591" lon="-96.907284" />
      <trkpt lat="33.144613" lon="-96.907246" />
      <trkpt lat="33.144636" lon="-96.907207" />
      <trkpt lat="33.144658" lon="-96.907169" />
      <trkpt lat="33.144680" lon="-96.907131" />
      <trkpt lat="33.144702" lon="-96.907092" />
      <trkpt lat="33.144724" lon="-96.907052" />
      <trkpt lat="33.144745" lon="-96.907015" />
      <trkpt lat="33.144760" lon="-96.906987" />
      <trkpt lat="33.144789" lon="-96.906933" />
      <trkpt lat="33.144819" lon="-96.906878" />
      <trkpt lat="33.144847" lon="-96.906823" />
      <trkpt lat="33.144875" lon="-96.906768" />
      <trkpt lat="33.144903" lon="-96.906712" />
      <trkpt lat="33.144931" lon="-96.906657" />
      <trkpt lat="33.144958" lon="-96.906600" />
      <trkpt lat="33.144986" lon="-96.906544" />
      <trkpt lat="33.145013" lon="-96.906489" />
      <trkpt lat="33.145040" lon="-96.906434" />
      <trkpt lat="33.145045" lon="-96.906422" />
      <trkpt lat="33.145066" lon="-96.906378" />
      <trkpt lat="33.145086" lon="-96.906333" />
      <trkpt lat="33.145106" lon="-96.906289" />
      <trkpt lat="33.145114" lon="-96.906272" />
      <trkpt lat="33.145134" lon="-96.906224" />
      <trkpt lat="33.145158" lon="-96.906172" />
      <trkpt lat="33.145179" lon="-96.906122" />
      <trkpt lat="33.145199" lon="-96.906072" />
      <trkpt lat="33.145221" lon="-96.906020" />
      <trkpt lat="33.145227" lon="-96.906005" />
      <trkpt lat="33.145242" lon="-96.905969" />
      <trkpt lat="33.145256" lon="-96.905935" />
      <trkpt lat="33.145271" lon="-96.905898" />
      <trkpt lat="33.145286" lon="-96.905863" />
      <trkpt lat="33.145300" lon="-96.905828" />
      <trkpt lat="33.145314" lon="-96.905792" />
      <trkpt lat="33.145327" lon="-96.905756" />
      <trkpt lat="33.145341" lon="-96.905719" />
      <trkpt lat="33.145353" lon="-96.905688" />
      <trkpt lat="33.145357" lon="-96.905678" />
      <trkpt lat="33.145367" lon="-96.905652" />
      <trkpt lat="33.145377" lon="-96.905623" />
      <trkpt lat="33.145388" lon="-96.905594" />
      <trkpt lat="33.145399" lon="-96.905565" />
      <trkpt lat="33.145409" lon="-96.905534" />
      <trkpt lat="33.145419" lon="-96.905506" />
      <trkpt lat="33.145476" lon="-96.905342" />
      <trkpt lat="33.145494" lon="-96.905286" />
      <trkpt lat="33.145511" lon="-96.905230" />
      <trkpt lat="33.145528" lon="-96.905175" />
      <trkpt lat="33.145546" lon="-96.905119" />
      <trkpt lat="33.145563" lon="-96.905064" />
      <trkpt lat="33.145581" lon="-96.905009" />
      <trkpt lat="33.145589" lon="-96.904982" />
      <trkpt lat="33.145604" lon="-96.904933" />
      <trkpt lat="33.145617" lon="-96.904883" />
      <trkpt lat="33.145631" lon="-96.904834" />
      <trkpt lat="33.145646" lon="-96.904784" />
      <trkpt lat="33.145660" lon="-96.904735" />
      <trkpt lat="33.145673" lon="-96.904683" />
      <trkpt lat="33.145687" lon="-96.904634" />
      <trkpt lat="33.145700" lon="-96.904586" />
      <trkpt lat="33.145713" lon="-96.904535" />
      <trkpt lat="33.145727" lon="-96.904485" />
      <trkpt lat="33.145739" lon="-96.904435" />
      <trkpt lat="33.145752" lon="-96.904385" />
      <trkpt lat="33.145764" lon="-96.904334" />
      <trkpt lat="33.145773" lon="-96.904296" />
      <trkpt lat="33.145781" lon="-96.904264" />
      <trkpt lat="33.145788" lon="-96.904234" />
      <trkpt lat="33.145795" lon="-96.904205" />
      <trkpt lat="33.145801" lon="-96.904175" />
      <trkpt lat="33.145807" lon="-96.904146" />
      <trkpt lat="33.145813" lon="-96.904115" />
      <trkpt lat="33.145819" lon="-96.904084" />
      <trkpt lat="33.145826" lon="-96.904053" />
      <trkpt lat="33.145832" lon="-96.904023" />
      <trkpt lat="33.145838" lon="-96.903993" />
      <trkpt lat="33.145844" lon="-96.903964" />
      <trkpt lat="33.145850" lon="-96.903932" />
      <trkpt lat="33.145857" lon="-96.903901" />
      <trkpt lat="33.145858" lon="-96.903893" />
      <trkpt lat="33.145863" lon="-96.903866" />
      <trkpt lat="33.145869" lon="-96.903840" />
      <trkpt lat="33.145874" lon="-96.903813" />
      <trkpt lat="33.145879" lon="-96.903787" />
      <trkpt lat="33.145884" lon="-96.903760" />
      <trkpt lat="33.145889" lon="-96.903733" />
      <trkpt lat="33.145893" lon="-96.903706" />
      <trkpt lat="33.145897" lon="-96.903679" />
      <trkpt lat="33.145901" lon="-96.903653" />
      <trkpt lat="33.145905" lon="-96.903626" />
      <trkpt lat="33.145907" lon="-96.903613" />
      <trkpt lat="33.145959" lon="-96.903265" />
      <trkpt lat="33.146001" lon="-96.902890" />
      <trkpt lat="33.146032" lon="-96.902522" />
      <trkpt lat="33.146049" lon="-96.902205" />
      <trkpt lat="33.146051" lon="-96.902126" />
      <trkpt lat="33.146052" lon="-96.902099" />
      <trkpt lat="33.146053" lon="-96.902073" />
      <trkpt lat="33.146054" lon="-96.902046" />
      <trkpt lat="33.146055" lon="-96.902020" />
      <trkpt lat="33.146056" lon="-96.901994" />
      <trkpt lat="33.146056" lon="-96.901966" />
      <trkpt lat="33.146056" lon="-96.901941" />
      <trkpt lat="33.146056" lon="-96.901914" />
      <trkpt lat="33.146056" lon="-96.901888" />
      <trkpt lat="33.146056" lon="-96.901864" />
      <trkpt lat="33.146056" lon="-96.901821" />
      <trkpt lat="33.146056" lon="-96.901778" />
      <trkpt lat="33.146056" lon="-96.901736" />
      <trkpt lat="33.146056" lon="-96.901693" />
      <trkpt lat="33.146055" lon="-96.901652" />
      <trkpt lat="33.146054" lon="-96.901609" />
      <trkpt lat="33.146054" lon="-96.901566" />
      <trkpt lat="33.146053" lon="-96.901525" />
      <trkpt lat="33.146052" lon="-96.901484" />
      <trkpt lat="33.146052" lon="-96.901471" />
      <trkpt lat="33.146051" lon="-96.901437" />
      <trkpt lat="33.146049" lon="-96.901404" />
      <trkpt lat="33.146048" lon="-96.901370" />
      <trkpt lat="33.146047" lon="-96.901335" />
      <trkpt lat="33.146045" lon="-96.901301" />
      <trkpt lat="33.146043" lon="-96.901268" />
      <trkpt lat="33.146043" lon="-96.901258" />
      <trkpt lat="33.146042" lon="-96.901208" />
      <trkpt lat="33.146039" lon="-96.901159" />
      <trkpt lat="33.146036" lon="-96.901110" />
      <trkpt lat="33.146033" lon="-96.901061" />
      <trkpt lat="33.146030" lon="-96.901012" />
      <trkpt lat="33.146027" lon="-96.900963" />
      <trkpt lat="33.146023" lon="-96.900913" />
      <trkpt lat="33.146019" lon="-96.900864" />
      <trkpt lat="33.146015" lon="-96.900815" />
      <trkpt lat="33.146011" lon="-96.900766" />
      <trkpt lat="33.146006" lon="-96.900717" />
      <trkpt lat="33.146005" lon="-96.900700" />
      <trkpt lat="33.146000" lon="-96.900651" />
      <trkpt lat="33.145995" lon="-96.900601" />
      <trkpt lat="33.145990" lon="-96.900555" />
      <trkpt lat="33.145985" lon="-96.900518" />
      <trkpt lat="33.145980" lon="-96.900473" />
      <trkpt lat="33.145976" lon="-96.900429" />
      <trkpt lat="33.145970" lon="-96.900384" />
      <trkpt lat="33.145965" lon="-96.900341" />
      <trkpt lat="33.145959" lon="-96.900297" />
      <trkpt lat="33.145953" lon="-96.900253" />
      <trkpt lat="33.145947" lon="-96.900209" />
      <trkpt lat="33.145941" lon="-96.900165" />
      <trkpt lat="33.145934" lon="-96.900121" />
      <trkpt lat="33.145928" lon="-96.900078" />
      <trkpt lat="33.145920" lon="-96.900033" />
      <trkpt lat="33.145914" lon="-96.899989" />
      <trkpt lat="33.145878" lon="-96.899770" />
      <trkpt lat="33.145878" lon="-96.899770" />
      <trkpt lat="33.145873" lon="-96.899741" />
      <trkpt lat="33.145870" lon="-96.899726" />
      <trkpt lat="33.145869" lon="-96.899717" />
      <trkpt lat="33.145859" lon="-96.899664" />
      <trkpt lat="33.145849" lon="-96.899611" />
      <trkpt lat="33.145839" lon="-96.899559" />
      <trkpt lat="33.145827" lon="-96.899507" />
      <trkpt lat="33.145816" lon="-96.899454" />
      <trkpt lat="33.145806" lon="-96.899402" />
      <trkpt lat="33.145795" lon="-96.899352" />
      <trkpt lat="33.145771" lon="-96.899251" />
      <trkpt lat="33.145757" lon="-96.899193" />
      <trkpt lat="33.145755" lon="-96.899180" />
      <trkpt lat="33.145697" lon="-96.898939" />
      <trkpt lat="33.145695" lon="-96.898932" />
      <trkpt lat="33.145680" lon="-96.898874" />
      <trkpt lat="33.145666" lon="-96.898816" />
      <trkpt lat="33.145651" lon="-96.898758" />
      <trkpt lat="33.145636" lon="-96.898700" />
      <trkpt lat="33.145621" lon="-96.898643" />
      <trkpt lat="33.145605" lon="-96.898585" />
      <trkpt lat="33.145589" lon="-96.898527" />
      <trkpt lat="33.145579" lon="-96.898489" />
      <trkpt lat="33.145502" lon="-96.898189" />
      <trkpt lat="33.145390" lon="-96.897769" />
      <trkpt lat="33.145381" lon="-96.897729" />
      <trkpt lat="33.145330" lon="-96.897523" />
      <trkpt lat="33.145267" lon="-96.897285" />
      <trkpt lat="33.145242" lon="-96.897207" />
      <trkpt lat="33.145175" lon="-96.897033" />
      <trkpt lat="33.145163" lon="-96.897005" />
      <trkpt lat="33.145134" lon="-96.896958" />
      <trkpt lat="33.145131" lon="-96.896952" />
      <trkpt lat="33.145129" lon="-96.896947" />
      <trkpt lat="33.145124" lon="-96.896940" />
      <trkpt lat="33.145120" lon="-96.896931" />
      <trkpt lat="33.145116" lon="-96.896923" />
      <trkpt lat="33.145113" lon="-96.896915" />
      <trkpt lat="33.145110" lon="-96.896906" />
      <trkpt lat="33.145109" lon="-96.896898" />
      <trkpt lat="33.145107" lon="-96.896889" />
      <trkpt lat="33.145105" lon="-96.896880" />
      <trkpt lat="33.145103" lon="-96.896873" />
      <trkpt lat="33.145101" lon="-96.896864" />
      <trkpt lat="33.145100" lon="-96.896855" />
      <trkpt lat="33.145098" lon="-96.896846" />
      <trkpt lat="33.145097" lon="-96.896835" />
      <trkpt lat="33.145085" lon="-96.896733" />
      <trkpt lat="33.145085" lon="-96.896729" />
      <trkpt lat="33.145084" lon="-96.896723" />
      <trkpt lat="33.145084" lon="-96.896717" />
      <trkpt lat="33.145083" lon="-96.896711" />
      <trkpt lat="33.145082" lon="-96.896706" />
      <trkpt lat="33.145080" lon="-96.896697" />
      <trkpt lat="33.145077" lon="-96.896685" />
      <trkpt lat="33.145059" lon="-96.896634" />
      <trkpt lat="33.145056" lon="-96.896628" />
      <trkpt lat="33.145053" lon="-96.896621" />
      <trkpt lat="33.145049" lon="-96.896613" />
      <trkpt lat="33.145045" lon="-96.896605" />
      <trkpt lat="33.145041" lon="-96.896597" />
      <trkpt lat="33.145036" lon="-96.896590" />
      <trkpt lat="33.145032" lon="-96.896583" />
      <trkpt lat="33.145027" lon="-96.896576" />
      <trkpt lat="33.145022" lon="-96.896570" />
      <trkpt lat="33.145019" lon="-96.896565" />
      <trkpt lat="33.145029" lon="-96.896542" />
      <trkpt lat="33.145029" lon="-96.896541" />
      <trkpt lat="33.145038" lon="-96.896519" />
    </trkseg>
  </trk>
  <trk>
    <name>Cottonwood Creek Hike &amp; Bike Trail</name>
    <trkseg>
      <trkpt lat="33.161981" lon="-96.833431" />
      <trkpt lat="33.161966" lon="-96.832561" />
      <trkpt lat="33.161926" lon="-96.831650" />
      <trkpt lat="33.161928" lon="-96.831552" />
      <trkpt lat="33.161934" lon="-96.831455" />
      <trkpt lat="33.161947" lon="-96.831359" />
      <trkpt lat="33.161964" lon="-96.831264" />
      <trkpt lat="33.161987" lon="-96.831170" />
      <trkpt lat="33.162138" lon="-96.830640" />
      <trkpt lat="33.162165" lon="-96.830530" />
      <trkpt lat="33.162184" lon="-96.830417" />
      <trkpt lat="33.162197" lon="-96.830304" />
      <trkpt lat="33.162203" lon="-96.830190" />
      <trkpt lat="33.162203" lon="-96.830075" />
      <trkpt lat="33.162195" lon="-96.829961" />
      <trkpt lat="33.162181" lon="-96.829848" />
      <trkpt lat="33.162160" lon="-96.829736" />
      <trkpt lat="33.162132" lon="-96.829626" />
      <trkpt lat="33.162098" lon="-96.829519" />
      <trkpt lat="33.162058" lon="-96.829415" />
      <trkpt lat="33.162011" lon="-96.829315" />
      <trkpt lat="33.161959" lon="-96.829218" />
      <trkpt lat="33.160646" lon="-96.826873" />
      <trkpt lat="33.160617" lon="-96.826758" />
      <trkpt lat="33.160594" lon="-96.826640" />
      <trkpt lat="33.160578" lon="-96.826521" />
      <trkpt lat="33.160430" lon="-96.823469" />
      <trkpt lat="33.160395" lon="-96.821746" />
    </trkseg>
  </trk>
  <trk>
    <name>Trail 37</name>
    <trkseg>
      <trkpt lat="33.189852" lon="-96.868573" />
      <trkpt lat="33.190504" lon="-96.868558" />
      <trkpt lat="33.191117" lon="-96.868568" />
      <trkpt lat="33.191851" lon="-96.868563" />
      <trkpt lat="33.192077" lon="-96.868562" />
      <trkpt lat="33.193001" lon="-96.868554" />
      <trkpt lat="33.193267" lon="-96.868553" />
      <trkpt lat="33.193471" lon="-96.868552" />
      <trkpt lat="33.193742" lon="-96.868550" />
      <trkpt lat="33.194037" lon="-96.868552" />
      <trkpt lat="33.194321" lon="-96.868548" />
      <trkpt lat="33.194571" lon="-96.868547" />
      <trkpt lat="33.194837" lon="-96.868547" />
      <trkpt lat="33.195908" lon="-96.868545" />
      <trkpt lat="33.196992" lon="-96.868544" />
      <trkpt lat="33.198037" lon="-96.868541" />
      <trkpt lat="33.198502" lon="-96.868541" />
      <trkpt lat="33.199669" lon="-96.868535" />
    </trkseg>
  </trk>
  <trk>
    <name>Trail 38</name>
    <trkseg>
      <trkpt lat="33.120554" lon="-96.830426" />
      <trkpt lat="33.120489" lon="-96.830450" />
      <trkpt lat="33.120420" lon="-96.830481" />
      <trkpt lat="33.120391" lon="-96.830498" />
      <trkpt lat="33.120360" lon="-96.830521" />
      <trkpt lat="33.120347" lon="-96.830535" />
      <trkpt lat="33.120339" lon="-96.830547" />
      <trkpt lat="33.120329" lon="-96.830565" />
      <trkpt lat="33.120324" lon="-96.830582" />
      <trkpt lat="33.120320" lon="-96.830608" />
      <trkpt lat="33.120315" lon="-96.830650" />
      <trkpt lat="33.120313" lon="-96.830686" />
      <trkpt lat="33.120313" lon="-96.830704" />
      <trkpt lat="33.120314" lon="-96.830715" />
      <trkpt lat="33.120315" lon="-96.830726" />
      <trkpt lat="33.120317" lon="-96.830736" />
      <trkpt lat="33.120320" lon="-96.830744" />
      <trkpt lat="33.120325" lon="-96.830751" />
      <trkpt lat="33.120328" lon="-96.830758" />
      <trkpt lat="33.120334" lon="-96.830766" />
      <trkpt lat="33.120340" lon="-96.830772" />
      <trkpt lat="33.120353" lon="-96.830792" />
      <trkpt lat="33.120363" lon="-96.830806" />
      <trkpt lat="33.120368" lon="-96.830814" />
      <trkpt lat="33.120374" lon="-96.830831" />
      <trkpt lat="33.120379" lon="-96.830846" />
      <trkpt lat="33.120380" lon="-96.830860" />
      <trkpt lat="33.120380" lon="-96.830870" />
      <trkpt lat="33.120380" lon="-96.830879" />
      <trkpt lat="33.120379" lon="-96.830890" />
      <trkpt lat="33.120376" lon="-96.830902" />
      <trkpt lat="33.120372" lon="-96.830913" />
      <trkpt lat="33.120367" lon="-96.830925" />
      <trkpt lat="33.120361" lon="-96.830935" />
      <trkpt lat="33.120355" lon="-96.830945" />
      <trkpt lat="33.120346" lon="-96.830956" />
      <trkpt lat="33.120338" lon="-96.830964" />
      <trkpt lat="33.120332" lon="-96.830972" />
      <trkpt lat="33.120330" lon="-96.830978" />
      <trkpt lat="33.120331" lon="-96.830987" />
      <trkpt lat="33.120336" lon="-96.830996" />
      <trkpt lat="33.120340" lon="-96.831003" />
      <trkpt lat="33.120358" lon="-96.831015" />
      <trkpt lat="33.120544" lon="-96.831140" />
      <trkpt lat="33.120551" lon="-96.831142" />
      <trkpt lat="33.120555" lon="-96.831139" />
      <trkpt lat="33.120588" lon="-96.831096" />
      <trkpt lat="33.120632" lon="-96.831041" />
      <trkpt lat="33.120641" lon="-96.831030" />
      <trkpt lat="33.120653" lon="-96.831021" />
      <trkpt lat="33.120667" lon="-96.831020" />
      <trkpt lat="33.120677" lon="-96.831023" />
      <trkpt lat="33.120688" lon="-96.831028" />
      <trkpt lat="33.120698" lon="-96.831037" />
      <trkpt lat="33.120710" lon="-96.831053" />
      <trkpt lat="33.120724" lon="-96.831072" />
      <trkpt lat="33.120734" lon="-96.831092" />
      <trkpt lat="33.120740" lon="-96.831109" />
      <trkpt lat="33.120750" lon="-96.831146" />
      <trkpt lat="33.120757" lon="-96.831164" />
      <trkpt lat="33.120770" lon="-96.831183" />
      <trkpt lat="33.120795" lon="-96.831217" />
      <trkpt lat="33.120843" lon="-96.831270" />
      <trkpt lat="33.120876" lon="-96.831299" />
      <trkpt lat="33.120916" lon="-96.831324" />
      <trkpt lat="33.120944" lon="-96.831335" />
      <trkpt lat="33.120960" lon="-96.831340" />
      <trkpt lat="33.120990" lon="-96.831346" />
      <trkpt lat="33.121013" lon="-96.831354" />
      <trkpt lat="33.121025" lon="-96.831359" />
      <trkpt lat="33.121040" lon="-96.831368" />
      <trkpt lat="33.121050" lon="-96.831378" />
      <trkpt lat="33.121066" lon="-96.831401" />
      <trkpt lat="33.121076" lon="-96.831422" />
      <trkpt lat="33.121095" lon="-96.831474" />
      <trkpt lat="33.121102" lon="-96.831505" />
      <trkpt lat="33.121106" lon="-96.831530" />
      <trkpt lat="33.121107" lon="-96.831564" />
      <trkpt lat="33.121106" lon="-96.831591" />
      <trkpt lat="33.121103" lon="-96.831616" />
      <trkpt lat="33.121093" lon="-96.831649" />
      <trkpt lat="33.121083" lon="-96.831674" />
      <trkpt lat="33.121079" lon="-96.831684" />
      <trkpt lat="33.121075" lon="-96.831693" />
      <trkpt lat="33.121017" lon="-96.831783" />
      <trkpt lat="33.121008" lon="-96.831810" />
      <trkpt lat="33.121005" lon="-96.831825" />
      <trkpt lat="33.121003" lon="-96.831846" />
      <trkpt lat="33.121007" lon="-96.831872" />
      <trkpt lat="33.121012" lon="-96.831900" />
      <trkpt lat="33.121020" lon="-96.831930" />
      <trkpt lat="33.121040" lon="-96.831977" />
      <trkpt lat="33.121074" lon="-96.832024" />
      <trkpt lat="33.121116" lon="-96.832074" />
      <trkpt lat="33.121167" lon="-96.832125" />
      <trkpt lat="33.121219" lon="-96.832169" />
      <trkpt lat="33.121309" lon="-96.832227" />
      <trkpt lat="33.121381" lon="-96.832272" />
      <trkpt lat="33.121450" lon="-96.832316" />
      <trkpt lat="33.121478" lon="-96.832331" />
      <trkpt lat="33.121532" lon="-96.832366" />
      <trkpt lat="33.121585" lon="-96.832404" />
      <trkpt lat="33.121617" lon="-96.832433" />
      <trkpt lat="33.121643" lon="-96.832457" />
      <trkpt lat="33.121670" lon="-96.832487" />
      <trkpt lat="33.121720" lon="-96.832555" />
      <trkpt lat="33.121761" lon="-96.832619" />
      <trkpt lat="33.121789" lon="-96.832656" />
      <trkpt lat="33.121804" lon="-96.832669" />
      <trkpt lat="33.121823" lon="-96.832679" />
      <trkpt lat="33.121844" lon="-96.832685" />
      <trkpt lat="33.121869" lon="-96.832687" />
      <trkpt lat="33.121915" lon="-96.832693" />
      <trkpt lat="33.121943" lon="-96.832696" />
      <trkpt lat="33.121958" lon="-96.832699" />
      <trkpt lat="33.121978" lon="-96.832707" />
      <trkpt lat="33.121993" lon="-96.832719" />
      <trkpt lat="33.122012" lon="-96.832735" />
      <trkpt lat="33.122037" lon="-96.832762" />
      <trkpt lat="33.122066" lon="-96.832795" />
      <trkpt lat="33.122091" lon="-96.832816" />
      <trkpt lat="33.122168" lon="-96.832868" />
      <trkpt lat="33.122269" lon="-96.832914" />
      <trkpt lat="33.122335" lon="-96.832947" />
      <trkpt lat="33.122415" lon="-96.832994" />
      <trkpt lat="33.122464" lon="-96.833024" />
      <trkpt lat="33.122555" lon="-96.833071" />
      <trkpt lat="33.122584" lon="-96.833088" />
      <trkpt lat="33.122606" lon="-96.833106" />
      <trkpt lat="33.122620" lon="-96.833123" />
      <trkpt lat="33.122638" lon="-96.833161" />
      <trkpt lat="33.122654" lon="-96.833214" />
      <trkpt lat="33.122672" lon="-96.833309" />
      <trkpt lat="33.122682" lon="-96.833368" />
      <trkpt lat="33.122690" lon="-96.833428" />
      <trkpt lat="33.122690" lon="-96.833462" />
      <trkpt lat="33.122689" lon="-96.833498" />
      <trkpt lat="33.122683" lon="-96.833539" />
      <trkpt lat="33.122681" lon="-96.833564" />
      <trkpt lat="33.122684" lon="-96.833585" />
      <trkpt lat="33.122688" lon="-96.833603" />
      <trkpt lat="33.122698" lon="-96.833625" />
      <trkpt lat="33.122709" lon="-96.833642" />
      <trkpt lat="33.122726" lon="-96.833660" />
      <trkpt lat="33.122747" lon="-96.833674" />
      <trkpt lat="33.122769" lon="-96.833686" />
      <trkpt lat="33.122822" lon="-96.833703" />
      <trkpt lat="33.122886" lon="-96.833724" />
      <trkpt lat="33.122950" lon="-96.833744" />
      <trkpt lat="33.123000" lon="-96.833770" />
      <trkpt lat="33.123091" lon="-96.833825" />
      <trkpt lat="33.123158" lon="-96.833860" />
      <trkpt lat="33.123201" lon="-96.833884" />
      <trkpt lat="33.123215" lon="-96.833891" />
      <trkpt lat="33.123237" lon="-96.833915" />
      <trkpt lat="33.123269" lon="-96.833951" />
      <trkpt lat="33.123307" lon="-96.834008" />
      <trkpt lat="33.123345" lon="-96.834063" />
      <trkpt lat="33.123369" lon="-96.834088" />
      <trkpt lat="33.123381" lon="-96.834113" />
      <trkpt lat="33.123394" lon="-96.834139" />
      <trkpt lat="33.123407" lon="-96.834162" />
      <trkpt lat="33.123419" lon="-96.834183" />
      <trkpt lat="33.123439" lon="-96.834209" />
      <trkpt lat="33.123470" lon="-96.834245" />
      <trkpt lat="33.123532" lon="-96.834322" />
      <trkpt lat="33.123588" lon="-96.834390" />
      <trkpt lat="33.123694" lon="-96.834538" />
      <trkpt lat="33.123768" lon="-96.834642" />
      <trkpt lat="33.123801" lon="-96.834689" />
      <trkpt lat="33.123814" lon="-96.834711" />
      <trkpt lat="33.123820" lon="-96.834726" />
      <trkpt lat="33.123822" lon="-96.834739" />
      <trkpt lat="33.123823" lon="-96.834758" />
      <trkpt lat="33.123823" lon="-96.834773" />
      <trkpt lat="33.123820" lon="-96.834787" />
      <trkpt lat="33.123817" lon="-96.834797" />
      <trkpt lat="33.123811" lon="-96.834812" />
      <trkpt lat="33.123804" lon="-96.834828" />
      <trkpt lat="33.123798" lon="-96.834847" />
      <trkpt lat="33.123795" lon="-96.834864" />
      <trkpt lat="33.123793" lon="-96.834923" />
      <trkpt lat="33.123793" lon="-96.835005" />
      <trkpt lat="33.123796" lon="-96.835042" />
      <trkpt lat="33.123803" lon="-96.835081" />
      <trkpt lat="33.123810" lon="-96.835106" />
      <trkpt lat="33.123818" lon="-96.835138" />
      <trkpt lat="33.123827" lon="-96.835167" />
      <trkpt lat="33.123841" lon="-96.835197" />
      <trkpt lat="33.123858" lon="-96.835229" />
      <trkpt lat="33.123884" lon="-96.835269" />
      <trkpt lat="33.123912" lon="-96.835307" />
      <trkpt lat="33.123934" lon="-96.835336" />
      <trkpt lat="33.123959" lon="-96.835365" />
      <trkpt lat="33.123981" lon="-96.835384" />
      <trkpt lat="33.123995" lon="-96.835394" />
      <trkpt lat="33.124008" lon="-96.835400" />
      <trkpt lat="33.124022" lon="-96.835403" />
      <trkpt lat="33.124044" lon="-96.835407" />
      <trkpt lat="33.124061" lon="-96.835408" />
      <trkpt lat="33.124081" lon="-96.835411" />
      <trkpt lat="33.124089" lon="-96.835413" />
      <trkpt lat="33.124100" lon="-96.835418" />
      <trkpt lat="33.124112" lon="-96.835428" />
      <trkpt lat="33.124124" lon="-96.835443" />
      <trkpt lat="33.124132" lon="-96.835460" />
      <trkpt lat="33.124152" lon="-96.835511" />
      <trkpt lat="33.124167" lon="-96.835554" />
      <trkpt lat="33.124185" lon="-96.835600" />
      <trkpt lat="33.124198" lon="-96.835629" />
      <trkpt lat="33.124206" lon="-96.835648" />
      <trkpt lat="33.124230" lon="-96.835697" />
      <trkpt lat="33.124255" lon="-96.835734" />
      <trkpt lat="33.124288" lon="-96.835776" />
      <trkpt lat="33.124315" lon="-96.835802" />
      <trkpt lat="33.124346" lon="-96.835835" />
      <trkpt lat="33.124370" lon="-96.835858" />
      <trkpt lat="33.124389" lon="-96.835871" />
      <trkpt lat="33.124411" lon="-96.835885" />
      <trkpt lat="33.124439" lon="-96.835896" />
      <trkpt lat="33.124461" lon="-96.835908" />
      <trkpt lat="33.124480" lon="-96.835919" />
      <trkpt lat="33.124491" lon="-96.835931" />
      <trkpt lat="33.124506" lon="-96.835946" />
      <trkpt lat="33.124520" lon="-96.835963" />
      <trkpt lat="33.124533" lon="-96.835984" />
      <trkpt lat="33.124543" lon="-96.836008" />
      <trkpt lat="33.124553" lon="-96.836036" />
      <trkpt lat="33.124567" lon="-96.836062" />
      <trkpt lat="33.124580" lon="-96.836083" />
      <trkpt lat="33.124592" lon="-96.836099" />
      <trkpt lat="33.124609" lon="-96.836109" />
      <trkpt lat="33.124631" lon="-96.836118" />
      <trkpt lat="33.124692" lon="-96.836131" />
      <trkpt lat="33.124744" lon="-96.836146" />
      <trkpt lat="33.124784" lon="-96.836160" />
      <trkpt lat="33.124816" lon="-96.836173" />
      <trkpt lat="33.124852" lon="-96.836185" />
      <trkpt lat="33.124876" lon="-96.836195" />
      <trkpt lat="33.124886" lon="-96.836202" />
      <trkpt lat="33.124897" lon="-96.836218" />
      <trkpt lat="33.124909" lon="-96.836234" />
      <trkpt lat="33.124921" lon="-96.836245" />
      <trkpt lat="33.124935" lon="-96.836253" />
      <trkpt lat="33.124958" lon="-96.836266" />
      <trkpt lat="33.124978" lon="-96.836279" />
      <trkpt lat="33.124996" lon="-96.836293" />
      <trkpt lat="33.125016" lon="-96.836313" />
      <trkpt lat="33.125039" lon="-96.836325" />
      <trkpt lat="33.125073" lon="-96.836349" />
      <trkpt lat="33.125126" lon="-96.836389" />
      <trkpt lat="33.125163" lon="-96.836411" />
      <trkpt lat="33.125205" lon="-96.836433" />
      <trkpt lat="33.125252" lon="-96.836455" />
      <trkpt lat="33.125316" lon="-96.836485" />
      <trkpt lat="33.125341" lon="-96.836501" />
      <trkpt lat="33.125358" lon="-96.836511" />
      <trkpt lat="33.125375" lon="-96.836522" />
      <trkpt lat="33.125402" lon="-96.836548" />
      <trkpt lat="33.125421" lon="-96.836568" />
      <trkpt lat="33.125445" lon="-96.836586" />
      <trkpt lat="33.125471" lon="-96.836602" />
      <trkpt lat="33.125500" lon="-96.836617" />
      <trkpt lat="33.125533" lon="-96.836631" />
      <trkpt lat="33.125573" lon="-96.836649" />
      <trkpt lat="33.125627" lon="-96.836675" />
      <trkpt lat="33.125652" lon="-96.836688" />
      <trkpt lat="33.125675" lon="-96.836701" />
      <trkpt lat="33.125700" lon="-96.836713" />
      <trkpt lat="33.125723" lon="-96.836718" />
      <trkpt lat="33.125754" lon="-96.836730" />
      <trkpt lat="33.125778" lon="-96.836742" />
      <trkpt lat="33.125790" lon="-96.836752" />
      <trkpt lat="33.125802" lon="-96.836764" />
      <trkpt lat="33.125809" lon="-96.836778" />
      <trkpt lat="33.125819" lon="-96.836798" />
      <trkpt lat="33.125826" lon="-96.836823" />
      <trkpt lat="33.125831" lon="-96.836850" />
      <trkpt lat="33.125838" lon="-96.836886" />
      <trkpt lat="33.125848" lon="-96.836926" />
      <trkpt lat="33.125854" lon="-96.836953" />
      <trkpt lat="33.125861" lon="-96.836973" />
      <trkpt lat="33.125871" lon="-96.836991" />
      <trkpt lat="33.125882" lon="-96.837007" />
      <trkpt lat="33.125896" lon="-96.837028" />
      <trkpt lat="33.125910" lon="-96.837040" />
      <trkpt lat="33.125932" lon="-96.837054" />
      <trkpt lat="33.125950" lon="-96.837065" />
      <trkpt lat="33.125966" lon="-96.837078" />
      <trkpt lat="33.125980" lon="-96.837092" />
      <trkpt lat="33.125995" lon="-96.837113" />
      <trkpt lat="33.126017" lon="-96.837156" />
      <trkpt lat="33.126041" lon="-96.837194" />
      <trkpt lat="33.126065" lon="-96.837242" />
      <trkpt lat="33.126077" lon="-96.837264" />
      <trkpt lat="33.126090" lon="-96.837290" />
      <trkpt lat="33.126097" lon="-96.837306" />
      <trkpt lat="33.126100" lon="-96.837321" />
      <trkpt lat="33.126104" lon="-96.837344" />
      <trkpt lat="33.126105" lon="-96.837368" />
      <trkpt lat="33.126102" lon="-96.837401" />
      <trkpt lat="33.126103" lon="-96.837428" />
      <trkpt lat="33.126109" lon="-96.837447" />
      <trkpt lat="33.126118" lon="-96.837459" />
      <trkpt lat="33.126135" lon="-96.837469" />
      <trkpt lat="33.126154" lon="-96.837476" />
      <trkpt lat="33.126164" lon="-96.837478" />
    </trkseg>
  </trk>
  <trk>
    <name>Trail 39</name>
    <trkseg>
      <trkpt lat="33.163622" lon="-96.826219" />
      <trkpt lat="33.163560" lon="-96.826191" />
      <trkpt lat="33.163497" lon="-96.826167" />
      <trkpt lat="33.163432" lon="-96.826150" />
      <trkpt lat="33.163404" lon="-96.826144" />
      <trkpt lat="33.163374" lon="-96.826144" />
      <trkpt lat="33.163346" lon="-96.826150" />
      <trkpt lat="33.162921" lon="-96.826258" />
      <trkpt lat="33.162474" lon="-96.826372" />
      <trkpt lat="33.161954" lon="-96.826513" />
      <trkpt lat="33.161421" lon="-96.826649" />
      <trkpt lat="33.161382" lon="-96.826658" />
      <trkpt lat="33.161353" lon="-96.826664" />
      <trkpt lat="33.161332" lon="-96.826673" />
      <trkpt lat="33.161308" lon="-96.826681" />
      <trkpt lat="33.161294" lon="-96.826692" />
      <trkpt lat="33.161281" lon="-96.826705" />
      <trkpt lat="33.161270" lon="-96.826720" />
      <trkpt lat="33.161262" lon="-96.826738" />
      <trkpt lat="33.161256" lon="-96.826757" />
      <trkpt lat="33.161253" lon="-96.826777" />
      <trkpt lat="33.161254" lon="-96.826797" />
      <trkpt lat="33.161257" lon="-96.826817" />
      <trkpt lat="33.161263" lon="-96.826835" />
      <trkpt lat="33.161288" lon="-96.826886" />
      <trkpt lat="33.161404" lon="-96.827093" />
      <trkpt lat="33.161568" lon="-96.827381" />
      <trkpt lat="33.161833" lon="-96.827848" />
      <trkpt lat="33.162080" lon="-96.828279" />
      <trkpt lat="33.162291" lon="-96.828652" />
      <trkpt lat="33.162514" lon="-96.829047" />
      <trkpt lat="33.162743" lon="-96.829447" />
      <trkpt lat="33.162812" lon="-96.829569" />
      <trkpt lat="33.162882" lon="-96.829694" />
      <trkpt lat="33.162981" lon="-96.829867" />
      <trkpt lat="33.163050" lon="-96.829987" />
      <trkpt lat="33.163110" lon="-96.830099" />
      <trkpt lat="33.163157" lon="-96.830194" />
      <trkpt lat="33.163200" lon="-96.830291" />
      <trkpt lat="33.163266" lon="-96.830460" />
      <trkpt lat="33.163304" lon="-96.830568" />
      <trkpt lat="33.163342" lon="-96.830690" />
      <trkpt lat="33.163374" lon="-96.830807" />
      <trkpt lat="33.163412" lon="-96.830976" />
      <trkpt lat="33.163436" lon="-96.831099" />
      <trkpt lat="33.163452" lon="-96.831210" />
      <trkpt lat="33.163470" lon="-96.831352" />
      <trkpt lat="33.163496" lon="-96.831570" />
      <trkpt lat="33.163547" lon="-96.831966" />
      <trkpt lat="33.163589" lon="-96.832312" />
      <trkpt lat="33.163635" lon="-96.832695" />
      <trkpt lat="33.163663" lon="-96.832928" />
      <trkpt lat="33.163669" lon="-96.832971" />
      <trkpt lat="33.163672" lon="-96.832998" />
      <trkpt lat="33.163675" lon="-96.833030" />
      <trkpt lat="33.163676" lon="-96.833060" />
      <trkpt lat="33.163676" lon="-96.833088" />
      <trkpt lat="33.163678" lon="-96.833115" />
      <trkpt lat="33.163680" lon="-96.833152" />
      <trkpt lat="33.163686" lon="-96.833202" />
      <trkpt lat="33.163693" lon="-96.833267" />
      <trkpt lat="33.163699" lon="-96.833328" />
      <trkpt lat="33.163663" lon="-96.833366" />
      <trkpt lat="33.163678" lon="-96.833390" />
    </trkseg>
  </trk>
  <trk>
    <name>Trail 40</name>
    <trkseg>
      <trkpt lat="33.127524" lon="-96.890834" />
      <trkpt lat="33.127525" lon="-96.890798" />
      <trkpt lat="33.127525" lon="-96.890777" />
      <trkpt lat="33.127526" lon="-96.890735" />
      <trkpt lat="33.127527" lon="-96.890712" />
      <trkpt lat="33.127527" lon="-96.890680" />
      <trkpt lat="33.127527" lon="-96.890644" />
      <trkpt lat="33.127524" lon="-96.890609" />
      <trkpt lat="33.127520" lon="-96.890580" />
      <trkpt lat="33.127515" lon="-96.890544" />
      <trkpt lat="33.127512" lon="-96.890514" />
      <trkpt lat="33.127511" lon="-96.890496" />
      <trkpt lat="33.127507" lon="-96.890343" />
      <trkpt lat="33.127505" lon="-96.890313" />
      <trkpt lat="33.127502" lon="-96.890287" />
      <trkpt lat="33.127499" lon="-96.890265" />
      <trkpt lat="33.127494" lon="-96.890235" />
      <trkpt lat="33.127477" lon="-96.890145" />
      <trkpt lat="33.127471" lon="-96.890116" />
      <trkpt lat="33.127469" lon="-96.890096" />
      <trkpt lat="33.127467" lon="-96.890078" />
      <trkpt lat="33.127464" lon="-96.890051" />
      <trkpt lat="33.127465" lon="-96.890025" />
      <trkpt lat="33.127466" lon="-96.889987" />
      <trkpt lat="33.127468" lon="-96.889961" />
      <trkpt lat="33.127468" lon="-96.889935" />
      <trkpt lat="33.127469" lon="-96.889913" />
      <trkpt lat="33.127468" lon="-96.889891" />
      <trkpt lat="33.127465" lon="-96.889872" />
      <trkpt lat="33.127462" lon="-96.889842" />
      <trkpt lat="33.127375" lon="-96.889329" />
      <trkpt lat="33.127346" lon="-96.889189" />
      <trkpt lat="33.127326" lon="-96.889104" />
      <trkpt lat="33.127309" lon="-96.889032" />
      <trkpt lat="33.127285" lon="-96.888926" />
      <trkpt lat="33.127268" lon="-96.888860" />
      <trkpt lat="33.127246" lon="-96.888785" />
      <trkpt lat="33.127173" lon="-96.888571" />
      <trkpt lat="33.127133" lon="-96.888456" />
      <trkpt lat="33.127095" lon="-96.888356" />
      <trkpt lat="33.127056" lon="-96.888259" />
      <trkpt lat="33.127009" lon="-96.888150" />
      <trkpt lat="33.126947" lon="-96.888013" />
      <trkpt lat="33.126893" lon="-96.887896" />
      <trkpt lat="33.126834" lon="-96.887784" />
      <trkpt lat="33.126777" lon="-96.887676" />
      <trkpt lat="33.126718" lon="-96.887572" />
      <trkpt lat="33.126661" lon="-96.887476" />
      <trkpt lat="33.126590" lon="-96.887365" />
      <trkpt lat="33.126535" lon="-96.887279" />
      <trkpt lat="33.126476" lon="-96.887192" />
      <trkpt lat="33.126421" lon="-96.887114" />
      <trkpt lat="33.126333" lon="-96.887000" />
      <trkpt lat="33.126253" lon="-96.886903" />
      <trkpt lat="33.126184" lon="-96.886820" />
      <trkpt lat="33.126102" lon="-96.886731" />
      <trkpt lat="33.125989" lon="-96.886609" />
      <trkpt lat="33.125887" lon="-96.886511" />
      <trkpt lat="33.125792" lon="-96.886422" />
      <trkpt lat="33.125673" lon="-96.886315" />
      <trkpt lat="33.125576" lon="-96.886237" />
      <trkpt lat="33.125491" lon="-96.886171" />
      <trkpt lat="33.125411" lon="-96.886113" />
      <trkpt lat="33.125312" lon="-96.886046" />
      <trkpt lat="33.125178" lon="-96.885953" />
      <trkpt lat="33.125079" lon="-96.885888" />
      <trkpt lat="33.124967" lon="-96.885810" />
      <trkpt lat="33.124725" lon="-96.885645" />
      <trkpt lat="33.124606" lon="-96.885565" />
      <trkpt lat="33.124333" lon="-96.885376" />
      <trkpt lat="33.124223" lon="-96.885301" />
      <trkpt lat="33.124076" lon="-96.885204" />
      <trkpt lat="33.123930" lon="-96.885103" />
      <trkpt lat="33.123826" lon="-96.885030" />
      <trkpt lat="33.123657" lon="-96.884911" />
      <trkpt lat="33.123625" lon="-96.884890" />
      <trkpt lat="33.123610" lon="-96.884876" />
      <trkpt lat="33.123583" lon="-96.884849" />
      <trkpt lat="33.123559" lon="-96.884830" />
      <trkpt lat="33.123523" lon="-96.884811" />
      <trkpt lat="33.123486" lon="-96.884792" />
      <trkpt lat="33.123456" lon="-96.884773" />
      <trkpt lat="33.123418" lon="-96.884751" />
      <trkpt lat="33.123113" lon="-96.884541" />
      <trkpt lat="33.123008" lon="-96.884461" />
      <trkpt lat="33.122963" lon="-96.884429" />
      <trkpt lat="33.122945" lon="-96.884414" />
      <trkpt lat="33.122928" lon="-96.884397" />
      <trkpt lat="33.122898" lon="-96.884375" />
      <trkpt lat="33.122859" lon="-96.884345" />
      <trkpt lat="33.122800" lon="-96.884295" />
      <trkpt lat="33.122729" lon="-96.884230" />
      <trkpt lat="33.122612" lon="-96.884122" />
      <trkpt lat="33.122518" lon="-96.884026" />
      <trkpt lat="33.122461" lon="-96.883962" />
      <trkpt lat="33.122409" lon="-96.883907" />
      <trkpt lat="33.122389" lon="-96.883880" />
      <trkpt lat="33.122377" lon="-96.883861" />
      <trkpt lat="33.122366" lon="-96.883842" />
      <trkpt lat="33.122357" lon="-96.883823" />
      <trkpt lat="33.122349" lon="-96.883803" />
      <trkpt lat="33.122341" lon="-96.883780" />
      <trkpt lat="33.122336" lon="-96.883758" />
      <trkpt lat="33.122331" lon="-96.883735" />
      <trkpt lat="33.122327" lon="-96.883711" />
      <trkpt lat="33.122324" lon="-96.883693" />
      <trkpt lat="33.122325" lon="-96.883650" />
    </trkseg>
  </trk>
</gpx>